Region label,Train label,Region name,Hemi,Centroid X,Centroid Y,Centroid Z,Centroid R,Centroid A,Centroid S,Other info,Surface label,Voxels Count,Volume
1,,lh__bankssts__1,Left,146,90,76,-56,-36,4,bankssts,15040010,152,152.0
2,,lh__bankssts__2,Left,149,81,82,-59,-45,10,bankssts,7487760,151,151.0
3,,lh__bankssts__3,Left,143,78,87,-53,-48,15,bankssts,14327164,112,112.0
4,,lh__bankssts__4,Left,151,81,75,-61,-45,3,bankssts,10416606,237,237.0
5,,lh__bankssts__5,Left,149,70,83,-59,-56,11,bankssts,654194,85,85.0
6,,lh__bankssts__6,Left,146,68,85,-56,-58,13,bankssts,15401290,126,126.0
7,,lh__bankssts__7,Left,149,73,80,-59,-53,8,bankssts,10876713,162,162.0
8,,lh__bankssts__8,Left,142,77,90,-52,-49,18,bankssts,6623604,65,65.0
9,,lh__bankssts__9,Left,152,89,79,-62,-37,7,bankssts,3640560,144,144.0
10,,lh__bankssts__10,Left,148,72,81,-58,-54,9,bankssts,8088665,79,79.0
11,,lh__bankssts__11,Left,150,84,73,-60,-42,1,bankssts,13181503,205,205.0
12,,lh__bankssts__12,Left,147,86,71,-57,-40,-1,bankssts,11718501,153,153.0
13,,lh__bankssts__13,Left,137,89,74,-47,-37,2,bankssts,5126068,79,79.0
14,,lh__bankssts__14,Left,150,79,84,-60,-47,12,bankssts,15994566,136,136.0
15,,lh__bankssts__15,Left,139,87,70,-49,-39,-2,bankssts,9338778,91,91.0
16,,lh__bankssts__16,Left,149,76,78,-59,-50,6,bankssts,2053981,167,167.0
17,,lh__bankssts__17,Left,149,95,76,-59,-31,4,bankssts,9263775,111,111.0
18,,lh__bankssts__18,Left,137,75,88,-47,-51,16,bankssts,3809346,81,81.0
19,,lh__bankssts__19,Left,144,92,75,-54,-34,3,bankssts,1252389,120,120.0
20,,lh__bankssts__20,Left,149,78,76,-59,-48,4,bankssts,9915998,231,231.0
21,,lh__bankssts__21,Left,151,93,77,-61,-33,5,bankssts,16342936,105,105.0
22,,lh__bankssts__22,Left,148,75,89,-58,-51,17,bankssts,4955532,88,88.0
23,,lh__bankssts__23,Left,138,78,81,-48,-48,9,bankssts,1084121,77,77.0
24,,lh__bankssts__24,Left,139,76,85,-49,-50,13,bankssts,7852307,88,88.0
25,,lh__bankssts__25,Left,152,83,82,-62,-43,10,bankssts,9197896,140,140.0
26,,lh__bankssts__26,Left,138,90,71,-48,-36,-1,bankssts,8957842,68,68.0
27,,lh__bankssts__27,Left,146,70,84,-56,-56,12,bankssts,2235852,136,136.0
28,,lh__bankssts__28,Left,141,84,72,-51,-42,0,bankssts,6421461,165,165.0
29,,lh__bankssts__29,Left,140,81,81,-50,-45,9,bankssts,8793561,88,88.0
30,,lh__bankssts__30,Left,139,77,87,-49,-49,15,bankssts,5851141,78,78.0
31,,lh__bankssts__31,Left,138,92,74,-48,-34,2,bankssts,7156569,75,75.0
32,,lh__bankssts__32,Left,152,86,80,-62,-40,8,bankssts,6890423,153,153.0
33,,lh__bankssts__33,Left,149,77,87,-59,-49,15,bankssts,5885456,139,139.0
34,,lh__bankssts__34,Left,140,83,79,-50,-43,7,bankssts,8912528,92,92.0
35,,lh__bankssts__35,Left,146,85,80,-56,-41,8,bankssts,15423223,144,144.0
36,,lh__bankssts__36,Left,142,74,83,-52,-52,11,bankssts,7408791,247,247.0
37,,lh__bankssts__37,Left,138,77,84,-48,-49,12,bankssts,14802189,79,79.0
38,,lh__bankssts__38,Left,140,88,76,-50,-38,4,bankssts,12252991,86,86.0
39,,lh__bankssts__39,Left,142,79,76,-52,-47,4,bankssts,7164146,157,157.0
40,,lh__bankssts__40,Left,140,86,78,-50,-40,6,bankssts,15608809,83,83.0
41,,lh__bankssts__41,Left,145,82,81,-55,-44,9,bankssts,6483002,122,122.0
42,,lh__bankssts__42,Left,138,80,79,-48,-46,7,bankssts,11087411,73,73.0
43,,lh__bankssts__43,Left,143,74,81,-53,-52,9,bankssts,10930906,209,209.0
44,,lh__bankssts__44,Left,146,88,78,-56,-38,6,bankssts,1610625,127,127.0
45,,lh__bankssts__45,Left,142,82,74,-52,-44,2,bankssts,1121796,175,175.0
46,,lh__bankssts__46,Left,138,83,76,-48,-43,4,bankssts,7426901,95,95.0
47,,lh__bankssts__47,Left,143,77,78,-53,-49,6,bankssts,5256207,186,186.0
48,,lh__bankssts__48,Left,141,72,86,-51,-54,14,bankssts,11735796,219,219.0
49,,lh__bankssts__49,Left,136,93,71,-46,-33,-1,bankssts,7313974,45,45.0
50,,lh__bankssts__50,Left,140,79,84,-50,-47,12,bankssts,1239985,77,77.0
51,,lh__bankssts__51,Left,138,85,75,-48,-41,3,bankssts,15356577,78,78.0
52,,lh__bankssts__52,Left,145,79,84,-55,-47,12,bankssts,5974737,134,134.0
53,,lh__bankssts__53,Left,153,91,78,-63,-35,6,bankssts,2093837,107,107.0
54,,lh__caudalanteriorcingulate__1,Left,100,143,103,-10,17,31,caudalanteriorcingulate,16618194,64,64.0
55,,lh__caudalanteriorcingulate__2,Left,92,137,100,-2,11,28,caudalanteriorcingulate,10518929,119,119.0
56,,lh__caudalanteriorcingulate__3,Left,95,159,94,-5,33,22,caudalanteriorcingulate,12700262,227,227.0
57,,lh__caudalanteriorcingulate__4,Left,98,131,109,-8,5,37,caudalanteriorcingulate,10976757,86,86.0
58,,lh__caudalanteriorcingulate__5,Left,97,154,97,-7,28,25,caudalanteriorcingulate,4415767,131,131.0
59,,lh__caudalanteriorcingulate__6,Left,96,146,101,-6,20,29,caudalanteriorcingulate,6340420,118,118.0
60,,lh__caudalanteriorcingulate__7,Left,100,150,98,-10,24,26,caudalanteriorcingulate,5479524,72,72.0
61,,lh__caudalanteriorcingulate__8,Left,92,161,88,-2,35,16,caudalanteriorcingulate,5175103,126,126.0
62,,lh__caudalanteriorcingulate__9,Left,92,134,101,-2,8,29,caudalanteriorcingulate,3239163,88,88.0
63,,lh__caudalanteriorcingulate__10,Left,100,139,105,-10,13,33,caudalanteriorcingulate,15654518,52,52.0
64,,lh__caudalanteriorcingulate__11,Left,92,158,91,-2,32,19,caudalanteriorcingulate,7664332,169,169.0
65,,lh__caudalanteriorcingulate__12,Left,98,156,96,-8,30,24,caudalanteriorcingulate,829143,112,112.0
66,,lh__caudalanteriorcingulate__13,Left,97,161,91,-7,35,19,caudalanteriorcingulate,6333078,136,136.0
67,,lh__caudalanteriorcingulate__14,Left,93,135,108,-3,9,36,caudalanteriorcingulate,14801324,197,197.0
68,,lh__caudalanteriorcingulate__15,Left,95,143,104,-5,17,32,caudalanteriorcingulate,11094758,165,165.0
69,,lh__caudalanteriorcingulate__16,Left,92,142,99,-2,16,27,caudalanteriorcingulate,15510630,140,140.0
70,,lh__caudalanteriorcingulate__17,Left,99,137,106,-9,11,34,caudalanteriorcingulate,8996955,67,67.0
71,,lh__caudalanteriorcingulate__18,Left,92,145,98,-2,19,26,caudalanteriorcingulate,10308054,161,161.0
72,,lh__caudalanteriorcingulate__19,Left,95,140,105,-5,14,33,caudalanteriorcingulate,8134510,132,132.0
73,,lh__caudalanteriorcingulate__20,Left,92,152,95,-2,26,23,caudalanteriorcingulate,13605594,177,177.0
74,,lh__caudalanteriorcingulate__21,Left,92,148,97,-2,22,25,caudalanteriorcingulate,12572370,188,188.0
75,,lh__caudalanteriorcingulate__22,Left,92,155,93,-2,29,21,caudalanteriorcingulate,10660366,162,162.0
76,,lh__caudalanteriorcingulate__23,Left,100,146,101,-10,20,29,caudalanteriorcingulate,6281221,71,71.0
77,,lh__caudalanteriorcingulate__24,Left,99,160,94,-9,34,22,caudalanteriorcingulate,6039581,118,118.0
78,,lh__caudalanteriorcingulate__25,Left,98,134,108,-8,8,36,caudalanteriorcingulate,526952,80,80.0
79,,lh__caudalanteriorcingulate__26,Left,95,151,99,-5,25,27,caudalanteriorcingulate,270743,159,159.0
80,,lh__caudalanteriorcingulate__27,Left,92,139,104,-2,13,32,caudalanteriorcingulate,13481226,187,187.0
81,,lh__caudalmiddlefrontal__1,Left,113,137,117,-23,11,45,caudalmiddlefrontal,13082565,69,69.0
82,,lh__caudalmiddlefrontal__2,Left,122,121,119,-32,-5,47,caudalmiddlefrontal,7698927,41,41.0
83,,lh__caudalmiddlefrontal__3,Left,123,132,104,-33,6,32,caudalmiddlefrontal,9051979,114,114.0
84,,lh__caudalmiddlefrontal__4,Left,128,131,111,-38,5,39,caudalmiddlefrontal,16499203,86,86.0
85,,lh__caudalmiddlefrontal__5,Left,129,151,113,-39,25,41,caudalmiddlefrontal,7661554,135,135.0
86,,lh__caudalmiddlefrontal__6,Left,113,121,119,-23,-5,47,caudalmiddlefrontal,13405931,55,55.0
87,,lh__caudalmiddlefrontal__7,Left,123,143,98,-33,17,26,caudalmiddlefrontal,14583477,42,42.0
88,,lh__caudalmiddlefrontal__8,Left,116,139,121,-26,13,49,caudalmiddlefrontal,11621872,198,198.0
89,,lh__caudalmiddlefrontal__9,Left,126,153,116,-36,27,44,caudalmiddlefrontal,10693567,247,247.0
90,,lh__caudalmiddlefrontal__10,Left,129,133,127,-39,7,55,caudalmiddlefrontal,10563497,382,382.0
91,,lh__caudalmiddlefrontal__11,Left,122,153,120,-32,27,48,caudalmiddlefrontal,5726200,210,210.0
92,,lh__caudalmiddlefrontal__12,Left,121,123,124,-31,-3,52,caudalmiddlefrontal,7980731,192,192.0
93,,lh__caudalmiddlefrontal__13,Left,115,150,112,-25,24,40,caudalmiddlefrontal,11735854,126,126.0
94,,lh__caudalmiddlefrontal__14,Left,114,146,112,-24,20,40,caudalmiddlefrontal,8531441,117,117.0
95,,lh__caudalmiddlefrontal__15,Left,124,131,99,-34,5,27,caudalmiddlefrontal,13528128,57,57.0
96,,lh__caudalmiddlefrontal__16,Left,127,134,106,-37,8,34,caudalmiddlefrontal,5544979,260,260.0
97,,lh__caudalmiddlefrontal__17,Left,135,130,119,-45,4,47,caudalmiddlefrontal,14272678,231,231.0
98,,lh__caudalmiddlefrontal__18,Left,118,143,119,-28,17,47,caudalmiddlefrontal,3706984,174,174.0
99,,lh__caudalmiddlefrontal__19,Left,132,144,103,-42,18,31,caudalmiddlefrontal,667015,119,119.0
100,,lh__caudalmiddlefrontal__20,Left,116,121,117,-26,-5,45,caudalmiddlefrontal,2949427,89,89.0
101,,lh__caudalmiddlefrontal__21,Left,134,131,115,-44,5,43,caudalmiddlefrontal,15601477,230,230.0
102,,lh__caudalmiddlefrontal__22,Left,114,129,120,-24,3,48,caudalmiddlefrontal,8881526,64,64.0
103,,lh__caudalmiddlefrontal__23,Left,119,120,118,-29,-6,46,caudalmiddlefrontal,3000875,88,88.0
104,,lh__caudalmiddlefrontal__24,Left,135,140,112,-45,14,40,caudalmiddlefrontal,15072369,418,418.0
105,,lh__caudalmiddlefrontal__25,Left,125,134,132,-35,8,60,caudalmiddlefrontal,9775067,420,420.0
106,,lh__caudalmiddlefrontal__26,Left,139,144,106,-49,18,34,caudalmiddlefrontal,9513354,126,126.0
107,,lh__caudalmiddlefrontal__27,Left,114,125,119,-24,-1,47,caudalmiddlefrontal,3909708,61,61.0
108,,lh__caudalmiddlefrontal__28,Left,123,124,118,-33,-2,46,caudalmiddlefrontal,3287250,116,116.0
109,,lh__caudalmiddlefrontal__29,Left,124,129,101,-34,3,29,caudalmiddlefrontal,9233024,72,72.0
110,,lh__caudalmiddlefrontal__30,Left,116,148,120,-26,22,48,caudalmiddlefrontal,5270479,252,252.0
111,,lh__caudalmiddlefrontal__31,Left,125,141,103,-35,15,31,caudalmiddlefrontal,11650582,127,127.0
112,,lh__caudalmiddlefrontal__32,Left,128,126,118,-38,0,46,caudalmiddlefrontal,9321277,259,259.0
113,,lh__caudalmiddlefrontal__33,Left,114,145,115,-24,19,43,caudalmiddlefrontal,10486889,102,102.0
114,,lh__caudalmiddlefrontal__34,Left,121,135,101,-31,9,29,caudalmiddlefrontal,9623757,59,59.0
115,,lh__caudalmiddlefrontal__35,Left,114,133,120,-24,7,48,caudalmiddlefrontal,11781790,114,114.0
116,,lh__caudalmiddlefrontal__36,Left,126,150,118,-36,24,46,caudalmiddlefrontal,431412,202,202.0
117,,lh__caudalmiddlefrontal__37,Left,125,127,105,-35,1,33,caudalmiddlefrontal,13069816,91,91.0
118,,lh__caudalmiddlefrontal__38,Left,113,136,120,-23,10,48,caudalmiddlefrontal,9562558,99,99.0
119,,lh__caudalmiddlefrontal__39,Left,127,139,128,-37,13,56,caudalmiddlefrontal,9930187,454,454.0
120,,lh__caudalmiddlefrontal__40,Left,132,140,116,-42,14,44,caudalmiddlefrontal,13260308,330,330.0
121,,lh__caudalmiddlefrontal__41,Left,125,144,102,-35,18,30,caudalmiddlefrontal,2390308,79,79.0
122,,lh__caudalmiddlefrontal__42,Left,127,149,115,-37,23,43,caudalmiddlefrontal,2755697,189,189.0
123,,lh__caudalmiddlefrontal__43,Left,118,142,127,-28,16,55,caudalmiddlefrontal,1364791,249,249.0
124,,lh__caudalmiddlefrontal__44,Left,126,126,109,-36,0,37,caudalmiddlefrontal,12505642,144,144.0
125,,lh__caudalmiddlefrontal__45,Left,116,150,118,-26,24,46,caudalmiddlefrontal,75147,260,260.0
126,,lh__caudalmiddlefrontal__46,Left,123,135,99,-33,9,27,caudalmiddlefrontal,4169724,49,49.0
127,,lh__caudalmiddlefrontal__47,Left,118,132,130,-28,6,58,caudalmiddlefrontal,15409494,463,463.0
128,,lh__caudalmiddlefrontal__48,Left,128,137,115,-38,11,43,caudalmiddlefrontal,16634473,159,159.0
129,,lh__caudalmiddlefrontal__49,Left,116,126,123,-26,0,51,caudalmiddlefrontal,16237582,127,127.0
130,,lh__caudalmiddlefrontal__50,Left,128,133,110,-38,7,38,caudalmiddlefrontal,2203773,168,168.0
131,,lh__caudalmiddlefrontal__51,Left,119,155,118,-29,29,46,caudalmiddlefrontal,10921953,190,190.0
132,,lh__caudalmiddlefrontal__52,Left,115,141,115,-25,15,43,caudalmiddlefrontal,6864080,74,74.0
133,,lh__caudalmiddlefrontal__53,Left,131,136,110,-41,10,38,caudalmiddlefrontal,5939221,303,303.0
134,,lh__caudalmiddlefrontal__54,Left,125,149,122,-35,23,50,caudalmiddlefrontal,6357373,286,286.0
135,,lh__caudalmiddlefrontal__55,Left,133,134,117,-43,8,45,caudalmiddlefrontal,15941658,309,309.0
136,,lh__caudalmiddlefrontal__56,Left,134,145,110,-44,19,38,caudalmiddlefrontal,2032444,209,209.0
137,,lh__caudalmiddlefrontal__57,Left,133,145,118,-43,19,46,caudalmiddlefrontal,13057042,326,326.0
138,,lh__caudalmiddlefrontal__58,Left,119,139,130,-29,13,58,caudalmiddlefrontal,1988544,369,369.0
139,,lh__caudalmiddlefrontal__59,Left,119,125,129,-29,-1,57,caudalmiddlefrontal,6146155,350,350.0
140,,lh__caudalmiddlefrontal__60,Left,133,132,123,-43,6,51,caudalmiddlefrontal,8518164,432,432.0
141,,lh__caudalmiddlefrontal__61,Left,130,142,122,-40,16,50,caudalmiddlefrontal,14613640,298,298.0
142,,lh__caudalmiddlefrontal__62,Left,115,139,116,-25,13,44,caudalmiddlefrontal,3823787,89,89.0
143,,lh__caudalmiddlefrontal__63,Left,119,144,124,-29,18,52,caudalmiddlefrontal,250363,147,147.0
144,,lh__caudalmiddlefrontal__64,Left,134,137,107,-44,11,35,caudalmiddlefrontal,13450147,202,202.0
145,,lh__caudalmiddlefrontal__65,Left,127,144,121,-37,18,49,caudalmiddlefrontal,10571915,219,219.0
146,,lh__caudalmiddlefrontal__66,Left,132,142,104,-42,16,32,caudalmiddlefrontal,14481734,132,132.0
147,,lh__caudalmiddlefrontal__67,Left,134,146,114,-44,20,42,caudalmiddlefrontal,7997073,370,370.0
148,,lh__caudalmiddlefrontal__68,Left,125,130,108,-35,4,36,caudalmiddlefrontal,5002304,132,132.0
149,,lh__caudalmiddlefrontal__69,Left,124,145,127,-34,19,55,caudalmiddlefrontal,10975915,216,216.0
150,,lh__caudalmiddlefrontal__70,Left,138,141,108,-48,15,36,caudalmiddlefrontal,14256314,234,234.0
151,,lh__caudalmiddlefrontal__71,Left,117,122,122,-27,-4,50,caudalmiddlefrontal,2583265,173,173.0
152,,lh__caudalmiddlefrontal__72,Left,116,130,124,-26,4,52,caudalmiddlefrontal,15872367,226,226.0
153,,lh__caudalmiddlefrontal__73,Left,129,128,112,-39,2,40,caudalmiddlefrontal,4288156,176,176.0
154,,lh__caudalmiddlefrontal__74,Left,131,136,119,-41,10,47,caudalmiddlefrontal,711602,221,221.0
155,,lh__caudalmiddlefrontal__75,Left,129,140,105,-39,14,33,caudalmiddlefrontal,5977372,252,252.0
156,,lh__caudalmiddlefrontal__76,Left,126,128,124,-36,2,52,caudalmiddlefrontal,7516474,345,345.0
157,,lh__caudalmiddlefrontal__77,Left,120,148,125,-30,22,53,caudalmiddlefrontal,10098795,217,217.0
158,,lh__caudalmiddlefrontal__78,Left,124,137,104,-34,11,32,caudalmiddlefrontal,15282580,183,183.0
159,,lh__caudalmiddlefrontal__79,Left,129,138,121,-39,12,49,caudalmiddlefrontal,5000674,199,199.0
160,,lh__caudalmiddlefrontal__80,Left,127,134,114,-37,8,42,caudalmiddlefrontal,2105182,100,100.0
161,,lh__caudalmiddlefrontal__81,Left,124,127,131,-34,1,59,caudalmiddlefrontal,13657757,434,434.0
162,,lh__caudalmiddlefrontal__82,Left,120,151,123,-30,25,51,caudalmiddlefrontal,13997781,187,187.0
163,,lh__caudalmiddlefrontal__83,Left,123,140,100,-33,14,28,caudalmiddlefrontal,11513828,100,100.0
164,,lh__caudalmiddlefrontal__84,Left,115,136,125,-25,10,53,caudalmiddlefrontal,5627694,274,274.0
165,,lh__cuneus__1,Left,92,32,85,-2,-94,13,cuneus,2273941,164,164.0
166,,lh__cuneus__2,Left,107,60,82,-17,-66,10,cuneus,6480515,71,71.0
167,,lh__cuneus__3,Left,94,49,102,-4,-77,30,cuneus,15535587,116,116.0
168,,lh__cuneus__4,Left,99,46,105,-9,-80,33,cuneus,13561683,113,113.0
169,,lh__cuneus__5,Left,100,62,85,-10,-64,13,cuneus,10495555,130,130.0
170,,lh__cuneus__6,Left,90,37,77,0,-89,5,cuneus,5820985,53,53.0
171,,lh__cuneus__7,Left,101,60,88,-11,-66,16,cuneus,3702738,125,125.0
172,,lh__cuneus__8,Left,92,45,83,-2,-81,11,cuneus,16337762,83,83.0
173,,lh__cuneus__9,Left,92,31,82,-2,-95,10,cuneus,5361680,134,134.0
174,,lh__cuneus__10,Left,91,45,104,-1,-81,32,cuneus,7780391,128,128.0
175,,lh__cuneus__11,Left,95,60,86,-5,-66,14,cuneus,8641330,93,93.0
176,,lh__cuneus__12,Left,94,47,105,-4,-79,33,cuneus,8839751,132,132.0
177,,lh__cuneus__13,Left,103,47,101,-13,-79,29,cuneus,15802057,91,91.0
178,,lh__cuneus__14,Left,104,61,83,-14,-65,11,cuneus,1055252,110,110.0
179,,lh__cuneus__15,Left,91,48,85,-1,-78,13,cuneus,14771383,64,64.0
180,,lh__cuneus__16,Left,91,51,87,-1,-75,15,cuneus,2799955,60,60.0
181,,lh__cuneus__17,Left,100,53,95,-10,-73,23,cuneus,13310811,140,140.0
182,,lh__cuneus__18,Left,90,35,86,0,-91,14,cuneus,10607881,104,104.0
183,,lh__cuneus__19,Left,98,47,101,-8,-79,29,cuneus,12933192,134,134.0
184,,lh__cuneus__20,Left,90,33,78,0,-93,6,cuneus,2363351,102,102.0
185,,lh__cuneus__21,Left,93,44,90,-3,-82,18,cuneus,10907861,151,151.0
186,,lh__cuneus__22,Left,91,41,80,-1,-85,8,cuneus,4472688,66,66.0
187,,lh__cuneus__23,Left,103,49,95,-13,-77,23,cuneus,3843599,88,88.0
188,,lh__cuneus__24,Left,92,43,100,-2,-83,28,cuneus,2321871,131,131.0
189,,lh__cuneus__25,Left,103,48,97,-13,-78,25,cuneus,11744180,87,87.0
190,,lh__cuneus__26,Left,93,37,89,-3,-89,17,cuneus,7933910,175,175.0
191,,lh__cuneus__27,Left,92,31,77,-2,-95,5,cuneus,5414837,95,95.0
192,,lh__cuneus__28,Left,106,55,90,-16,-71,18,cuneus,4066279,83,83.0
193,,lh__cuneus__29,Left,91,58,87,-1,-68,15,cuneus,1933848,71,71.0
194,,lh__cuneus__30,Left,93,42,96,-3,-84,24,cuneus,16255803,129,129.0
195,,lh__cuneus__31,Left,91,39,83,-1,-87,11,cuneus,16679436,89,89.0
196,,lh__cuneus__32,Left,93,49,91,-3,-77,19,cuneus,10746579,112,112.0
197,,lh__cuneus__33,Left,103,47,105,-13,-79,33,cuneus,3116152,100,100.0
198,,lh__cuneus__34,Left,104,52,92,-14,-74,20,cuneus,8889675,86,86.0
199,,lh__cuneus__35,Left,106,58,89,-16,-68,17,cuneus,4061248,105,105.0
200,,lh__cuneus__36,Left,94,52,97,-4,-74,25,cuneus,16003844,92,92.0
201,,lh__cuneus__37,Left,99,50,98,-9,-76,26,cuneus,10746428,142,142.0
202,,lh__cuneus__38,Left,93,43,86,-3,-83,14,cuneus,6853014,185,185.0
203,,lh__cuneus__39,Left,92,39,93,-2,-87,21,cuneus,12009107,98,98.0
204,,lh__cuneus__40,Left,94,54,93,-4,-72,21,cuneus,9878907,88,88.0
205,,lh__cuneus__41,Left,105,62,88,-15,-64,16,cuneus,5560447,134,134.0
206,,lh__cuneus__42,Left,90,36,81,0,-90,9,cuneus,12882248,87,87.0
207,,lh__cuneus__43,Left,100,55,92,-10,-71,20,cuneus,14785703,121,121.0
208,,lh__cuneus__44,Left,92,47,97,-2,-79,25,cuneus,5923800,91,91.0
209,,lh__cuneus__45,Left,90,39,88,0,-87,16,cuneus,9564918,101,101.0
210,,lh__cuneus__46,Left,95,57,89,-5,-69,17,cuneus,15897683,144,144.0
211,,lh__cuneus__47,Left,101,57,90,-11,-69,18,cuneus,6386677,124,124.0
212,,lh__cuneus__48,Left,91,42,92,-1,-84,20,cuneus,15325491,100,100.0
213,,lh__cuneus__49,Left,93,47,88,-3,-79,16,cuneus,7788425,119,119.0
214,,lh__cuneus__50,Left,93,45,94,-3,-81,22,cuneus,5884364,125,125.0
215,,lh__cuneus__51,Left,94,34,88,-4,-92,16,cuneus,5348329,218,218.0
216,,lh__cuneus__52,Left,91,49,100,-1,-77,28,cuneus,10198391,100,100.0
217,,lh__cuneus__53,Left,107,62,86,-17,-64,14,cuneus,6062687,109,109.0
218,,lh__cuneus__54,Left,91,54,90,-1,-72,18,cuneus,4053379,91,91.0
219,,lh__cuneus__55,Left,91,50,94,-1,-76,22,cuneus,5148340,102,102.0
220,,lh__entorhinal__1,Left,110,114,41,-20,-12,-31,entorhinal,11124250,310,310.0
221,,lh__entorhinal__2,Left,115,129,48,-25,3,-24,entorhinal,7366791,178,178.0
222,,lh__entorhinal__3,Left,117,127,35,-27,1,-37,entorhinal,4674214,140,140.0
223,,lh__entorhinal__4,Left,107,123,42,-17,-3,-30,entorhinal,16689018,100,100.0
224,,lh__entorhinal__5,Left,113,111,41,-23,-15,-31,entorhinal,16447596,209,209.0
225,,lh__entorhinal__6,Left,120,111,42,-30,-15,-30,entorhinal,14674662,99,99.0
226,,lh__entorhinal__7,Left,105,116,47,-15,-10,-25,entorhinal,4957443,63,63.0
227,,lh__entorhinal__8,Left,107,112,46,-17,-14,-26,entorhinal,13867577,55,55.0
228,,lh__entorhinal__9,Left,109,126,42,-19,0,-30,entorhinal,9518049,338,338.0
229,,lh__entorhinal__10,Left,112,129,44,-22,3,-28,entorhinal,2719703,325,325.0
230,,lh__entorhinal__11,Left,113,123,37,-23,-3,-35,entorhinal,11005792,280,280.0
231,,lh__entorhinal__12,Left,108,108,50,-18,-18,-22,entorhinal,3905541,20,20.0
232,,lh__entorhinal__13,Left,119,122,38,-29,-4,-34,entorhinal,10977704,141,141.0
233,,lh__entorhinal__14,Left,118,114,41,-28,-12,-31,entorhinal,7262069,194,194.0
234,,lh__entorhinal__15,Left,113,128,35,-23,2,-37,entorhinal,15265226,184,184.0
235,,lh__entorhinal__16,Left,118,119,40,-28,-7,-32,entorhinal,8802843,179,179.0
236,,lh__entorhinal__17,Left,109,120,40,-19,-6,-32,entorhinal,14978306,238,238.0
237,,lh__entorhinal__18,Left,109,118,41,-19,-8,-31,entorhinal,15889495,283,283.0
238,,lh__fusiform__1,Left,116,72,57,-26,-54,-15,fusiform,116737,224,224.0
239,,lh__fusiform__2,Left,129,97,47,-39,-29,-25,fusiform,1317691,167,167.0
240,,lh__fusiform__3,Left,119,131,27,-29,5,-45,fusiform,8833235,251,251.0
241,,lh__fusiform__4,Left,135,64,56,-45,-62,-16,fusiform,4063774,281,281.0
242,,lh__fusiform__5,Left,126,108,43,-36,-18,-29,fusiform,5670813,230,230.0
243,,lh__fusiform__6,Left,131,74,52,-41,-52,-20,fusiform,6052084,288,288.0
244,,lh__fusiform__7,Left,133,55,58,-43,-71,-14,fusiform,6620275,279,279.0
245,,lh__fusiform__8,Left,118,125,26,-28,-1,-46,fusiform,6546823,462,462.0
246,,lh__fusiform__9,Left,120,91,48,-30,-35,-24,fusiform,8992604,218,218.0
247,,lh__fusiform__10,Left,114,47,59,-24,-79,-13,fusiform,6949705,219,219.0
248,,lh__fusiform__11,Left,128,113,43,-38,-13,-29,fusiform,8738234,204,204.0
249,,lh__fusiform__12,Left,128,83,49,-38,-43,-23,fusiform,12769517,264,264.0
250,,lh__fusiform__13,Left,132,68,54,-42,-58,-18,fusiform,4849288,330,330.0
251,,lh__fusiform__14,Left,125,102,46,-35,-24,-26,fusiform,5845420,187,187.0
252,,lh__fusiform__15,Left,130,106,49,-40,-20,-23,fusiform,1485690,176,176.0
253,,lh__fusiform__16,Left,120,52,59,-30,-74,-13,fusiform,9662424,221,221.0
254,,lh__fusiform__17,Left,121,115,37,-31,-11,-35,fusiform,15126292,255,255.0
255,,lh__fusiform__18,Left,117,52,64,-27,-74,-8,fusiform,10002916,190,190.0
256,,lh__fusiform__19,Left,123,94,52,-33,-32,-20,fusiform,3780824,234,234.0
257,,lh__fusiform__20,Left,132,71,58,-42,-55,-14,fusiform,14754608,288,288.0
258,,lh__fusiform__21,Left,120,72,64,-30,-54,-8,fusiform,15340132,127,127.0
259,,lh__fusiform__22,Left,119,49,56,-29,-77,-16,fusiform,7364961,198,198.0
260,,lh__fusiform__23,Left,123,97,50,-33,-29,-22,fusiform,8295422,232,232.0
261,,lh__fusiform__24,Left,131,103,53,-41,-23,-19,fusiform,1082181,115,115.0
262,,lh__fusiform__25,Left,118,62,64,-28,-64,-8,fusiform,13150970,107,107.0
263,,lh__fusiform__26,Left,125,78,52,-35,-48,-20,fusiform,3435362,335,335.0
264,,lh__fusiform__27,Left,117,88,53,-27,-38,-19,fusiform,13346118,165,165.0
265,,lh__fusiform__28,Left,133,59,60,-43,-67,-12,fusiform,3691037,313,313.0
266,,lh__fusiform__29,Left,125,100,48,-35,-26,-24,fusiform,1148873,201,201.0
267,,lh__fusiform__30,Left,120,81,62,-30,-45,-10,fusiform,267648,212,212.0
268,,lh__fusiform__31,Left,123,111,39,-33,-15,-33,fusiform,5098929,175,175.0
269,,lh__fusiform__32,Left,131,87,50,-41,-39,-22,fusiform,5456571,233,233.0
270,,lh__fusiform__33,Left,118,127,32,-28,1,-40,fusiform,13179160,162,162.0
271,,lh__fusiform__34,Left,120,77,64,-30,-49,-8,fusiform,7655735,163,163.0
272,,lh__fusiform__35,Left,130,51,57,-40,-75,-15,fusiform,9746198,390,390.0
273,,lh__fusiform__36,Left,128,64,55,-38,-62,-17,fusiform,276320,414,414.0
274,,lh__fusiform__37,Left,114,49,62,-24,-77,-10,fusiform,10118000,382,382.0
275,,lh__fusiform__38,Left,122,91,54,-32,-35,-18,fusiform,13242282,226,226.0
276,,lh__fusiform__39,Left,133,68,61,-43,-58,-11,fusiform,11708232,213,213.0
277,,lh__fusiform__40,Left,119,67,64,-29,-59,-8,fusiform,6451479,106,106.0
278,,lh__fusiform__41,Left,131,97,54,-41,-29,-18,fusiform,3121200,90,90.0
279,,lh__fusiform__42,Left,130,111,47,-40,-15,-25,fusiform,9406051,167,167.0
280,,lh__fusiform__43,Left,121,87,57,-31,-39,-15,fusiform,14487885,224,224.0
281,,lh__fusiform__44,Left,131,79,53,-41,-47,-19,fusiform,709397,272,272.0
282,,lh__fusiform__45,Left,120,67,57,-30,-59,-15,fusiform,6530617,424,424.0
283,,lh__fusiform__46,Left,130,101,48,-40,-25,-24,fusiform,4497159,190,190.0
284,,lh__fusiform__47,Left,125,50,55,-35,-76,-17,fusiform,3590088,190,190.0
285,,lh__fusiform__48,Left,131,90,52,-41,-36,-20,fusiform,8130233,140,140.0
286,,lh__fusiform__49,Left,131,93,54,-41,-33,-18,fusiform,8404235,98,98.0
287,,lh__fusiform__50,Left,133,63,61,-43,-63,-11,fusiform,11215487,226,226.0
288,,lh__fusiform__51,Left,115,83,56,-25,-43,-16,fusiform,12048769,203,203.0
289,,lh__fusiform__52,Left,117,57,64,-27,-69,-8,fusiform,14198073,151,151.0
290,,lh__fusiform__53,Left,123,118,31,-33,-8,-41,fusiform,16204655,365,365.0
291,,lh__fusiform__54,Left,115,130,29,-25,4,-43,fusiform,12060263,223,223.0
292,,lh__fusiform__55,Left,119,56,58,-29,-70,-14,fusiform,13238930,319,319.0
293,,lh__fusiform__56,Left,128,90,47,-38,-36,-25,fusiform,9359028,174,174.0
294,,lh__fusiform__57,Left,125,109,41,-35,-17,-31,fusiform,16648418,201,201.0
295,,lh__fusiform__58,Left,124,73,55,-34,-53,-17,fusiform,16059163,412,412.0
296,,lh__fusiform__59,Left,116,70,61,-26,-56,-11,fusiform,7972847,203,203.0
297,,lh__fusiform__60,Left,121,84,61,-31,-42,-11,fusiform,10969866,172,172.0
298,,lh__fusiform__61,Left,131,60,55,-41,-66,-17,fusiform,10664887,388,388.0
299,,lh__fusiform__62,Left,117,63,61,-27,-63,-11,fusiform,4807447,193,193.0
300,,lh__fusiform__63,Left,120,124,34,-30,-2,-38,fusiform,2704567,197,197.0
301,,lh__fusiform__64,Left,115,77,60,-25,-49,-12,fusiform,11579613,289,289.0
302,,lh__fusiform__65,Left,129,93,49,-39,-33,-23,fusiform,7144424,172,172.0
303,,lh__fusiform__66,Left,120,119,34,-30,-7,-38,fusiform,8318488,261,261.0
304,,lh__fusiform__67,Left,117,78,55,-27,-48,-17,fusiform,3752608,235,235.0
305,,lh__fusiform__68,Left,127,55,55,-37,-71,-17,fusiform,8738853,323,323.0
306,,lh__fusiform__69,Left,127,105,45,-37,-21,-27,fusiform,3957839,215,215.0
307,,lh__fusiform__70,Left,125,116,35,-35,-10,-37,fusiform,11345879,357,357.0
308,,lh__fusiform__71,Left,119,60,58,-29,-66,-14,fusiform,14157160,376,376.0
309,,lh__fusiform__72,Left,124,86,49,-34,-40,-23,fusiform,4419366,226,226.0
310,,lh__fusiform__73,Left,131,76,57,-41,-50,-15,fusiform,2421308,197,197.0
311,,lh__fusiform__74,Left,127,114,39,-37,-12,-33,fusiform,12302915,323,323.0
312,,lh__fusiform__75,Left,120,120,28,-30,-6,-44,fusiform,8959233,421,421.0
313,,lh__fusiform__76,Left,131,83,53,-41,-43,-19,fusiform,2858619,200,200.0
314,,lh__fusiform__77,Left,124,94,46,-34,-32,-26,fusiform,13748723,215,215.0
315,,lh__fusiform__78,Left,120,82,53,-30,-44,-19,fusiform,10553587,114,114.0
316,,lh__fusiform__79,Left,121,84,51,-31,-42,-21,fusiform,904277,105,105.0
317,,lh__inferiorparietal__1,Left,133,57,97,-43,-69,25,inferiorparietal,6813265,91,91.0
318,,lh__inferiorparietal__2,Left,133,71,125,-43,-55,53,inferiorparietal,14771708,120,120.0
319,,lh__inferiorparietal__3,Left,130,55,116,-40,-71,44,inferiorparietal,2507466,333,333.0
320,,lh__inferiorparietal__4,Left,136,49,95,-46,-77,23,inferiorparietal,11071049,127,127.0
321,,lh__inferiorparietal__5,Left,139,68,83,-49,-58,11,inferiorparietal,4597791,191,191.0
322,,lh__inferiorparietal__6,Left,121,41,109,-31,-85,37,inferiorparietal,6419368,118,118.0
323,,lh__inferiorparietal__7,Left,119,58,106,-29,-68,34,inferiorparietal,1696698,180,180.0
324,,lh__inferiorparietal__8,Left,131,45,87,-41,-81,15,inferiorparietal,15094792,82,82.0
325,,lh__inferiorparietal__9,Left,135,73,95,-45,-53,23,inferiorparietal,15078442,97,97.0
326,,lh__inferiorparietal__10,Left,141,69,103,-51,-57,31,inferiorparietal,10590584,159,159.0
327,,lh__inferiorparietal__11,Left,137,76,89,-47,-50,17,inferiorparietal,7722768,59,59.0
328,,lh__inferiorparietal__12,Left,124,67,110,-34,-59,38,inferiorparietal,4417186,108,108.0
329,,lh__inferiorparietal__13,Left,140,68,110,-50,-58,38,inferiorparietal,2527178,137,137.0
330,,lh__inferiorparietal__14,Left,120,36,92,-30,-90,20,inferiorparietal,5569177,53,53.0
331,,lh__inferiorparietal__15,Left,122,37,97,-32,-89,25,inferiorparietal,5259284,65,65.0
332,,lh__inferiorparietal__16,Left,139,62,105,-49,-64,33,inferiorparietal,6342308,210,210.0
333,,lh__inferiorparietal__17,Left,118,57,116,-28,-69,44,inferiorparietal,8182390,114,114.0
334,,lh__inferiorparietal__18,Left,133,53,97,-43,-73,25,inferiorparietal,6235194,115,115.0
335,,lh__inferiorparietal__19,Left,131,49,87,-41,-77,15,inferiorparietal,4454244,119,119.0
336,,lh__inferiorparietal__20,Left,137,71,125,-47,-55,53,inferiorparietal,392339,126,126.0
337,,lh__inferiorparietal__21,Left,118,41,90,-28,-85,18,inferiorparietal,14797952,143,143.0
338,,lh__inferiorparietal__22,Left,122,53,120,-32,-73,48,inferiorparietal,5999936,155,155.0
339,,lh__inferiorparietal__23,Left,138,76,91,-48,-50,19,inferiorparietal,9489211,74,74.0
340,,lh__inferiorparietal__24,Left,137,65,82,-47,-61,10,inferiorparietal,12582304,113,113.0
341,,lh__inferiorparietal__25,Left,124,74,110,-34,-52,38,inferiorparietal,11478955,128,128.0
342,,lh__inferiorparietal__26,Left,135,60,86,-45,-66,14,inferiorparietal,272403,90,90.0
343,,lh__inferiorparietal__27,Left,137,59,107,-47,-67,35,inferiorparietal,11483170,261,261.0
344,,lh__inferiorparietal__28,Left,144,67,110,-54,-59,38,inferiorparietal,15808657,171,171.0
345,,lh__inferiorparietal__29,Left,127,49,108,-37,-77,36,inferiorparietal,2172234,160,160.0
346,,lh__inferiorparietal__30,Left,120,54,101,-30,-72,29,inferiorparietal,293034,192,192.0
347,,lh__inferiorparietal__31,Left,142,68,87,-52,-58,15,inferiorparietal,6360552,207,207.0
348,,lh__inferiorparietal__32,Left,124,36,91,-34,-90,19,inferiorparietal,14561903,110,110.0
349,,lh__inferiorparietal__33,Left,129,71,121,-39,-55,49,inferiorparietal,3226356,180,180.0
350,,lh__inferiorparietal__34,Left,138,58,84,-48,-68,12,inferiorparietal,14513896,136,136.0
351,,lh__inferiorparietal__35,Left,125,77,110,-35,-49,38,inferiorparietal,15254311,140,140.0
352,,lh__inferiorparietal__36,Left,117,58,110,-27,-68,38,inferiorparietal,7847422,225,225.0
353,,lh__inferiorparietal__37,Left,137,62,82,-47,-64,10,inferiorparietal,12673597,83,83.0
354,,lh__inferiorparietal__38,Left,137,60,96,-47,-66,24,inferiorparietal,4449893,216,216.0
355,,lh__inferiorparietal__39,Left,121,35,89,-31,-91,17,inferiorparietal,7604723,133,133.0
356,,lh__inferiorparietal__40,Left,124,64,114,-34,-62,42,inferiorparietal,6862670,126,126.0
357,,lh__inferiorparietal__41,Left,126,73,115,-36,-53,43,inferiorparietal,14008854,175,175.0
358,,lh__inferiorparietal__42,Left,136,53,91,-46,-73,19,inferiorparietal,2158905,103,103.0
359,,lh__inferiorparietal__43,Left,120,56,104,-30,-70,32,inferiorparietal,7678760,212,212.0
360,,lh__inferiorparietal__44,Left,145,70,114,-55,-56,42,inferiorparietal,1046818,279,279.0
361,,lh__inferiorparietal__45,Left,130,42,97,-40,-84,25,inferiorparietal,10046956,197,197.0
362,,lh__inferiorparietal__46,Left,138,65,112,-48,-61,40,inferiorparietal,11621078,125,125.0
363,,lh__inferiorparietal__47,Left,133,65,86,-43,-61,14,inferiorparietal,8232202,134,134.0
364,,lh__inferiorparietal__48,Left,137,62,114,-47,-64,42,inferiorparietal,13290787,373,373.0
365,,lh__inferiorparietal__49,Left,128,44,85,-38,-82,13,inferiorparietal,13129380,101,101.0
366,,lh__inferiorparietal__50,Left,122,41,95,-32,-85,23,inferiorparietal,859786,173,173.0
367,,lh__inferiorparietal__51,Left,135,71,91,-45,-55,19,inferiorparietal,4810758,167,167.0
368,,lh__inferiorparietal__52,Left,139,62,101,-49,-64,29,inferiorparietal,2519993,244,244.0
369,,lh__inferiorparietal__53,Left,132,51,88,-42,-75,16,inferiorparietal,13249062,151,151.0
370,,lh__inferiorparietal__54,Left,137,66,102,-47,-60,30,inferiorparietal,468471,162,162.0
371,,lh__inferiorparietal__55,Left,121,58,122,-31,-68,50,inferiorparietal,4338198,115,115.0
372,,lh__inferiorparietal__56,Left,141,70,119,-51,-56,47,inferiorparietal,3966902,218,218.0
373,,lh__inferiorparietal__57,Left,129,57,93,-39,-69,21,inferiorparietal,6467203,95,95.0
374,,lh__inferiorparietal__58,Left,135,72,98,-45,-54,26,inferiorparietal,7593701,89,89.0
375,,lh__inferiorparietal__59,Left,141,58,83,-51,-68,11,inferiorparietal,14233521,30,30.0
376,,lh__inferiorparietal__60,Left,127,50,112,-37,-76,40,inferiorparietal,8594899,192,192.0
377,,lh__inferiorparietal__61,Left,124,38,85,-34,-88,13,inferiorparietal,6923466,161,161.0
378,,lh__inferiorparietal__62,Left,120,45,116,-30,-81,44,inferiorparietal,10298834,108,108.0
379,,lh__inferiorparietal__63,Left,121,47,93,-31,-79,21,inferiorparietal,201904,151,151.0
380,,lh__inferiorparietal__64,Left,132,52,104,-42,-74,32,inferiorparietal,14729588,98,98.0
381,,lh__inferiorparietal__65,Left,138,68,120,-48,-58,48,inferiorparietal,16174020,211,211.0
382,,lh__inferiorparietal__66,Left,136,67,84,-46,-59,12,inferiorparietal,8926884,218,218.0
383,,lh__inferiorparietal__67,Left,130,40,92,-40,-86,20,inferiorparietal,6109897,194,194.0
384,,lh__inferiorparietal__68,Left,132,59,94,-42,-67,22,inferiorparietal,12363327,84,84.0
385,,lh__inferiorparietal__69,Left,136,54,110,-46,-72,38,inferiorparietal,3616250,250,250.0
386,,lh__inferiorparietal__70,Left,136,73,89,-46,-53,17,inferiorparietal,9144088,130,130.0
387,,lh__inferiorparietal__71,Left,141,70,100,-51,-56,28,inferiorparietal,13006326,258,258.0
388,,lh__inferiorparietal__72,Left,120,43,89,-30,-83,17,inferiorparietal,3808918,143,143.0
389,,lh__inferiorparietal__73,Left,134,64,124,-44,-62,52,inferiorparietal,14388625,195,195.0
390,,lh__inferiorparietal__74,Left,137,57,88,-47,-69,16,inferiorparietal,9760613,143,143.0
391,,lh__inferiorparietal__75,Left,133,73,93,-43,-53,21,inferiorparietal,3270775,66,66.0
392,,lh__inferiorparietal__76,Left,121,38,102,-31,-88,30,inferiorparietal,16270612,117,117.0
393,,lh__inferiorparietal__77,Left,120,46,90,-30,-80,18,inferiorparietal,16616037,134,134.0
394,,lh__inferiorparietal__78,Left,132,47,103,-42,-79,31,inferiorparietal,9866928,165,165.0
395,,lh__inferiorparietal__79,Left,141,68,106,-51,-58,34,inferiorparietal,7401900,196,196.0
396,,lh__inferiorparietal__80,Left,135,61,94,-45,-65,22,inferiorparietal,7003986,266,266.0
397,,lh__inferiorparietal__81,Left,126,42,85,-36,-84,13,inferiorparietal,2870468,147,147.0
398,,lh__inferiorparietal__82,Left,126,58,125,-36,-68,53,inferiorparietal,14473525,96,96.0
399,,lh__inferiorparietal__83,Left,127,67,114,-37,-59,42,inferiorparietal,6702507,105,105.0
400,,lh__inferiorparietal__84,Left,137,64,108,-47,-62,36,inferiorparietal,5735802,123,123.0
401,,lh__inferiorparietal__85,Left,134,68,96,-44,-58,24,inferiorparietal,3579700,238,238.0
402,,lh__inferiorparietal__86,Left,138,53,94,-48,-73,22,inferiorparietal,4771744,82,82.0
403,,lh__inferiorparietal__87,Left,137,68,107,-47,-58,35,inferiorparietal,1044098,79,79.0
404,,lh__inferiorparietal__88,Left,132,53,109,-42,-73,37,inferiorparietal,13157610,280,280.0
405,,lh__inferiorparietal__89,Left,134,65,89,-44,-61,17,inferiorparietal,8371246,230,230.0
406,,lh__inferiorparietal__90,Left,121,49,96,-31,-77,24,inferiorparietal,7828915,140,140.0
407,,lh__inferiorparietal__91,Left,119,41,105,-29,-85,33,inferiorparietal,2554167,138,138.0
408,,lh__inferiorparietal__92,Left,139,55,90,-49,-71,18,inferiorparietal,1425924,109,109.0
409,,lh__inferiorparietal__93,Left,134,67,125,-44,-59,53,inferiorparietal,6569739,194,194.0
410,,lh__inferiorparietal__94,Left,119,56,115,-29,-70,43,inferiorparietal,8590391,128,128.0
411,,lh__inferiorparietal__95,Left,136,57,100,-46,-69,28,inferiorparietal,13033620,248,248.0
412,,lh__inferiorparietal__96,Left,133,46,96,-43,-80,24,inferiorparietal,4912361,137,137.0
413,,lh__inferiorparietal__97,Left,138,65,104,-48,-61,32,inferiorparietal,7732068,141,141.0
414,,lh__inferiorparietal__98,Left,124,58,122,-34,-68,50,inferiorparietal,6161120,183,183.0
415,,lh__inferiorparietal__99,Left,131,50,104,-41,-76,32,inferiorparietal,9428495,203,203.0
416,,lh__inferiorparietal__100,Left,133,65,83,-43,-61,11,inferiorparietal,15927777,129,129.0
417,,lh__inferiorparietal__101,Left,120,45,103,-30,-81,31,inferiorparietal,8765273,242,242.0
418,,lh__inferiorparietal__102,Left,128,39,88,-38,-87,16,inferiorparietal,5016277,175,175.0
419,,lh__inferiorparietal__103,Left,124,45,111,-34,-81,39,inferiorparietal,2084603,164,164.0
420,,lh__inferiorparietal__104,Left,129,44,89,-39,-82,17,inferiorparietal,16692218,211,211.0
421,,lh__inferiorparietal__105,Left,132,49,92,-42,-77,20,inferiorparietal,10178607,176,176.0
422,,lh__inferiorparietal__106,Left,129,68,121,-39,-58,49,inferiorparietal,4716764,255,255.0
423,,lh__inferiorparietal__107,Left,119,52,117,-29,-74,45,inferiorparietal,12093583,223,223.0
424,,lh__inferiorparietal__108,Left,135,72,101,-45,-54,29,inferiorparietal,13929980,69,69.0
425,,lh__inferiorparietal__109,Left,131,60,122,-41,-66,50,inferiorparietal,14216599,148,148.0
426,,lh__inferiorparietal__110,Left,121,38,91,-31,-88,19,inferiorparietal,11573350,92,92.0
427,,lh__inferiorparietal__111,Left,131,58,89,-41,-68,17,inferiorparietal,13073402,186,186.0
428,,lh__inferiorparietal__112,Left,124,47,114,-34,-79,42,inferiorparietal,3967198,123,123.0
429,,lh__inferiorparietal__113,Left,134,68,105,-44,-58,33,inferiorparietal,9283228,67,67.0
430,,lh__inferiorparietal__114,Left,128,62,125,-38,-64,53,inferiorparietal,2860525,136,136.0
431,,lh__inferiorparietal__115,Left,125,39,99,-35,-87,27,inferiorparietal,10140202,163,163.0
432,,lh__inferiorparietal__116,Left,130,56,96,-40,-70,24,inferiorparietal,9461789,66,66.0
433,,lh__inferiorparietal__117,Left,138,55,104,-48,-71,32,inferiorparietal,10093293,227,227.0
434,,lh__inferiorparietal__118,Left,135,51,92,-45,-75,20,inferiorparietal,5218540,161,161.0
435,,lh__inferiorparietal__119,Left,130,78,111,-40,-48,39,inferiorparietal,15667078,142,142.0
436,,lh__inferiorparietal__120,Left,132,70,100,-42,-56,28,inferiorparietal,14689652,74,74.0
437,,lh__inferiorparietal__121,Left,135,74,91,-45,-52,19,inferiorparietal,13341787,71,71.0
438,,lh__inferiorparietal__122,Left,132,62,85,-42,-64,13,inferiorparietal,2094369,116,116.0
439,,lh__inferiorparietal__123,Left,121,42,98,-31,-84,26,inferiorparietal,15832059,225,225.0
440,,lh__inferiorparietal__124,Left,137,67,113,-47,-59,41,inferiorparietal,6167078,112,112.0
441,,lh__inferiorparietal__125,Left,130,47,89,-40,-79,17,inferiorparietal,2299143,167,167.0
442,,lh__inferiorparietal__126,Left,123,62,121,-33,-64,49,inferiorparietal,8175000,98,98.0
443,,lh__inferiorparietal__127,Left,125,62,122,-35,-64,50,inferiorparietal,10485360,186,186.0
444,,lh__inferiorparietal__128,Left,130,59,92,-40,-67,20,inferiorparietal,16382704,101,101.0
445,,lh__inferiorparietal__129,Left,139,68,88,-49,-58,16,inferiorparietal,2791594,165,165.0
446,,lh__inferiorparietal__130,Left,128,65,124,-38,-61,52,inferiorparietal,9302177,119,119.0
447,,lh__inferiorparietal__131,Left,134,54,103,-44,-72,31,inferiorparietal,16064592,137,137.0
448,,lh__inferiorparietal__132,Left,126,55,122,-36,-71,50,inferiorparietal,3860729,100,100.0
449,,lh__inferiorparietal__133,Left,138,64,92,-48,-62,20,inferiorparietal,8969139,231,231.0
450,,lh__inferiorparietal__134,Left,124,49,117,-34,-77,45,inferiorparietal,13965521,141,141.0
451,,lh__inferiorparietal__135,Left,133,62,91,-43,-64,19,inferiorparietal,1659658,148,148.0
452,,lh__inferiorparietal__136,Left,138,60,85,-48,-66,13,inferiorparietal,12282285,56,56.0
453,,lh__inferiorparietal__137,Left,136,71,105,-46,-55,33,inferiorparietal,5856092,66,66.0
454,,lh__inferiorparietal__138,Left,123,71,109,-33,-55,37,inferiorparietal,621346,85,85.0
455,,lh__inferiorparietal__139,Left,126,37,95,-36,-89,23,inferiorparietal,11688780,126,126.0
456,,lh__inferiorparietal__140,Left,138,62,99,-48,-64,27,inferiorparietal,11969733,227,227.0
457,,lh__inferiorparietal__141,Left,136,61,109,-46,-65,37,inferiorparietal,9317654,175,175.0
458,,lh__inferiorparietal__142,Left,132,52,100,-42,-74,28,inferiorparietal,14929244,106,106.0
459,,lh__inferiorparietal__143,Left,135,67,109,-45,-59,37,inferiorparietal,6073328,79,79.0
460,,lh__inferiorparietal__144,Left,121,52,98,-31,-74,26,inferiorparietal,6977287,140,140.0
461,,lh__inferiorparietal__145,Left,125,43,108,-35,-83,36,inferiorparietal,5592559,151,151.0
462,,lh__inferiorparietal__146,Left,132,71,96,-42,-55,24,inferiorparietal,7983025,77,77.0
463,,lh__inferiorparietal__147,Left,129,45,106,-39,-81,34,inferiorparietal,4910573,174,174.0
464,,lh__inferiorparietal__148,Left,141,55,87,-51,-71,15,inferiorparietal,16524139,86,86.0
465,,lh__inferiorparietal__149,Left,137,67,88,-47,-59,16,inferiorparietal,9333961,221,221.0
466,,lh__inferiorparietal__150,Left,138,64,95,-48,-62,23,inferiorparietal,952790,258,258.0
467,,lh__inferiorparietal__151,Left,135,56,92,-45,-70,20,inferiorparietal,10124273,113,113.0
468,,lh__inferiorparietal__152,Left,134,69,102,-44,-57,30,inferiorparietal,3918040,70,70.0
469,,lh__inferiorparietal__153,Left,137,65,118,-47,-61,46,inferiorparietal,11837861,242,242.0
470,,lh__inferiorparietal__154,Left,128,43,102,-38,-83,30,inferiorparietal,11924872,182,182.0
471,,lh__inferiorparietal__155,Left,130,52,107,-40,-74,35,inferiorparietal,13460946,133,133.0
472,,lh__inferiorparietal__156,Left,133,61,120,-43,-65,48,inferiorparietal,5076255,247,247.0
473,,lh__inferiorparietal__157,Left,126,65,118,-36,-61,46,inferiorparietal,1823043,120,120.0
474,,lh__inferiorparietal__158,Left,133,59,112,-43,-67,40,inferiorparietal,12986226,377,377.0
475,,lh__inferiorparietal__159,Left,136,75,93,-46,-51,21,inferiorparietal,4448525,76,76.0
476,,lh__inferiorparietal__160,Left,129,62,88,-39,-64,16,inferiorparietal,7143902,126,126.0
477,,lh__inferiorparietal__161,Left,129,58,119,-39,-68,47,inferiorparietal,11173776,241,241.0
478,,lh__inferiorparietal__162,Left,137,51,96,-47,-75,24,inferiorparietal,16331909,78,78.0
479,,lh__inferiorparietal__163,Left,125,51,120,-35,-75,48,inferiorparietal,12265400,131,131.0
480,,lh__inferiorparietal__164,Left,137,59,98,-47,-67,26,inferiorparietal,11450746,201,201.0
481,,lh__inferiorparietal__165,Left,135,50,99,-45,-76,27,inferiorparietal,15210992,183,183.0
482,,lh__inferiorparietal__166,Left,127,70,113,-37,-56,41,inferiorparietal,7114109,106,106.0
483,,lh__inferiorparietal__167,Left,134,54,94,-44,-72,22,inferiorparietal,3698010,109,109.0
484,,lh__inferiorparietal__168,Left,140,58,103,-50,-68,31,inferiorparietal,11020816,176,176.0
485,,lh__inferiorparietal__169,Left,132,55,100,-42,-71,28,inferiorparietal,646308,124,124.0
486,,lh__inferiorparietal__170,Left,133,61,113,-43,-65,41,inferiorparietal,8842819,187,187.0
487,,lh__inferiorparietal__171,Left,135,67,99,-45,-59,27,inferiorparietal,1386649,161,161.0
488,,lh__inferiorparietal__172,Left,131,45,93,-41,-81,21,inferiorparietal,10516202,202,202.0
489,,lh__inferiorparietal__173,Left,134,46,100,-44,-80,28,inferiorparietal,10981724,126,126.0
490,,lh__inferiorparietal__174,Left,125,41,104,-35,-85,32,inferiorparietal,13917596,162,162.0
491,,lh__inferiorparietal__175,Left,121,56,119,-31,-70,47,inferiorparietal,10630441,215,215.0
492,,lh__inferiorparietal__176,Left,135,53,88,-45,-73,16,inferiorparietal,14334593,195,195.0
493,,lh__inferiorparietal__177,Left,141,68,115,-51,-58,43,inferiorparietal,3526607,231,231.0
494,,lh__inferiorparietal__178,Left,118,48,113,-28,-78,41,inferiorparietal,6763459,103,103.0
495,,lh__inferiorparietal__179,Left,118,50,114,-28,-76,42,inferiorparietal,2037019,99,99.0
496,,lh__inferiorparietal__180,Left,120,49,119,-30,-77,47,inferiorparietal,12021805,121,121.0
497,,lh__inferiorparietal__181,Left,119,50,107,-29,-76,35,inferiorparietal,11585724,108,108.0
498,,lh__inferiorparietal__182,Left,119,48,106,-29,-78,34,inferiorparietal,11400129,118,118.0
499,,lh__inferiorparietal__183,Left,130,51,115,-40,-75,43,inferiorparietal,167622,144,144.0
500,,lh__inferiorparietal__184,Left,129,50,115,-39,-76,43,inferiorparietal,14928340,88,88.0
501,,lh__inferiorparietal__185,Left,118,46,109,-28,-80,37,inferiorparietal,7685558,123,123.0
502,,lh__inferiorparietal__186,Left,119,43,110,-29,-83,38,inferiorparietal,7230294,90,90.0
503,,lh__inferiorparietal__187,Left,135,68,91,-45,-58,19,inferiorparietal,8561924,127,127.0
504,,lh__inferiorparietal__188,Left,133,69,93,-43,-57,21,inferiorparietal,1649542,120,120.0
505,,lh__inferiorparietal__189,Left,119,53,111,-29,-73,39,inferiorparietal,1827280,175,175.0
506,,lh__inferiortemporal__1,Left,138,64,73,-48,-62,1,inferiortemporal,12985617,159,159.0
507,,lh__inferiortemporal__2,Left,132,128,34,-42,2,-38,inferiortemporal,15324082,140,140.0
508,,lh__inferiortemporal__3,Left,147,72,54,-57,-54,-18,inferiortemporal,13866689,211,211.0
509,,lh__inferiortemporal__4,Left,137,63,67,-47,-63,-5,inferiortemporal,1057659,86,86.0
510,,lh__inferiortemporal__5,Left,130,63,67,-40,-63,-5,inferiortemporal,2489531,127,127.0
511,,lh__inferiortemporal__6,Left,125,130,28,-35,4,-44,inferiortemporal,10412219,241,241.0
512,,lh__inferiortemporal__7,Left,143,89,47,-53,-37,-25,inferiortemporal,9153463,399,399.0
513,,lh__inferiortemporal__8,Left,139,73,57,-49,-53,-15,inferiortemporal,2838867,272,272.0
514,,lh__inferiortemporal__9,Left,141,119,32,-51,-7,-40,inferiortemporal,2032051,343,343.0
515,,lh__inferiortemporal__10,Left,150,99,48,-60,-27,-24,inferiortemporal,5653464,338,338.0
516,,lh__inferiortemporal__11,Left,135,113,34,-45,-13,-38,inferiortemporal,6664934,299,299.0
517,,lh__inferiortemporal__12,Left,146,85,59,-56,-41,-13,inferiortemporal,5867522,144,144.0
518,,lh__inferiortemporal__13,Left,133,65,66,-43,-61,-6,inferiortemporal,3850157,68,68.0
519,,lh__inferiortemporal__14,Left,126,133,36,-36,7,-36,inferiortemporal,13969518,96,96.0
520,,lh__inferiortemporal__15,Left,150,78,60,-60,-48,-12,inferiortemporal,218574,179,179.0
521,,lh__inferiortemporal__16,Left,127,125,26,-37,-1,-46,inferiortemporal,997784,241,241.0
522,,lh__inferiortemporal__17,Left,148,93,57,-58,-33,-15,inferiortemporal,5144102,191,191.0
523,,lh__inferiortemporal__18,Left,134,125,35,-44,-1,-37,inferiortemporal,1284575,162,162.0
524,,lh__inferiortemporal__19,Left,141,86,49,-51,-40,-23,inferiortemporal,8008423,529,529.0
525,,lh__inferiortemporal__20,Left,138,64,69,-48,-62,-3,inferiortemporal,12261285,190,190.0
526,,lh__inferiortemporal__21,Left,139,71,61,-49,-55,-11,inferiortemporal,1389116,184,184.0
527,,lh__inferiortemporal__22,Left,134,70,64,-44,-56,-8,inferiortemporal,7352668,118,118.0
528,,lh__inferiortemporal__23,Left,139,106,41,-49,-20,-31,inferiortemporal,3802598,268,268.0
529,,lh__inferiortemporal__24,Left,148,99,53,-58,-27,-19,inferiortemporal,11671388,311,311.0
530,,lh__inferiortemporal__25,Left,135,73,63,-45,-53,-9,inferiortemporal,13890403,125,125.0
531,,lh__inferiortemporal__26,Left,148,68,65,-58,-58,-7,inferiortemporal,2713070,175,175.0
532,,lh__inferiortemporal__27,Left,128,118,32,-38,-8,-40,inferiortemporal,6908953,195,195.0
533,,lh__inferiortemporal__28,Left,136,86,50,-46,-40,-22,inferiortemporal,4657648,372,372.0
534,,lh__inferiortemporal__29,Left,148,104,47,-58,-22,-25,inferiortemporal,323185,312,312.0
535,,lh__inferiortemporal__30,Left,133,63,68,-43,-63,-4,inferiortemporal,4014659,63,63.0
536,,lh__inferiortemporal__31,Left,128,129,31,-38,3,-41,inferiortemporal,12643761,186,186.0
537,,lh__inferiortemporal__32,Left,145,63,69,-55,-63,-3,inferiortemporal,9102218,157,157.0
538,,lh__inferiortemporal__33,Left,139,119,39,-49,-7,-33,inferiortemporal,13259852,251,251.0
539,,lh__inferiortemporal__34,Left,147,69,63,-57,-57,-9,inferiortemporal,324305,202,202.0
540,,lh__inferiortemporal__35,Left,147,81,60,-57,-45,-12,inferiortemporal,10563741,170,170.0
541,,lh__inferiortemporal__36,Left,135,84,51,-45,-42,-21,inferiortemporal,3461426,281,281.0
542,,lh__inferiortemporal__37,Left,148,74,62,-58,-52,-10,inferiortemporal,11502596,248,248.0
543,,lh__inferiortemporal__38,Left,148,88,57,-58,-38,-15,inferiortemporal,12655294,173,173.0
544,,lh__inferiortemporal__39,Left,147,109,45,-57,-17,-27,inferiortemporal,15976831,330,330.0
545,,lh__inferiortemporal__40,Left,130,117,35,-40,-9,-37,inferiortemporal,11392201,171,171.0
546,,lh__inferiortemporal__41,Left,146,79,49,-56,-47,-23,inferiortemporal,2554908,369,369.0
547,,lh__inferiortemporal__42,Left,145,113,42,-55,-13,-30,inferiortemporal,2552187,313,313.0
548,,lh__inferiortemporal__43,Left,142,61,62,-52,-65,-10,inferiortemporal,12608448,227,227.0
549,,lh__inferiortemporal__44,Left,132,111,46,-42,-15,-26,inferiortemporal,3120654,94,94.0
550,,lh__inferiortemporal__45,Left,134,64,73,-44,-62,1,inferiortemporal,6460485,93,93.0
551,,lh__inferiortemporal__46,Left,136,80,54,-46,-46,-18,inferiortemporal,1056189,232,232.0
552,,lh__inferiortemporal__47,Left,135,101,51,-45,-25,-21,inferiortemporal,2002092,140,140.0
553,,lh__inferiortemporal__48,Left,130,120,27,-40,-6,-45,inferiortemporal,14960220,349,349.0
554,,lh__inferiortemporal__49,Left,134,76,60,-44,-50,-12,inferiortemporal,6662967,162,162.0
555,,lh__inferiortemporal__50,Left,147,64,67,-57,-62,-5,inferiortemporal,4225714,164,164.0
556,,lh__inferiortemporal__51,Left,143,113,35,-53,-13,-37,inferiortemporal,5050329,361,361.0
557,,lh__inferiortemporal__52,Left,142,62,71,-52,-64,-1,inferiortemporal,4538794,126,126.0
558,,lh__inferiortemporal__53,Left,146,68,54,-56,-58,-18,inferiortemporal,14952859,174,174.0
559,,lh__inferiortemporal__54,Left,133,127,29,-43,1,-43,inferiortemporal,11202044,302,302.0
560,,lh__inferiortemporal__55,Left,142,61,66,-52,-65,-6,inferiortemporal,13958795,253,253.0
561,,lh__inferiortemporal__56,Left,136,95,50,-46,-31,-22,inferiortemporal,3460603,209,209.0
562,,lh__inferiortemporal__57,Left,148,89,54,-58,-37,-18,inferiortemporal,602056,287,287.0
563,,lh__inferiortemporal__58,Left,132,114,42,-42,-12,-30,inferiortemporal,7309310,122,122.0
564,,lh__inferiortemporal__59,Left,128,131,35,-38,5,-37,inferiortemporal,14231170,104,104.0
565,,lh__inferiortemporal__60,Left,134,106,49,-44,-20,-23,inferiortemporal,5891326,106,106.0
566,,lh__inferiortemporal__61,Left,148,104,42,-58,-22,-30,inferiortemporal,686665,326,326.0
567,,lh__inferiortemporal__62,Left,145,63,59,-55,-63,-13,inferiortemporal,14903740,148,148.0
568,,lh__inferiortemporal__63,Left,135,92,52,-45,-34,-20,inferiortemporal,10668956,164,164.0
569,,lh__inferiortemporal__64,Left,149,68,59,-59,-58,-13,inferiortemporal,9398317,227,227.0
570,,lh__inferiortemporal__65,Left,147,95,55,-57,-31,-17,inferiortemporal,8081332,257,257.0
571,,lh__inferiortemporal__66,Left,137,123,30,-47,-3,-42,inferiortemporal,11036685,347,347.0
572,,lh__inferiortemporal__67,Left,140,73,53,-50,-53,-19,inferiortemporal,12389251,329,329.0
573,,lh__inferiortemporal__68,Left,137,60,74,-47,-66,2,inferiortemporal,16486095,84,84.0
574,,lh__inferiortemporal__69,Left,132,116,39,-42,-10,-33,inferiortemporal,1738024,137,137.0
575,,lh__inferiortemporal__70,Left,143,66,57,-53,-60,-15,inferiortemporal,14615026,180,180.0
576,,lh__inferiortemporal__71,Left,145,79,58,-55,-47,-14,inferiortemporal,12080312,195,195.0
577,,lh__inferiortemporal__72,Left,145,109,39,-55,-17,-33,inferiortemporal,11790340,345,345.0
578,,lh__inferiortemporal__73,Left,141,65,62,-51,-61,-10,inferiortemporal,10769829,195,195.0
579,,lh__inferiortemporal__74,Left,136,103,45,-46,-23,-27,inferiortemporal,11695934,233,233.0
580,,lh__inferiortemporal__75,Left,142,116,40,-52,-10,-32,inferiortemporal,14739992,304,304.0
581,,lh__inferiortemporal__76,Left,136,122,37,-46,-4,-35,inferiortemporal,16447026,231,231.0
582,,lh__inferiortemporal__77,Left,151,84,52,-61,-42,-20,inferiortemporal,11970176,181,181.0
583,,lh__inferiortemporal__78,Left,138,97,46,-48,-29,-26,inferiortemporal,11483847,310,310.0
584,,lh__inferiortemporal__79,Left,146,73,50,-56,-53,-22,inferiortemporal,13148826,267,267.0
585,,lh__inferiortemporal__80,Left,137,63,64,-47,-63,-8,inferiortemporal,8856202,118,118.0
586,,lh__inferiortemporal__81,Left,147,63,63,-57,-63,-9,inferiortemporal,2334753,210,210.0
587,,lh__inferiortemporal__82,Left,136,110,38,-46,-16,-34,inferiortemporal,253147,262,262.0
588,,lh__inferiortemporal__83,Left,149,93,51,-59,-33,-21,inferiortemporal,1493463,309,309.0
589,,lh__inferiortemporal__84,Left,135,108,43,-45,-18,-29,inferiortemporal,13770088,178,178.0
590,,lh__inferiortemporal__85,Left,149,79,54,-59,-47,-18,inferiortemporal,2238620,251,251.0
591,,lh__inferiortemporal__86,Left,149,103,50,-59,-23,-22,inferiortemporal,6218418,192,192.0
592,,lh__inferiortemporal__87,Left,135,79,57,-45,-47,-15,inferiortemporal,5019155,162,162.0
593,,lh__inferiortemporal__88,Left,139,78,50,-49,-48,-22,inferiortemporal,14657922,450,450.0
594,,lh__inferiortemporal__89,Left,148,84,56,-58,-42,-16,inferiortemporal,4982323,275,275.0
595,,lh__inferiortemporal__90,Left,148,86,49,-58,-40,-23,inferiortemporal,15157929,255,255.0
596,,lh__inferiortemporal__91,Left,136,68,64,-46,-58,-8,inferiortemporal,709726,153,153.0
597,,lh__inferiortemporal__92,Left,134,117,29,-44,-9,-43,inferiortemporal,10395660,360,360.0
598,,lh__inferiortemporal__93,Left,144,99,44,-54,-27,-28,inferiortemporal,15702276,322,322.0
599,,lh__inferiortemporal__94,Left,133,66,65,-43,-60,-7,inferiortemporal,15233395,121,121.0
600,,lh__inferiortemporal__95,Left,124,131,33,-34,5,-39,inferiortemporal,15598740,129,129.0
601,,lh__inferiortemporal__96,Left,147,93,47,-57,-33,-25,inferiortemporal,4566849,374,374.0
602,,lh__inferiortemporal__97,Left,135,63,70,-45,-63,-2,inferiortemporal,8852675,72,72.0
603,,lh__inferiortemporal__98,Left,149,74,59,-59,-52,-13,inferiortemporal,2595888,138,138.0
604,,lh__inferiortemporal__99,Left,147,75,58,-57,-51,-14,inferiortemporal,15071461,146,146.0
605,,lh__inferiortemporal__100,Left,141,69,56,-51,-57,-16,inferiortemporal,9382922,124,124.0
606,,lh__inferiortemporal__101,Left,143,69,53,-53,-57,-19,inferiortemporal,6287794,64,64.0
607,,lh__isthmuscingulate__1,Left,99,80,104,-9,-46,32,isthmuscingulate,1635973,153,153.0
608,,lh__isthmuscingulate__2,Left,102,75,77,-12,-51,5,isthmuscingulate,2878285,135,135.0
609,,lh__isthmuscingulate__3,Left,92,92,102,-2,-34,30,isthmuscingulate,5263393,103,103.0
610,,lh__isthmuscingulate__4,Left,94,75,89,-4,-51,17,isthmuscingulate,8040743,107,107.0
611,,lh__isthmuscingulate__5,Left,92,88,104,-2,-38,32,isthmuscingulate,6552038,141,141.0
612,,lh__isthmuscingulate__6,Left,92,78,91,-2,-48,19,isthmuscingulate,16645593,117,117.0
613,,lh__isthmuscingulate__7,Left,92,77,99,-2,-49,27,isthmuscingulate,7540292,206,206.0
614,,lh__isthmuscingulate__8,Left,98,82,75,-8,-44,3,isthmuscingulate,11557948,103,103.0
615,,lh__isthmuscingulate__9,Left,94,76,94,-4,-50,22,isthmuscingulate,9178672,142,142.0
616,,lh__isthmuscingulate__10,Left,101,83,105,-11,-43,33,isthmuscingulate,10845517,80,80.0
617,,lh__isthmuscingulate__11,Left,100,82,72,-10,-44,0,isthmuscingulate,12088564,92,92.0
618,,lh__isthmuscingulate__12,Left,94,74,85,-4,-52,13,isthmuscingulate,15580295,118,118.0
619,,lh__isthmuscingulate__13,Left,102,84,69,-12,-42,-3,isthmuscingulate,9057143,64,64.0
620,,lh__isthmuscingulate__14,Left,98,87,106,-8,-39,34,isthmuscingulate,10677662,79,79.0
621,,lh__isthmuscingulate__15,Left,93,87,98,-3,-39,26,isthmuscingulate,15625266,123,123.0
622,,lh__isthmuscingulate__16,Left,94,84,97,-4,-42,25,isthmuscingulate,8459428,136,136.0
623,,lh__isthmuscingulate__17,Left,94,93,100,-4,-33,28,isthmuscingulate,9968917,48,48.0
624,,lh__isthmuscingulate__18,Left,102,86,67,-12,-40,-5,isthmuscingulate,4733914,104,104.0
625,,lh__isthmuscingulate__19,Left,96,78,80,-6,-48,8,isthmuscingulate,5468485,105,105.0
626,,lh__isthmuscingulate__20,Left,97,71,79,-7,-55,7,isthmuscingulate,11880599,117,117.0
627,,lh__isthmuscingulate__21,Left,98,77,101,-8,-49,29,isthmuscingulate,5315290,122,122.0
628,,lh__isthmuscingulate__22,Left,106,77,73,-16,-49,1,isthmuscingulate,1452256,109,109.0
629,,lh__isthmuscingulate__23,Left,94,81,95,-4,-45,23,isthmuscingulate,8034804,148,148.0
630,,lh__isthmuscingulate__24,Left,93,90,99,-3,-36,27,isthmuscingulate,15757386,98,98.0
631,,lh__isthmuscingulate__25,Left,106,74,77,-16,-52,5,isthmuscingulate,1976234,110,110.0
632,,lh__isthmuscingulate__26,Left,93,84,104,-3,-42,32,isthmuscingulate,11990097,246,246.0
633,,lh__isthmuscingulate__27,Left,97,79,77,-7,-47,5,isthmuscingulate,3533393,94,94.0
634,,lh__isthmuscingulate__28,Left,93,80,103,-3,-46,31,isthmuscingulate,9846717,292,292.0
635,,lh__isthmuscingulate__29,Left,104,80,71,-14,-46,-1,isthmuscingulate,8876066,72,72.0
636,,lh__isthmuscingulate__30,Left,94,74,80,-4,-52,8,isthmuscingulate,3807173,106,106.0
637,,lh__isthmuscingulate__31,Left,95,90,106,-5,-36,34,isthmuscingulate,7918338,84,84.0
638,,lh__isthmuscingulate__32,Left,97,75,77,-7,-51,5,isthmuscingulate,1270850,108,108.0
639,,lh__isthmuscingulate__33,Left,94,78,88,-4,-48,16,isthmuscingulate,9051625,117,117.0
640,,lh__isthmuscingulate__34,Left,101,78,74,-11,-48,2,isthmuscingulate,3701695,148,148.0
641,,lh__isthmuscingulate__35,Left,102,72,79,-12,-54,7,isthmuscingulate,2175534,96,96.0
642,,lh__isthmuscingulate__36,Left,96,75,98,-6,-51,26,isthmuscingulate,4647247,120,120.0
643,,lh__isthmuscingulate__37,Left,100,84,74,-10,-42,2,isthmuscingulate,13744762,69,69.0
644,,lh__isthmuscingulate__38,Left,94,77,84,-4,-49,12,isthmuscingulate,2183561,86,86.0
645,,lh__isthmuscingulate__39,Left,97,84,105,-7,-42,33,isthmuscingulate,11822878,128,128.0
646,,lh__isthmuscingulate__40,Left,100,87,70,-10,-39,-2,isthmuscingulate,16233651,45,45.0
647,,lh__lateraloccipital__1,Left,110,25,69,-20,-101,-3,lateraloccipital,12670028,270,270.0
648,,lh__lateraloccipital__2,Left,123,40,76,-33,-86,4,lateraloccipital,14101674,132,132.0
649,,lh__lateraloccipital__3,Left,136,51,72,-46,-75,0,lateraloccipital,13623605,120,120.0
650,,lh__lateraloccipital__4,Left,98,31,59,-8,-95,-13,lateraloccipital,7469617,259,259.0
651,,lh__lateraloccipital__5,Left,102,31,99,-12,-95,27,lateraloccipital,3543497,157,157.0
652,,lh__lateraloccipital__6,Left,130,39,66,-40,-87,-6,lateraloccipital,5545235,288,288.0
653,,lh__lateraloccipital__7,Left,133,60,75,-43,-66,3,lateraloccipital,13466309,88,88.0
654,,lh__lateraloccipital__8,Left,131,40,77,-41,-86,5,lateraloccipital,10687499,146,146.0
655,,lh__lateraloccipital__9,Left,112,45,61,-22,-81,-11,lateraloccipital,16358527,136,136.0
656,,lh__lateraloccipital__10,Left,117,36,94,-27,-90,22,lateraloccipital,14848449,65,65.0
657,,lh__lateraloccipital__11,Left,136,58,71,-46,-68,-1,lateraloccipital,7912593,107,107.0
658,,lh__lateraloccipital__12,Left,95,25,71,-5,-101,-1,lateraloccipital,15438490,120,120.0
659,,lh__lateraloccipital__13,Left,96,29,86,-6,-97,14,lateraloccipital,9656187,278,278.0
660,,lh__lateraloccipital__14,Left,135,43,81,-45,-83,9,lateraloccipital,8485674,184,184.0
661,,lh__lateraloccipital__15,Left,113,27,74,-23,-99,2,lateraloccipital,138358,188,188.0
662,,lh__lateraloccipital__16,Left,100,28,58,-10,-98,-14,lateraloccipital,2182292,319,319.0
663,,lh__lateraloccipital__17,Left,130,59,65,-40,-67,-7,lateraloccipital,7247788,122,122.0
664,,lh__lateraloccipital__18,Left,133,59,81,-43,-67,9,lateraloccipital,9020923,82,82.0
665,,lh__lateraloccipital__19,Left,106,31,91,-16,-95,19,lateraloccipital,7365088,216,216.0
666,,lh__lateraloccipital__20,Left,132,50,61,-42,-76,-11,lateraloccipital,10407274,229,229.0
667,,lh__lateraloccipital__21,Left,120,37,85,-30,-89,13,lateraloccipital,9977794,157,157.0
668,,lh__lateraloccipital__22,Left,134,61,72,-44,-65,0,lateraloccipital,14377890,68,68.0
669,,lh__lateraloccipital__23,Left,115,39,92,-25,-87,20,lateraloccipital,1918952,201,201.0
670,,lh__lateraloccipital__24,Left,103,35,59,-13,-91,-13,lateraloccipital,10477575,171,171.0
671,,lh__lateraloccipital__25,Left,138,49,76,-48,-77,4,lateraloccipital,9188872,100,100.0
672,,lh__lateraloccipital__26,Left,139,54,84,-49,-72,12,lateraloccipital,8392434,172,172.0
673,,lh__lateraloccipital__27,Left,97,24,81,-7,-102,9,lateraloccipital,11599007,199,199.0
674,,lh__lateraloccipital__28,Left,141,51,83,-51,-75,11,lateraloccipital,4216170,73,73.0
675,,lh__lateraloccipital__29,Left,98,26,65,-8,-100,-7,lateraloccipital,8832995,171,171.0
676,,lh__lateraloccipital__30,Left,120,37,72,-30,-89,0,lateraloccipital,3621007,166,166.0
677,,lh__lateraloccipital__31,Left,130,48,58,-40,-78,-14,lateraloccipital,3457903,238,238.0
678,,lh__lateraloccipital__32,Left,98,30,90,-8,-96,18,lateraloccipital,15342200,216,216.0
679,,lh__lateraloccipital__33,Left,115,31,74,-25,-95,2,lateraloccipital,8220535,132,132.0
680,,lh__lateraloccipital__34,Left,106,35,97,-16,-91,25,lateraloccipital,15089867,167,167.0
681,,lh__lateraloccipital__35,Left,135,61,70,-45,-65,-2,lateraloccipital,13165832,63,63.0
682,,lh__lateraloccipital__36,Left,133,57,82,-43,-69,10,lateraloccipital,15387773,116,116.0
683,,lh__lateraloccipital__37,Left,94,27,83,-4,-99,11,lateraloccipital,637940,244,244.0
684,,lh__lateraloccipital__38,Left,117,36,89,-27,-90,17,lateraloccipital,8688535,157,157.0
685,,lh__lateraloccipital__39,Left,124,43,57,-34,-83,-15,lateraloccipital,13256428,344,344.0
686,,lh__lateraloccipital__40,Left,103,23,68,-13,-103,-4,lateraloccipital,10194818,235,235.0
687,,lh__lateraloccipital__41,Left,132,59,78,-42,-67,6,lateraloccipital,192230,92,92.0
688,,lh__lateraloccipital__42,Left,112,32,85,-22,-94,13,lateraloccipital,3309599,193,193.0
689,,lh__lateraloccipital__43,Left,132,53,62,-42,-73,-10,lateraloccipital,9300622,121,121.0
690,,lh__lateraloccipital__44,Left,102,28,90,-12,-98,18,lateraloccipital,5341356,230,230.0
691,,lh__lateraloccipital__45,Left,105,38,58,-15,-88,-14,lateraloccipital,14292455,150,150.0
692,,lh__lateraloccipital__46,Left,111,42,62,-21,-84,-10,lateraloccipital,15442210,160,160.0
693,,lh__lateraloccipital__47,Left,138,51,86,-48,-75,14,lateraloccipital,13066699,95,95.0
694,,lh__lateraloccipital__48,Left,97,25,68,-7,-101,-4,lateraloccipital,10966200,145,145.0
695,,lh__lateraloccipital__49,Left,121,37,78,-31,-89,6,lateraloccipital,13601577,265,265.0
696,,lh__lateraloccipital__50,Left,112,34,96,-22,-92,24,lateraloccipital,3569637,84,84.0
697,,lh__lateraloccipital__51,Left,134,58,67,-44,-68,-5,lateraloccipital,856147,171,171.0
698,,lh__lateraloccipital__52,Left,131,53,78,-41,-73,6,lateraloccipital,15881792,118,118.0
699,,lh__lateraloccipital__53,Left,124,38,71,-34,-88,-1,lateraloccipital,16525163,131,131.0
700,,lh__lateraloccipital__54,Left,134,56,63,-44,-70,-9,lateraloccipital,14616033,146,146.0
701,,lh__lateraloccipital__55,Left,106,29,59,-16,-97,-13,lateraloccipital,9645949,592,592.0
702,,lh__lateraloccipital__56,Left,124,46,57,-34,-80,-15,lateraloccipital,15923764,157,157.0
703,,lh__lateraloccipital__57,Left,116,38,56,-26,-88,-16,lateraloccipital,13174955,240,240.0
704,,lh__lateraloccipital__58,Left,126,40,77,-36,-86,5,lateraloccipital,14200549,222,222.0
705,,lh__lateraloccipital__59,Left,112,30,58,-22,-96,-14,lateraloccipital,12720637,403,403.0
706,,lh__lateraloccipital__60,Left,122,40,80,-32,-86,8,lateraloccipital,12654664,105,105.0
707,,lh__lateraloccipital__61,Left,111,34,89,-21,-92,17,lateraloccipital,11770872,221,221.0
708,,lh__lateraloccipital__62,Left,137,55,69,-47,-71,-3,lateraloccipital,7082265,163,163.0
709,,lh__lateraloccipital__63,Left,99,30,94,-9,-96,22,lateraloccipital,14317898,174,174.0
710,,lh__lateraloccipital__64,Left,120,31,67,-30,-95,-5,lateraloccipital,5832008,224,224.0
711,,lh__lateraloccipital__65,Left,115,43,60,-25,-83,-12,lateraloccipital,4821815,182,182.0
712,,lh__lateraloccipital__66,Left,130,44,83,-40,-82,11,lateraloccipital,11327810,134,134.0
713,,lh__lateraloccipital__67,Left,131,59,74,-41,-67,2,lateraloccipital,5910174,96,96.0
714,,lh__lateraloccipital__68,Left,136,43,70,-46,-83,-2,lateraloccipital,14946862,162,162.0
715,,lh__lateraloccipital__69,Left,116,28,64,-26,-98,-8,lateraloccipital,3598371,232,232.0
716,,lh__lateraloccipital__70,Left,98,23,76,-8,-103,4,lateraloccipital,6358542,249,249.0
717,,lh__lateraloccipital__71,Left,140,48,83,-50,-78,11,lateraloccipital,15721109,141,141.0
718,,lh__lateraloccipital__72,Left,121,40,82,-31,-86,10,lateraloccipital,16053478,85,85.0
719,,lh__lateraloccipital__73,Left,131,52,74,-41,-74,2,lateraloccipital,7257956,91,91.0
720,,lh__lateraloccipital__74,Left,132,45,56,-42,-81,-16,lateraloccipital,9441663,429,429.0
721,,lh__lateraloccipital__75,Left,122,33,71,-32,-93,-1,lateraloccipital,8792021,162,162.0
722,,lh__lateraloccipital__76,Left,107,37,56,-17,-89,-16,lateraloccipital,714755,135,135.0
723,,lh__lateraloccipital__77,Left,136,49,69,-46,-77,-3,lateraloccipital,4753075,127,127.0
724,,lh__lateraloccipital__78,Left,112,38,93,-22,-88,21,lateraloccipital,14381407,148,148.0
725,,lh__lateraloccipital__79,Left,115,36,83,-25,-90,11,lateraloccipital,8486401,140,140.0
726,,lh__lateraloccipital__80,Left,115,27,68,-25,-99,-4,lateraloccipital,4489126,178,178.0
727,,lh__lateraloccipital__81,Left,118,41,58,-28,-85,-14,lateraloccipital,16275416,247,247.0
728,,lh__lateraloccipital__82,Left,113,27,78,-23,-99,6,lateraloccipital,14238403,151,151.0
729,,lh__lateraloccipital__83,Left,135,54,81,-45,-72,9,lateraloccipital,3291735,111,111.0
730,,lh__lateraloccipital__84,Left,136,45,74,-46,-81,2,lateraloccipital,896695,246,246.0
731,,lh__lateraloccipital__85,Left,128,56,75,-38,-70,3,lateraloccipital,3776020,75,75.0
732,,lh__lateraloccipital__86,Left,101,26,85,-11,-100,13,lateraloccipital,12118032,287,287.0
733,,lh__lateraloccipital__87,Left,126,37,65,-36,-89,-7,lateraloccipital,1901501,174,174.0
734,,lh__lateraloccipital__88,Left,104,25,64,-14,-101,-8,lateraloccipital,10717372,319,319.0
735,,lh__lateraloccipital__89,Left,135,44,62,-45,-82,-10,lateraloccipital,12594164,206,206.0
736,,lh__lateraloccipital__90,Left,137,51,67,-47,-75,-5,lateraloccipital,15512772,185,185.0
737,,lh__lateraloccipital__91,Left,118,37,83,-28,-89,11,lateraloccipital,1200673,88,88.0
738,,lh__lateraloccipital__92,Left,109,33,95,-19,-93,23,lateraloccipital,4875184,150,150.0
739,,lh__lateraloccipital__93,Left,116,28,72,-26,-98,0,lateraloccipital,15015351,125,125.0
740,,lh__lateraloccipital__94,Left,119,44,58,-29,-82,-14,lateraloccipital,7135370,251,251.0
741,,lh__lateraloccipital__95,Left,117,33,72,-27,-93,0,lateraloccipital,461986,171,171.0
742,,lh__lateraloccipital__96,Left,124,42,82,-34,-84,10,lateraloccipital,14167690,101,101.0
743,,lh__lateraloccipital__97,Left,139,49,73,-49,-77,1,lateraloccipital,11943071,82,82.0
744,,lh__lateraloccipital__98,Left,113,39,59,-23,-87,-13,lateraloccipital,6549929,212,212.0
745,,lh__lateraloccipital__99,Left,108,36,93,-18,-90,21,lateraloccipital,2959236,143,143.0
746,,lh__lateraloccipital__100,Left,136,55,66,-46,-71,-6,lateraloccipital,7935959,260,260.0
747,,lh__lateraloccipital__101,Left,110,27,64,-20,-99,-8,lateraloccipital,6030562,401,401.0
748,,lh__lateraloccipital__102,Left,137,51,80,-47,-75,8,lateraloccipital,10520043,182,182.0
749,,lh__lateraloccipital__103,Left,104,33,55,-14,-93,-17,lateraloccipital,6597775,181,181.0
750,,lh__lateraloccipital__104,Left,101,22,72,-11,-104,0,lateraloccipital,15086754,194,194.0
751,,lh__lateraloccipital__105,Left,108,23,73,-18,-103,1,lateraloccipital,4586345,226,226.0
752,,lh__lateraloccipital__106,Left,134,45,78,-44,-81,6,lateraloccipital,9822165,270,270.0
753,,lh__lateraloccipital__107,Left,114,35,93,-24,-91,21,lateraloccipital,6714274,120,120.0
754,,lh__lateraloccipital__108,Left,104,31,95,-14,-95,23,lateraloccipital,9461386,210,210.0
755,,lh__lateraloccipital__109,Left,123,34,67,-33,-92,-5,lateraloccipital,15090277,208,208.0
756,,lh__lateraloccipital__110,Left,127,40,74,-37,-86,2,lateraloccipital,4690173,108,108.0
757,,lh__lateraloccipital__111,Left,130,40,57,-40,-86,-15,lateraloccipital,6624813,384,384.0
758,,lh__lateraloccipital__112,Left,130,56,79,-40,-70,7,lateraloccipital,14520187,79,79.0
759,,lh__lateraloccipital__113,Left,123,38,56,-33,-88,-16,lateraloccipital,239455,364,364.0
760,,lh__lateraloccipital__114,Left,115,31,77,-25,-95,5,lateraloccipital,13459234,161,161.0
761,,lh__lateraloccipital__115,Left,135,43,67,-45,-83,-5,lateraloccipital,9985459,176,176.0
762,,lh__lateraloccipital__116,Left,118,31,60,-28,-95,-12,lateraloccipital,1447878,307,307.0
763,,lh__lateraloccipital__117,Left,133,46,84,-43,-80,12,lateraloccipital,249241,275,275.0
764,,lh__lateraloccipital__118,Left,132,42,75,-42,-84,3,lateraloccipital,14611766,179,179.0
765,,lh__lateraloccipital__119,Left,109,34,55,-19,-92,-17,lateraloccipital,9245646,161,161.0
766,,lh__lateraloccipital__120,Left,111,37,55,-21,-89,-17,lateraloccipital,1458239,191,191.0
767,,lh__lateraloccipital__121,Left,135,46,66,-45,-80,-6,lateraloccipital,15883735,168,168.0
768,,lh__lateraloccipital__122,Left,114,36,88,-24,-90,16,lateraloccipital,15461372,220,220.0
769,,lh__lateraloccipital__123,Left,120,37,81,-30,-89,9,lateraloccipital,15535289,122,122.0
770,,lh__lateraloccipital__124,Left,121,34,56,-31,-92,-16,lateraloccipital,16701923,243,243.0
771,,lh__lateraloccipital__125,Left,138,52,71,-48,-74,-1,lateraloccipital,3530732,96,96.0
772,,lh__lateraloccipital__126,Left,128,39,72,-38,-87,0,lateraloccipital,10224231,163,163.0
773,,lh__lateraloccipital__127,Left,135,52,76,-45,-74,4,lateraloccipital,7070786,104,104.0
774,,lh__lateraloccipital__128,Left,115,34,54,-25,-92,-18,lateraloccipital,117441,186,186.0
775,,lh__lateraloccipital__129,Left,118,30,70,-28,-96,-2,lateraloccipital,4336777,159,159.0
776,,lh__lateraloccipital__130,Left,132,39,71,-42,-87,-1,lateraloccipital,5233112,171,171.0
777,,lh__lateraloccipital__131,Left,125,41,80,-35,-85,8,lateraloccipital,12726619,125,125.0
778,,lh__lateraloccipital__132,Left,104,25,79,-14,-101,7,lateraloccipital,3742195,223,223.0
779,,lh__lateraloccipital__133,Left,93,26,74,-3,-100,2,lateraloccipital,9187388,153,153.0
780,,lh__lateraloccipital__134,Left,133,49,65,-43,-77,-7,lateraloccipital,5306350,198,198.0
781,,lh__lateraloccipital__135,Left,129,58,78,-39,-68,6,lateraloccipital,13223882,65,65.0
782,,lh__lateraloccipital__136,Left,127,36,60,-37,-90,-12,lateraloccipital,11238866,226,226.0
783,,lh__lateraloccipital__137,Left,132,60,68,-42,-66,-4,lateraloccipital,11160368,116,116.0
784,,lh__lateraloccipital__138,Left,129,41,80,-39,-85,8,lateraloccipital,10657949,215,215.0
785,,lh__lateraloccipital__139,Left,114,30,81,-24,-96,9,lateraloccipital,14393357,233,233.0
786,,lh__lateraloccipital__140,Left,127,37,69,-37,-89,-3,lateraloccipital,13508481,125,125.0
787,,lh__lateraloccipital__141,Left,116,33,82,-26,-93,10,lateraloccipital,15029585,242,242.0
788,,lh__lateraloccipital__142,Left,133,55,72,-43,-71,0,lateraloccipital,10506941,159,159.0
789,,lh__lateraloccipital__143,Left,139,47,70,-49,-79,-2,lateraloccipital,8526108,103,103.0
790,,lh__lateraloccipital__144,Left,127,43,82,-37,-83,10,lateraloccipital,14611365,66,66.0
791,,lh__lateraloccipital__145,Left,98,29,63,-8,-97,-9,lateraloccipital,10887470,133,133.0
792,,lh__lateraloccipital__146,Left,93,27,77,-3,-99,5,lateraloccipital,11716971,199,199.0
793,,lh__lateraloccipital__147,Left,119,37,74,-29,-89,2,lateraloccipital,11128675,119,119.0
794,,lh__lateraloccipital__148,Left,117,34,76,-27,-92,4,lateraloccipital,4608749,191,191.0
795,,lh__lateraloccipital__149,Left,108,39,60,-18,-87,-12,lateraloccipital,1414429,191,191.0
796,,lh__lateraloccipital__150,Left,120,33,80,-30,-93,8,lateraloccipital,93035,195,195.0
797,,lh__lateraloccipital__151,Left,110,28,80,-20,-98,8,lateraloccipital,2307191,169,169.0
798,,lh__lateraloccipital__152,Left,123,40,73,-33,-86,1,lateraloccipital,15048627,108,108.0
799,,lh__lateraloccipital__153,Left,106,25,76,-16,-101,4,lateraloccipital,2333043,265,265.0
800,,lh__lateraloccipital__154,Left,133,52,65,-43,-74,-7,lateraloccipital,13428337,205,205.0
801,,lh__lateraloccipital__155,Left,132,47,62,-42,-79,-10,lateraloccipital,8652071,258,258.0
802,,lh__lateraloccipital__156,Left,123,33,63,-33,-93,-9,lateraloccipital,3020020,200,200.0
803,,lh__lateraloccipital__157,Left,138,48,79,-48,-78,7,lateraloccipital,12009740,166,166.0
804,,lh__lateraloccipital__158,Left,134,49,85,-44,-77,13,lateraloccipital,8162540,199,199.0
805,,lh__lateraloccipital__159,Left,105,25,83,-15,-101,11,lateraloccipital,7384741,124,124.0
806,,lh__lateraloccipital__160,Left,106,25,85,-16,-101,13,lateraloccipital,1644119,75,75.0
807,,lh__lateraloccipital__161,Left,108,28,89,-18,-98,17,lateraloccipital,9976144,110,110.0
808,,lh__lateraloccipital__162,Left,106,27,88,-16,-99,16,lateraloccipital,3796454,101,101.0
809,,lh__lateraloccipital__163,Left,109,29,83,-19,-97,11,lateraloccipital,2610782,153,153.0
810,,lh__lateraloccipital__164,Left,110,29,86,-20,-97,14,lateraloccipital,474715,73,73.0
811,,lh__lateraloccipital__165,Left,110,30,89,-20,-96,17,lateraloccipital,6826461,118,118.0
812,,lh__lateraloccipital__166,Left,111,31,93,-21,-95,21,lateraloccipital,5780703,82,82.0
813,,lh__lateralorbitofrontal__1,Left,102,165,50,-12,39,-22,lateralorbitofrontal,9450614,51,51.0
814,,lh__lateralorbitofrontal__2,Left,122,157,54,-32,31,-18,lateralorbitofrontal,4333144,341,341.0
815,,lh__lateralorbitofrontal__3,Left,116,146,49,-26,20,-23,lateralorbitofrontal,12233423,211,211.0
816,,lh__lateralorbitofrontal__4,Left,118,176,59,-28,50,-13,lateralorbitofrontal,6209812,145,145.0
817,,lh__lateralorbitofrontal__5,Left,118,152,72,-28,26,0,lateralorbitofrontal,3531920,89,89.0
818,,lh__lateralorbitofrontal__6,Left,106,163,49,-16,37,-23,lateralorbitofrontal,499037,119,119.0
819,,lh__lateralorbitofrontal__7,Left,107,139,48,-17,13,-24,lateralorbitofrontal,5862039,228,228.0
820,,lh__lateralorbitofrontal__8,Left,118,147,67,-28,21,-5,lateralorbitofrontal,8152637,97,97.0
821,,lh__lateralorbitofrontal__9,Left,117,146,59,-27,20,-13,lateralorbitofrontal,13942989,92,92.0
822,,lh__lateralorbitofrontal__10,Left,109,136,52,-19,10,-20,lateralorbitofrontal,16516731,90,90.0
823,,lh__lateralorbitofrontal__11,Left,100,177,49,-10,51,-23,lateralorbitofrontal,8029377,153,153.0
824,,lh__lateralorbitofrontal__12,Left,103,149,54,-13,23,-18,lateralorbitofrontal,1758273,109,109.0
825,,lh__lateralorbitofrontal__13,Left,119,171,58,-29,45,-14,lateralorbitofrontal,14346473,239,239.0
826,,lh__lateralorbitofrontal__14,Left,118,153,76,-28,27,4,lateralorbitofrontal,11852640,75,75.0
827,,lh__lateralorbitofrontal__15,Left,115,165,58,-25,39,-14,lateralorbitofrontal,8944147,143,143.0
828,,lh__lateralorbitofrontal__16,Left,104,170,49,-14,44,-23,lateralorbitofrontal,10688345,120,120.0
829,,lh__lateralorbitofrontal__17,Left,117,138,50,-27,12,-22,lateralorbitofrontal,14137070,148,148.0
830,,lh__lateralorbitofrontal__18,Left,126,153,67,-36,27,-5,lateralorbitofrontal,12489997,158,158.0
831,,lh__lateralorbitofrontal__19,Left,117,146,64,-27,20,-8,lateralorbitofrontal,11068940,90,90.0
832,,lh__lateralorbitofrontal__20,Left,112,178,60,-22,52,-12,lateralorbitofrontal,10892134,90,90.0
833,,lh__lateralorbitofrontal__21,Left,119,162,64,-29,36,-8,lateralorbitofrontal,7711958,83,83.0
834,,lh__lateralorbitofrontal__22,Left,129,149,63,-39,23,-9,lateralorbitofrontal,2139758,152,152.0
835,,lh__lateralorbitofrontal__23,Left,103,158,52,-13,32,-20,lateralorbitofrontal,12598841,48,48.0
836,,lh__lateralorbitofrontal__24,Left,104,143,54,-14,17,-18,lateralorbitofrontal,9846297,130,130.0
837,,lh__lateralorbitofrontal__25,Left,121,165,64,-31,39,-8,lateralorbitofrontal,7156208,86,86.0
838,,lh__lateralorbitofrontal__26,Left,119,154,69,-29,28,-3,lateralorbitofrontal,5702251,83,83.0
839,,lh__lateralorbitofrontal__27,Left,102,155,49,-12,29,-23,lateralorbitofrontal,5264314,75,75.0
840,,lh__lateralorbitofrontal__28,Left,105,140,56,-15,14,-16,lateralorbitofrontal,16415163,95,95.0
841,,lh__lateralorbitofrontal__29,Left,111,156,53,-21,30,-19,lateralorbitofrontal,16084195,194,194.0
842,,lh__lateralorbitofrontal__30,Left,115,178,59,-25,52,-13,lateralorbitofrontal,9943971,111,111.0
843,,lh__lateralorbitofrontal__31,Left,117,144,55,-27,18,-17,lateralorbitofrontal,10891527,103,103.0
844,,lh__lateralorbitofrontal__32,Left,99,183,50,-9,57,-22,lateralorbitofrontal,5600774,238,238.0
845,,lh__lateralorbitofrontal__33,Left,122,155,70,-32,29,-2,lateralorbitofrontal,3975659,126,126.0
846,,lh__lateralorbitofrontal__34,Left,103,154,52,-13,28,-20,lateralorbitofrontal,12295543,59,59.0
847,,lh__lateralorbitofrontal__35,Left,109,179,58,-19,53,-14,lateralorbitofrontal,200170,111,111.0
848,,lh__lateralorbitofrontal__36,Left,118,150,69,-28,24,-3,lateralorbitofrontal,5702498,104,104.0
849,,lh__lateralorbitofrontal__37,Left,132,148,58,-42,22,-14,lateralorbitofrontal,12161283,206,206.0
850,,lh__lateralorbitofrontal__38,Left,117,159,62,-27,33,-10,lateralorbitofrontal,13536829,109,109.0
851,,lh__lateralorbitofrontal__39,Left,100,172,49,-10,46,-23,lateralorbitofrontal,791715,80,80.0
852,,lh__lateralorbitofrontal__40,Left,106,138,52,-16,12,-20,lateralorbitofrontal,13772636,162,162.0
853,,lh__lateralorbitofrontal__41,Left,109,150,52,-19,24,-20,lateralorbitofrontal,1111015,109,109.0
854,,lh__lateralorbitofrontal__42,Left,120,166,60,-30,40,-12,lateralorbitofrontal,8178416,182,182.0
855,,lh__lateralorbitofrontal__43,Left,124,160,63,-34,34,-9,lateralorbitofrontal,6719716,78,78.0
856,,lh__lateralorbitofrontal__44,Left,99,187,53,-9,61,-19,lateralorbitofrontal,9510640,223,223.0
857,,lh__lateralorbitofrontal__45,Left,119,156,73,-29,30,1,lateralorbitofrontal,13890234,76,76.0
858,,lh__lateralorbitofrontal__46,Left,101,167,50,-11,41,-22,lateralorbitofrontal,7782272,46,46.0
859,,lh__lateralorbitofrontal__47,Left,113,163,56,-23,37,-16,lateralorbitofrontal,6003535,189,189.0
860,,lh__lateralorbitofrontal__48,Left,111,136,49,-21,10,-23,lateralorbitofrontal,8279085,184,184.0
861,,lh__lateralorbitofrontal__49,Left,102,145,57,-12,19,-15,lateralorbitofrontal,7398315,80,80.0
862,,lh__lateralorbitofrontal__50,Left,107,153,49,-17,27,-23,lateralorbitofrontal,1594451,145,145.0
863,,lh__lateralorbitofrontal__51,Left,118,141,51,-28,15,-21,lateralorbitofrontal,5914500,174,174.0
864,,lh__lateralorbitofrontal__52,Left,103,142,49,-13,16,-23,lateralorbitofrontal,6530702,171,171.0
865,,lh__lateralorbitofrontal__53,Left,126,148,61,-36,22,-11,lateralorbitofrontal,751886,279,279.0
866,,lh__lateralorbitofrontal__54,Left,100,169,49,-10,43,-23,lateralorbitofrontal,4689744,66,66.0
867,,lh__lateralorbitofrontal__55,Left,102,161,51,-12,35,-21,lateralorbitofrontal,8184990,91,91.0
868,,lh__lateralorbitofrontal__56,Left,114,174,60,-24,48,-12,lateralorbitofrontal,5295755,134,134.0
869,,lh__lateralorbitofrontal__57,Left,107,147,49,-17,21,-23,lateralorbitofrontal,4159215,151,151.0
870,,lh__lateralorbitofrontal__58,Left,103,178,52,-13,52,-20,lateralorbitofrontal,1594464,147,147.0
871,,lh__lateralorbitofrontal__59,Left,123,150,51,-33,24,-21,lateralorbitofrontal,15308115,268,268.0
872,,lh__lateralorbitofrontal__60,Left,116,168,59,-26,42,-13,lateralorbitofrontal,8122654,217,217.0
873,,lh__lateralorbitofrontal__61,Left,119,151,64,-29,25,-8,lateralorbitofrontal,14771659,97,97.0
874,,lh__lateralorbitofrontal__62,Left,123,159,59,-33,33,-13,lateralorbitofrontal,9669967,165,165.0
875,,lh__lateralorbitofrontal__63,Left,110,152,54,-20,26,-18,lateralorbitofrontal,1036429,86,86.0
876,,lh__lateralorbitofrontal__64,Left,107,165,52,-17,39,-20,lateralorbitofrontal,380889,115,115.0
877,,lh__lateralorbitofrontal__65,Left,122,145,54,-32,19,-18,lateralorbitofrontal,4404619,214,214.0
878,,lh__lateralorbitofrontal__66,Left,113,153,57,-23,27,-15,lateralorbitofrontal,12293867,94,94.0
879,,lh__lateralorbitofrontal__67,Left,115,142,47,-25,16,-25,lateralorbitofrontal,4921698,179,179.0
880,,lh__lateralorbitofrontal__68,Left,112,157,59,-22,31,-13,lateralorbitofrontal,5502081,86,86.0
881,,lh__lateralorbitofrontal__69,Left,101,158,47,-11,32,-25,lateralorbitofrontal,15507975,88,88.0
882,,lh__lateralorbitofrontal__70,Left,127,156,59,-37,30,-13,lateralorbitofrontal,1742063,117,117.0
883,,lh__lateralorbitofrontal__71,Left,104,147,52,-14,21,-20,lateralorbitofrontal,1443475,91,91.0
884,,lh__lateralorbitofrontal__72,Left,101,162,46,-11,36,-26,lateralorbitofrontal,14566641,83,83.0
885,,lh__lateralorbitofrontal__73,Left,107,158,49,-17,32,-23,lateralorbitofrontal,379987,161,161.0
886,,lh__lateralorbitofrontal__74,Left,115,164,62,-25,38,-10,lateralorbitofrontal,4274222,102,102.0
887,,lh__lateralorbitofrontal__75,Left,121,148,60,-31,22,-12,lateralorbitofrontal,12872834,160,160.0
888,,lh__lateralorbitofrontal__76,Left,110,175,58,-20,49,-14,lateralorbitofrontal,7827107,85,85.0
889,,lh__lateralorbitofrontal__77,Left,121,144,49,-31,18,-23,lateralorbitofrontal,15878886,310,310.0
890,,lh__lateralorbitofrontal__78,Left,104,150,47,-14,24,-25,lateralorbitofrontal,3101188,104,104.0
891,,lh__lateralorbitofrontal__79,Left,106,170,54,-16,44,-18,lateralorbitofrontal,3973130,103,103.0
892,,lh__lateralorbitofrontal__80,Left,104,146,49,-14,20,-23,lateralorbitofrontal,14142986,104,104.0
893,,lh__lateralorbitofrontal__81,Left,126,146,55,-36,20,-17,lateralorbitofrontal,739367,325,325.0
894,,lh__lateralorbitofrontal__82,Left,102,166,47,-12,40,-25,lateralorbitofrontal,6710352,87,87.0
895,,lh__lateralorbitofrontal__83,Left,112,161,62,-22,35,-10,lateralorbitofrontal,3506349,68,68.0
896,,lh__lateralorbitofrontal__84,Left,128,152,55,-38,26,-17,lateralorbitofrontal,5584228,348,348.0
897,,lh__lateralorbitofrontal__85,Left,110,144,51,-20,18,-21,lateralorbitofrontal,1066891,182,182.0
898,,lh__lateralorbitofrontal__86,Left,116,157,59,-26,31,-13,lateralorbitofrontal,4413846,133,133.0
899,,lh__lateralorbitofrontal__87,Left,117,151,52,-27,25,-20,lateralorbitofrontal,9436072,218,218.0
900,,lh__lateralorbitofrontal__88,Left,118,156,55,-28,30,-17,lateralorbitofrontal,14195725,249,249.0
901,,lh__lateralorbitofrontal__89,Left,111,167,55,-21,41,-17,lateralorbitofrontal,2080615,191,191.0
902,,lh__lateralorbitofrontal__90,Left,113,138,48,-23,12,-24,lateralorbitofrontal,259528,184,184.0
903,,lh__lateralorbitofrontal__91,Left,112,149,55,-22,23,-17,lateralorbitofrontal,11814084,111,111.0
904,,lh__lateralorbitofrontal__92,Left,111,161,52,-21,35,-20,lateralorbitofrontal,6612166,204,204.0
905,,lh__lateralorbitofrontal__93,Left,112,171,59,-22,45,-13,lateralorbitofrontal,4417151,129,129.0
906,,lh__lateralorbitofrontal__94,Left,111,160,56,-21,34,-16,lateralorbitofrontal,1809017,147,147.0
907,,lh__lateralorbitofrontal__95,Left,123,153,65,-33,27,-7,lateralorbitofrontal,2965993,93,93.0
908,,lh__lateralorbitofrontal__96,Left,103,150,50,-13,24,-22,lateralorbitofrontal,11864303,77,77.0
909,,lh__lateralorbitofrontal__97,Left,109,172,55,-19,46,-17,lateralorbitofrontal,4500515,163,163.0
910,,lh__lateralorbitofrontal__98,Left,102,183,54,-12,57,-18,lateralorbitofrontal,2704214,76,76.0
911,,lh__lateralorbitofrontal__99,Left,104,184,56,-14,58,-16,lateralorbitofrontal,3013158,81,81.0
912,,lh__lateralorbitofrontal__100,Left,105,180,55,-15,54,-17,lateralorbitofrontal,275264,58,58.0
913,,lh__lateralorbitofrontal__101,Left,107,176,55,-17,50,-17,lateralorbitofrontal,6519995,91,91.0
914,,lh__lateralorbitofrontal__102,Left,107,182,57,-17,56,-15,lateralorbitofrontal,7808029,115,115.0
915,,lh__lateralorbitofrontal__103,Left,105,174,53,-15,48,-19,lateralorbitofrontal,11607224,55,55.0
916,,lh__lateralorbitofrontal__104,Left,103,174,50,-13,48,-22,lateralorbitofrontal,721791,52,52.0
917,,lh__lingual__1,Left,92,58,75,-2,-68,3,lingual,1524616,120,120.0
918,,lh__lingual__2,Left,101,75,68,-11,-51,-4,lingual,14323988,113,113.0
919,,lh__lingual__3,Left,106,77,69,-16,-49,-3,lingual,5374499,77,77.0
920,,lh__lingual__4,Left,109,49,62,-19,-77,-10,lingual,10549495,89,89.0
921,,lh__lingual__5,Left,119,81,67,-29,-45,-5,lingual,113858,110,110.0
922,,lh__lingual__6,Left,114,61,66,-24,-65,-6,lingual,10589127,70,70.0
923,,lh__lingual__7,Left,91,51,71,-1,-75,-1,lingual,16485030,138,138.0
924,,lh__lingual__8,Left,111,71,66,-21,-55,-6,lingual,15247563,79,79.0
925,,lh__lingual__9,Left,108,44,60,-18,-82,-12,lingual,511013,113,113.0
926,,lh__lingual__10,Left,91,39,66,-1,-87,-6,lingual,7163414,120,120.0
927,,lh__lingual__11,Left,110,74,75,-20,-52,3,lingual,8929531,68,68.0
928,,lh__lingual__12,Left,102,42,55,-12,-84,-17,lingual,10407550,132,132.0
929,,lh__lingual__13,Left,95,33,61,-5,-93,-11,lingual,13797951,418,418.0
930,,lh__lingual__14,Left,109,55,65,-19,-71,-7,lingual,1358632,98,98.0
931,,lh__lingual__15,Left,111,75,66,-21,-51,-6,lingual,1417582,71,71.0
932,,lh__lingual__16,Left,103,76,65,-13,-50,-7,lingual,8201240,119,119.0
933,,lh__lingual__17,Left,117,67,66,-27,-59,-6,lingual,10676038,61,61.0
934,,lh__lingual__18,Left,116,65,66,-26,-61,-6,lingual,5520492,67,67.0
935,,lh__lingual__19,Left,97,54,69,-7,-72,-3,lingual,4486379,152,152.0
936,,lh__lingual__20,Left,104,82,67,-14,-44,-5,lingual,11673694,102,102.0
937,,lh__lingual__21,Left,99,51,67,-9,-75,-5,lingual,2204362,231,231.0
938,,lh__lingual__22,Left,112,51,66,-22,-75,-6,lingual,6565498,152,152.0
939,,lh__lingual__23,Left,91,35,65,-1,-91,-7,lingual,13475677,154,154.0
940,,lh__lingual__24,Left,99,67,70,-9,-59,-2,lingual,14506455,125,125.0
941,,lh__lingual__25,Left,108,81,61,-18,-45,-11,lingual,11746975,86,86.0
942,,lh__lingual__26,Left,113,62,75,-23,-64,3,lingual,2375469,44,44.0
943,,lh__lingual__27,Left,112,72,76,-22,-54,4,lingual,15524722,52,52.0
944,,lh__lingual__28,Left,92,48,66,-2,-78,-6,lingual,11196986,158,158.0
945,,lh__lingual__29,Left,115,57,66,-25,-69,-6,lingual,3615803,50,50.0
946,,lh__lingual__30,Left,92,62,75,-2,-64,3,lingual,7982715,155,155.0
947,,lh__lingual__31,Left,106,68,68,-16,-58,-4,lingual,3909839,81,81.0
948,,lh__lingual__32,Left,92,46,73,-2,-80,1,lingual,7144954,90,90.0
949,,lh__lingual__33,Left,105,46,59,-15,-80,-13,lingual,8712083,104,104.0
950,,lh__lingual__34,Left,91,54,75,-1,-72,3,lingual,3223052,97,97.0
951,,lh__lingual__35,Left,109,72,66,-19,-54,-6,lingual,11935030,80,80.0
952,,lh__lingual__36,Left,96,65,76,-6,-61,4,lingual,6267811,137,137.0
953,,lh__lingual__37,Left,119,77,67,-29,-49,-5,lingual,12833016,58,58.0
954,,lh__lingual__38,Left,99,52,62,-9,-74,-10,lingual,1987361,81,81.0
955,,lh__lingual__39,Left,114,69,65,-24,-57,-7,lingual,14546054,96,96.0
956,,lh__lingual__40,Left,110,59,75,-20,-67,3,lingual,9422914,132,132.0
957,,lh__lingual__41,Left,109,77,71,-19,-49,-1,lingual,16323081,76,76.0
958,,lh__lingual__42,Left,93,52,78,-3,-74,6,lingual,14544478,65,65.0
959,,lh__lingual__43,Left,103,84,64,-13,-42,-8,lingual,15710536,56,56.0
960,,lh__lingual__44,Left,100,37,57,-10,-89,-15,lingual,10447867,206,206.0
961,,lh__lingual__45,Left,112,69,75,-22,-57,3,lingual,15735712,79,79.0
962,,lh__lingual__46,Left,95,62,72,-5,-64,0,lingual,14593422,112,112.0
963,,lh__lingual__47,Left,113,78,66,-23,-48,-6,lingual,15403412,93,93.0
964,,lh__lingual__48,Left,112,66,75,-22,-60,3,lingual,7473738,82,82.0
965,,lh__lingual__49,Left,103,50,63,-13,-76,-9,lingual,10743419,147,147.0
966,,lh__lingual__50,Left,101,61,66,-11,-65,-6,lingual,13464017,149,149.0
967,,lh__lingual__51,Left,98,40,59,-8,-86,-13,lingual,14556932,285,285.0
968,,lh__lingual__52,Left,106,42,57,-16,-84,-15,lingual,12164054,143,143.0
969,,lh__lingual__53,Left,103,64,70,-13,-62,-2,lingual,5924128,83,83.0
970,,lh__lingual__54,Left,112,55,67,-22,-71,-5,lingual,1669615,81,81.0
971,,lh__lingual__55,Left,96,66,72,-6,-60,0,lingual,4004444,114,114.0
972,,lh__lingual__56,Left,102,79,65,-12,-47,-7,lingual,3597295,68,68.0
973,,lh__lingual__57,Left,92,45,62,-2,-81,-10,lingual,12831950,177,177.0
974,,lh__lingual__58,Left,110,78,63,-20,-48,-9,lingual,10545209,80,80.0
975,,lh__lingual__59,Left,92,49,76,-2,-77,4,lingual,9164063,73,73.0
976,,lh__lingual__60,Left,108,46,62,-18,-80,-10,lingual,7271316,60,60.0
977,,lh__lingual__61,Left,111,81,65,-21,-45,-7,lingual,12671009,68,68.0
978,,lh__lingual__62,Left,92,43,69,-2,-83,-3,lingual,12780912,119,119.0
979,,lh__lingual__63,Left,107,75,63,-17,-51,-9,lingual,5852116,106,106.0
980,,lh__lingual__64,Left,106,52,64,-16,-74,-8,lingual,11995882,152,152.0
981,,lh__lingual__65,Left,109,68,65,-19,-58,-7,lingual,10805127,120,120.0
982,,lh__lingual__66,Left,107,80,68,-17,-46,-4,lingual,1762357,56,56.0
983,,lh__lingual__67,Left,100,56,65,-10,-70,-7,lingual,1212757,184,184.0
984,,lh__lingual__68,Left,92,56,79,-2,-70,7,lingual,1704706,67,67.0
985,,lh__lingual__69,Left,105,47,63,-15,-79,-9,lingual,10851222,94,94.0
986,,lh__lingual__70,Left,118,71,66,-28,-55,-6,lingual,15000843,77,77.0
987,,lh__lingual__71,Left,99,48,61,-9,-78,-11,lingual,7039933,124,124.0
988,,lh__lingual__72,Left,93,36,58,-3,-90,-14,lingual,16113497,229,229.0
989,,lh__lingual__73,Left,100,62,72,-10,-64,0,lingual,9810704,85,85.0
990,,lh__lingual__74,Left,105,79,62,-15,-47,-10,lingual,168921,92,92.0
991,,lh__lingual__75,Left,104,55,62,-14,-71,-10,lingual,14953209,105,105.0
992,,lh__lingual__76,Left,105,64,64,-15,-62,-8,lingual,16607741,157,157.0
993,,lh__lingual__77,Left,105,71,65,-15,-55,-7,lingual,16395649,96,96.0
994,,lh__lingual__78,Left,101,44,60,-11,-82,-12,lingual,484537,193,193.0
995,,lh__lingual__79,Left,111,69,63,-21,-57,-9,lingual,14620712,97,97.0
996,,lh__lingual__80,Left,106,74,70,-16,-52,-2,lingual,8919419,102,102.0
997,,lh__lingual__81,Left,95,58,71,-5,-68,-1,lingual,899896,134,134.0
998,,lh__lingual__82,Left,114,73,66,-24,-53,-6,lingual,16688286,98,98.0
999,,lh__lingual__83,Left,111,59,64,-21,-67,-8,lingual,12799974,110,110.0
1000,,lh__lingual__84,Left,117,75,67,-27,-51,-5,lingual,7331017,85,85.0
1001,,lh__lingual__85,Left,102,68,67,-12,-58,-5,lingual,7868173,128,128.0
1002,,lh__lingual__86,Left,95,50,68,-5,-76,-4,lingual,9274572,193,193.0
1003,,lh__lingual__87,Left,115,81,67,-25,-45,-5,lingual,13905193,78,78.0
1004,,lh__lingual__88,Left,103,46,62,-13,-80,-10,lingual,15105532,102,102.0
1005,,lh__lingual__89,Left,99,60,70,-9,-66,-2,lingual,6637919,121,121.0
1006,,lh__lingual__90,Left,108,56,61,-18,-70,-11,lingual,10264786,102,102.0
1007,,lh__lingual__91,Left,108,67,62,-18,-59,-10,lingual,1427386,155,155.0
1008,,lh__lingual__92,Left,104,60,62,-14,-66,-10,lingual,161600,121,121.0
1009,,lh__lingual__93,Left,93,40,60,-3,-86,-12,lingual,16632055,280,280.0
1010,,lh__lingual__94,Left,95,53,72,-5,-73,0,lingual,7942918,184,184.0
1011,,lh__lingual__95,Left,116,61,66,-26,-65,-6,lingual,9526080,54,54.0
1012,,lh__lingual__96,Left,110,73,72,-20,-53,0,lingual,12379201,110,110.0
1013,,lh__lingual__97,Left,110,62,62,-20,-64,-10,lingual,1104430,275,275.0
1014,,lh__lingual__98,Left,103,61,69,-13,-65,-3,lingual,10764459,95,95.0
1015,,lh__lingual__99,Left,98,58,67,-8,-68,-5,lingual,135727,128,128.0
1016,,lh__lingual__100,Left,107,64,67,-17,-62,-5,lingual,4721785,98,98.0
1017,,lh__lingual__101,Left,103,85,65,-13,-41,-7,lingual,6288869,43,43.0
1018,,lh__lingual__102,Left,99,69,73,-9,-57,1,lingual,2815063,83,83.0
1019,,lh__lingual__103,Left,108,49,64,-18,-77,-8,lingual,7359633,86,86.0
1020,,lh__lingual__104,Left,109,51,66,-19,-75,-6,lingual,3043818,73,73.0
1021,,lh__lingual__105,Left,99,73,70,-9,-53,-2,lingual,1255339,94,94.0
1022,,lh__lingual__106,Left,104,78,68,-14,-48,-4,lingual,10278380,71,71.0
1023,,lh__lingual__107,Left,105,64,75,-15,-62,3,lingual,998291,74,74.0
1024,,lh__lingual__108,Left,107,63,75,-17,-63,3,lingual,11412404,107,107.0
1025,,lh__lingual__109,Left,97,62,77,-7,-64,5,lingual,13408786,80,80.0
1026,,lh__lingual__110,Left,101,61,76,-11,-65,4,lingual,16645858,69,69.0
1027,,lh__lingual__111,Left,101,66,75,-11,-60,3,lingual,3216235,77,77.0
1028,,lh__lingual__112,Left,106,66,74,-16,-60,2,lingual,3681114,90,90.0
1029,,lh__lingual__113,Left,97,48,64,-7,-78,-8,lingual,12420168,70,70.0
1030,,lh__lingual__114,Left,95,47,63,-5,-79,-9,lingual,16052986,96,96.0
1031,,lh__lingual__115,Left,94,61,79,-4,-65,7,lingual,8005076,94,94.0
1032,,lh__lingual__116,Left,107,70,72,-17,-56,0,lingual,7220199,92,92.0
1033,,lh__lingual__117,Left,107,68,73,-17,-58,1,lingual,8705039,75,75.0
1034,,lh__lingual__118,Left,97,45,61,-7,-81,-11,lingual,5752212,115,115.0
1035,,lh__lingual__119,Left,96,43,62,-6,-83,-10,lingual,15300977,115,115.0
1036,,lh__lingual__120,Left,100,58,76,-10,-68,4,lingual,2676777,64,64.0
1037,,lh__lingual__121,Left,107,56,75,-17,-70,3,lingual,3947875,78,78.0
1038,,lh__lingual__122,Left,100,71,73,-10,-55,1,lingual,8422230,38,38.0
1039,,lh__lingual__123,Left,104,71,72,-14,-55,0,lingual,8298475,89,89.0
1040,,lh__medialorbitofrontal__1,Left,96,153,56,-6,27,-16,medialorbitofrontal,675513,85,85.0
1041,,lh__medialorbitofrontal__2,Left,96,149,57,-6,23,-15,medialorbitofrontal,16161903,92,92.0
1042,,lh__medialorbitofrontal__3,Left,97,180,68,-7,54,-4,medialorbitofrontal,9163973,88,88.0
1043,,lh__medialorbitofrontal__4,Left,98,182,70,-8,56,-2,medialorbitofrontal,16442621,78,78.0
1044,,lh__medialorbitofrontal__5,Left,98,151,50,-8,25,-22,medialorbitofrontal,6838809,95,95.0
1045,,lh__medialorbitofrontal__6,Left,94,171,48,-4,45,-24,medialorbitofrontal,9060147,123,123.0
1046,,lh__medialorbitofrontal__7,Left,94,140,59,-4,14,-13,medialorbitofrontal,12483657,77,77.0
1047,,lh__medialorbitofrontal__8,Left,98,162,63,-8,36,-9,medialorbitofrontal,13282769,55,55.0
1048,,lh__medialorbitofrontal__9,Left,101,141,57,-11,15,-15,medialorbitofrontal,768694,103,103.0
1049,,lh__medialorbitofrontal__10,Left,102,172,69,-12,46,-3,medialorbitofrontal,8805075,92,92.0
1050,,lh__medialorbitofrontal__11,Left,103,176,71,-13,50,-1,medialorbitofrontal,16283024,62,62.0
1051,,lh__medialorbitofrontal__12,Left,96,164,48,-6,38,-24,medialorbitofrontal,7489334,77,77.0
1052,,lh__medialorbitofrontal__13,Left,99,165,52,-9,39,-20,medialorbitofrontal,370484,37,37.0
1053,,lh__medialorbitofrontal__14,Left,93,141,55,-3,15,-17,medialorbitofrontal,12738207,104,104.0
1054,,lh__medialorbitofrontal__15,Left,96,176,60,-6,50,-12,medialorbitofrontal,5241251,198,198.0
1055,,lh__medialorbitofrontal__16,Left,98,145,50,-8,19,-22,medialorbitofrontal,10849267,96,96.0
1056,,lh__medialorbitofrontal__17,Left,98,171,51,-8,45,-21,medialorbitofrontal,9926765,57,57.0
1057,,lh__medialorbitofrontal__18,Left,95,185,65,-5,59,-7,medialorbitofrontal,948168,165,165.0
1058,,lh__medialorbitofrontal__19,Left,98,138,53,-8,12,-19,medialorbitofrontal,8686234,51,51.0
1059,,lh__medialorbitofrontal__20,Left,93,176,52,-3,50,-20,medialorbitofrontal,2280631,151,151.0
1060,,lh__medialorbitofrontal__21,Left,98,158,60,-8,32,-12,medialorbitofrontal,12160359,115,115.0
1061,,lh__medialorbitofrontal__22,Left,97,154,48,-7,28,-24,medialorbitofrontal,12164249,111,111.0
1062,,lh__medialorbitofrontal__23,Left,100,162,52,-10,36,-20,medialorbitofrontal,15801151,38,38.0
1063,,lh__medialorbitofrontal__24,Left,100,174,71,-10,48,-1,medialorbitofrontal,4147570,104,104.0
1064,,lh__medialorbitofrontal__25,Left,95,185,71,-5,59,-1,medialorbitofrontal,13566933,113,113.0
1065,,lh__medialorbitofrontal__26,Left,94,146,59,-4,20,-13,medialorbitofrontal,13223059,79,79.0
1066,,lh__medialorbitofrontal__27,Left,93,185,58,-3,59,-14,medialorbitofrontal,5045408,158,158.0
1067,,lh__medialorbitofrontal__28,Left,99,166,65,-9,40,-7,medialorbitofrontal,9593903,60,60.0
1068,,lh__medialorbitofrontal__29,Left,96,151,59,-6,25,-13,medialorbitofrontal,12627752,62,62.0
1069,,lh__medialorbitofrontal__30,Left,95,164,56,-5,38,-16,medialorbitofrontal,6264692,125,125.0
1070,,lh__medialorbitofrontal__31,Left,97,176,51,-7,50,-21,medialorbitofrontal,13472352,102,102.0
1071,,lh__medialorbitofrontal__32,Left,101,179,70,-11,53,-2,medialorbitofrontal,5206881,54,54.0
1072,,lh__medialorbitofrontal__33,Left,96,175,49,-6,49,-23,medialorbitofrontal,5365818,90,90.0
1073,,lh__medialorbitofrontal__34,Left,99,163,59,-9,37,-13,medialorbitofrontal,12698104,57,57.0
1074,,lh__medialorbitofrontal__35,Left,100,157,53,-10,31,-19,medialorbitofrontal,8750898,47,47.0
1075,,lh__medialorbitofrontal__36,Left,94,137,54,-4,11,-18,medialorbitofrontal,7431724,96,96.0
1076,,lh__medialorbitofrontal__37,Left,96,173,58,-6,47,-14,medialorbitofrontal,15959912,167,167.0
1077,,lh__medialorbitofrontal__38,Left,93,163,53,-3,37,-19,medialorbitofrontal,8588304,147,147.0
1078,,lh__medialorbitofrontal__39,Left,93,168,49,-3,42,-23,medialorbitofrontal,2790906,118,118.0
1079,,lh__medialorbitofrontal__40,Left,93,160,47,-3,34,-25,medialorbitofrontal,12338898,148,148.0
1080,,lh__medialorbitofrontal__41,Left,94,181,50,-4,55,-22,medialorbitofrontal,14105633,222,222.0
1081,,lh__medialorbitofrontal__42,Left,103,174,67,-13,48,-5,medialorbitofrontal,6064201,51,51.0
1082,,lh__medialorbitofrontal__43,Left,101,159,52,-11,33,-20,medialorbitofrontal,13361781,44,44.0
1083,,lh__medialorbitofrontal__44,Left,99,163,63,-9,37,-9,medialorbitofrontal,3545903,60,60.0
1084,,lh__medialorbitofrontal__45,Left,93,150,49,-3,24,-23,medialorbitofrontal,13784292,127,127.0
1085,,lh__medialorbitofrontal__46,Left,95,179,65,-5,53,-7,medialorbitofrontal,4795115,193,193.0
1086,,lh__medialorbitofrontal__47,Left,93,139,55,-3,13,-17,medialorbitofrontal,1442349,109,109.0
1087,,lh__medialorbitofrontal__48,Left,98,156,60,-8,30,-12,medialorbitofrontal,10559558,48,48.0
1088,,lh__medialorbitofrontal__49,Left,98,167,51,-8,41,-21,medialorbitofrontal,8914978,37,37.0
1089,,lh__medialorbitofrontal__50,Left,93,173,50,-3,47,-22,medialorbitofrontal,4578889,145,145.0
1090,,lh__medialorbitofrontal__51,Left,100,150,53,-10,24,-19,medialorbitofrontal,8303533,83,83.0
1091,,lh__medialorbitofrontal__52,Left,100,146,54,-10,20,-18,medialorbitofrontal,6717686,82,82.0
1092,,lh__medialorbitofrontal__53,Left,95,170,57,-5,44,-15,medialorbitofrontal,328629,155,155.0
1093,,lh__medialorbitofrontal__54,Left,93,142,50,-3,16,-22,medialorbitofrontal,5706775,115,115.0
1094,,lh__medialorbitofrontal__55,Left,97,156,56,-7,30,-16,medialorbitofrontal,8141762,82,82.0
1095,,lh__medialorbitofrontal__56,Left,96,167,57,-6,41,-15,medialorbitofrontal,11474761,114,114.0
1096,,lh__medialorbitofrontal__57,Left,101,169,67,-11,43,-5,medialorbitofrontal,13515986,70,70.0
1097,,lh__medialorbitofrontal__58,Left,101,154,53,-11,28,-19,medialorbitofrontal,9072902,60,60.0
1098,,lh__medialorbitofrontal__59,Left,95,185,68,-5,59,-4,medialorbitofrontal,9060299,171,171.0
1099,,lh__medialorbitofrontal__60,Left,94,144,56,-4,18,-16,medialorbitofrontal,1331731,113,113.0
1100,,lh__medialorbitofrontal__61,Left,97,158,49,-7,32,-23,medialorbitofrontal,16116010,84,84.0
1101,,lh__medialorbitofrontal__62,Left,99,175,64,-9,49,-8,medialorbitofrontal,470122,122,122.0
1102,,lh__medialorbitofrontal__63,Left,99,172,62,-9,46,-10,medialorbitofrontal,11722029,124,124.0
1103,,lh__medialorbitofrontal__64,Left,97,153,59,-7,27,-13,medialorbitofrontal,3433294,53,53.0
1104,,lh__medialorbitofrontal__65,Left,101,178,67,-11,52,-5,medialorbitofrontal,1612836,81,81.0
1105,,lh__medialorbitofrontal__66,Left,93,169,54,-3,43,-18,medialorbitofrontal,3341960,134,134.0
1106,,lh__medialorbitofrontal__67,Left,93,152,53,-3,26,-19,medialorbitofrontal,947878,129,129.0
1107,,lh__medialorbitofrontal__68,Left,96,148,47,-6,22,-25,medialorbitofrontal,12799766,110,110.0
1108,,lh__medialorbitofrontal__69,Left,93,184,53,-3,58,-19,medialorbitofrontal,7414068,227,227.0
1109,,lh__medialorbitofrontal__70,Left,101,165,62,-11,39,-10,medialorbitofrontal,10210010,48,48.0
1110,,lh__medialorbitofrontal__71,Left,94,159,55,-4,33,-17,medialorbitofrontal,964982,134,134.0
1111,,lh__medialorbitofrontal__72,Left,99,142,53,-9,16,-19,medialorbitofrontal,8300375,97,97.0
1112,,lh__medialorbitofrontal__73,Left,99,166,60,-9,40,-12,medialorbitofrontal,13256325,65,65.0
1113,,lh__medialorbitofrontal__74,Left,99,169,61,-9,43,-11,medialorbitofrontal,5000176,90,90.0
1114,,lh__medialorbitofrontal__75,Left,102,171,66,-12,45,-6,medialorbitofrontal,2770421,56,56.0
1115,,lh__medialorbitofrontal__76,Left,92,146,51,-2,20,-21,medialorbitofrontal,9943347,126,126.0
1116,,lh__medialorbitofrontal__77,Left,94,166,47,-4,40,-25,medialorbitofrontal,4818959,139,139.0
1117,,lh__medialorbitofrontal__78,Left,94,148,54,-4,22,-18,medialorbitofrontal,722052,118,118.0
1118,,lh__medialorbitofrontal__79,Left,98,161,57,-8,35,-15,medialorbitofrontal,8573396,68,68.0
1119,,lh__medialorbitofrontal__80,Left,99,161,61,-9,35,-11,medialorbitofrontal,5037749,41,41.0
1120,,lh__medialorbitofrontal__81,Left,99,168,52,-9,42,-20,medialorbitofrontal,10043660,36,36.0
1121,,lh__medialorbitofrontal__82,Left,101,168,64,-11,42,-8,medialorbitofrontal,5216446,48,48.0
1122,,lh__medialorbitofrontal__83,Left,96,140,50,-6,14,-22,medialorbitofrontal,13689918,130,130.0
1123,,lh__medialorbitofrontal__84,Left,97,161,49,-7,35,-23,medialorbitofrontal,7182768,67,67.0
1124,,lh__medialorbitofrontal__85,Left,92,162,49,-2,36,-23,medialorbitofrontal,3445770,127,127.0
1125,,lh__medialorbitofrontal__86,Left,93,155,47,-3,29,-25,medialorbitofrontal,4728936,168,168.0
1126,,lh__medialorbitofrontal__87,Left,94,143,60,-4,17,-12,medialorbitofrontal,11524053,72,72.0
1127,,lh__medialorbitofrontal__88,Left,96,179,62,-6,53,-10,medialorbitofrontal,7293651,122,122.0
1128,,lh__medialorbitofrontal__89,Left,95,181,57,-5,55,-15,medialorbitofrontal,13355996,71,71.0
1129,,lh__medialorbitofrontal__90,Left,96,182,60,-6,56,-12,medialorbitofrontal,14299692,127,127.0
1130,,lh__medialorbitofrontal__91,Left,94,185,61,-4,59,-11,medialorbitofrontal,1265008,77,77.0
1131,,lh__medialorbitofrontal__92,Left,95,186,63,-5,60,-9,medialorbitofrontal,5292365,58,58.0
1132,,lh__medialorbitofrontal__93,Left,93,157,53,-3,31,-19,medialorbitofrontal,4114327,77,77.0
1133,,lh__medialorbitofrontal__94,Left,93,156,52,-3,30,-20,medialorbitofrontal,15529263,70,70.0
1134,,lh__medialorbitofrontal__95,Left,93,178,54,-3,52,-18,medialorbitofrontal,6645476,84,84.0
1135,,lh__medialorbitofrontal__96,Left,94,179,56,-4,53,-16,medialorbitofrontal,9750066,76,76.0
1136,,lh__middletemporal__1,Left,140,66,80,-50,-60,8,middletemporal,11252340,104,104.0
1137,,lh__middletemporal__2,Left,138,99,64,-48,-27,-8,middletemporal,6542913,62,62.0
1138,,lh__middletemporal__3,Left,132,139,37,-42,13,-35,middletemporal,4169400,121,121.0
1139,,lh__middletemporal__4,Left,155,111,61,-65,-15,-11,middletemporal,14953035,150,150.0
1140,,lh__middletemporal__5,Left,146,130,43,-56,4,-29,middletemporal,6400013,188,188.0
1141,,lh__middletemporal__6,Left,143,67,80,-53,-59,8,middletemporal,2927397,107,107.0
1142,,lh__middletemporal__7,Left,149,77,65,-59,-49,-7,middletemporal,10929372,144,144.0
1143,,lh__middletemporal__8,Left,145,63,72,-55,-63,0,middletemporal,13640174,86,86.0
1144,,lh__middletemporal__9,Left,137,136,42,-47,10,-30,middletemporal,1707906,133,133.0
1145,,lh__middletemporal__10,Left,139,130,35,-49,4,-37,middletemporal,3135564,189,189.0
1146,,lh__middletemporal__11,Left,141,118,54,-51,-8,-18,middletemporal,12233403,76,76.0
1147,,lh__middletemporal__12,Left,144,113,47,-54,-13,-25,middletemporal,2201137,101,101.0
1148,,lh__middletemporal__13,Left,142,60,75,-52,-66,3,middletemporal,2275917,164,164.0
1149,,lh__middletemporal__14,Left,135,134,32,-45,8,-40,middletemporal,15282092,141,141.0
1150,,lh__middletemporal__15,Left,129,137,32,-39,11,-40,middletemporal,5156530,120,120.0
1151,,lh__middletemporal__16,Left,152,73,69,-62,-53,-3,middletemporal,6643416,181,181.0
1152,,lh__middletemporal__17,Left,150,122,58,-60,-4,-14,middletemporal,271502,169,169.0
1153,,lh__middletemporal__18,Left,138,131,45,-48,5,-27,middletemporal,1729021,62,62.0
1154,,lh__middletemporal__19,Left,136,58,78,-46,-68,6,middletemporal,10529520,142,142.0
1155,,lh__middletemporal__20,Left,148,114,59,-58,-12,-13,middletemporal,3606010,219,219.0
1156,,lh__middletemporal__21,Left,156,95,62,-66,-31,-10,middletemporal,11130759,208,208.0
1157,,lh__middletemporal__22,Left,157,99,60,-67,-27,-12,middletemporal,14489188,220,220.0
1158,,lh__middletemporal__23,Left,142,115,46,-52,-11,-26,middletemporal,4977112,87,87.0
1159,,lh__middletemporal__24,Left,137,133,33,-47,7,-39,middletemporal,16448697,186,186.0
1160,,lh__middletemporal__25,Left,156,81,72,-66,-45,0,middletemporal,7561790,218,218.0
1161,,lh__middletemporal__26,Left,149,100,56,-59,-26,-16,middletemporal,14083229,145,145.0
1162,,lh__middletemporal__27,Left,155,107,55,-65,-19,-17,middletemporal,2230018,324,324.0
1163,,lh__middletemporal__28,Left,145,88,69,-55,-38,-3,middletemporal,14808049,148,148.0
1164,,lh__middletemporal__29,Left,143,62,73,-53,-64,1,middletemporal,10098604,158,158.0
1165,,lh__middletemporal__30,Left,148,68,80,-58,-58,8,middletemporal,2878843,82,82.0
1166,,lh__middletemporal__31,Left,152,119,52,-62,-7,-20,middletemporal,14084112,255,255.0
1167,,lh__middletemporal__32,Left,151,91,59,-61,-35,-13,middletemporal,6322695,187,187.0
1168,,lh__middletemporal__33,Left,141,107,61,-51,-19,-11,middletemporal,9229777,86,86.0
1169,,lh__middletemporal__34,Left,139,129,46,-49,3,-26,middletemporal,9174360,76,76.0
1170,,lh__middletemporal__35,Left,146,100,64,-56,-26,-8,middletemporal,10592161,172,172.0
1171,,lh__middletemporal__36,Left,130,141,34,-40,15,-38,middletemporal,12474446,133,133.0
1172,,lh__middletemporal__37,Left,148,69,74,-58,-57,2,middletemporal,3161046,270,270.0
1173,,lh__middletemporal__38,Left,154,87,71,-64,-39,-1,middletemporal,4287259,179,179.0
1174,,lh__middletemporal__39,Left,144,125,40,-54,-1,-32,middletemporal,15811260,175,175.0
1175,,lh__middletemporal__40,Left,143,121,43,-53,-5,-29,middletemporal,7060600,224,224.0
1176,,lh__middletemporal__41,Left,154,74,76,-64,-52,4,middletemporal,1609935,159,159.0
1177,,lh__middletemporal__42,Left,141,113,57,-51,-13,-15,middletemporal,12222355,88,88.0
1178,,lh__middletemporal__43,Left,148,68,70,-58,-58,-2,middletemporal,11377592,157,157.0
1179,,lh__middletemporal__44,Left,141,58,80,-51,-68,8,middletemporal,2136522,127,127.0
1180,,lh__middletemporal__45,Left,140,104,62,-50,-22,-10,middletemporal,9854397,81,81.0
1181,,lh__middletemporal__46,Left,142,111,59,-52,-15,-13,middletemporal,14679292,109,109.0
1182,,lh__middletemporal__47,Left,151,68,79,-61,-58,7,middletemporal,10822505,116,116.0
1183,,lh__middletemporal__48,Left,141,91,69,-51,-35,-3,middletemporal,10129153,114,114.0
1184,,lh__middletemporal__49,Left,141,136,39,-51,10,-33,middletemporal,4665937,189,189.0
1185,,lh__middletemporal__50,Left,141,118,45,-51,-8,-27,middletemporal,5451990,88,88.0
1186,,lh__middletemporal__51,Left,140,57,76,-50,-69,4,middletemporal,15409089,137,137.0
1187,,lh__middletemporal__52,Left,150,103,54,-60,-23,-18,middletemporal,10787010,184,184.0
1188,,lh__middletemporal__53,Left,141,115,56,-51,-11,-16,middletemporal,7713394,92,92.0
1189,,lh__middletemporal__54,Left,132,131,35,-42,5,-37,middletemporal,7479536,101,101.0
1190,,lh__middletemporal__55,Left,156,84,71,-66,-42,-1,middletemporal,11066686,147,147.0
1191,,lh__middletemporal__56,Left,150,72,72,-60,-54,0,middletemporal,253012,202,202.0
1192,,lh__middletemporal__57,Left,148,74,66,-58,-52,-6,middletemporal,9845147,127,127.0
1193,,lh__middletemporal__58,Left,142,133,43,-52,7,-29,middletemporal,15047283,152,152.0
1194,,lh__middletemporal__59,Left,153,95,58,-63,-31,-14,middletemporal,1262580,209,209.0
1195,,lh__middletemporal__60,Left,142,128,47,-52,2,-25,middletemporal,7830799,132,132.0
1196,,lh__middletemporal__61,Left,147,116,48,-57,-10,-24,middletemporal,7452792,224,224.0
1197,,lh__middletemporal__62,Left,139,102,63,-49,-24,-9,middletemporal,2826730,79,79.0
1198,,lh__middletemporal__63,Left,149,65,78,-59,-61,6,middletemporal,2198168,157,157.0
1199,,lh__middletemporal__64,Left,140,62,81,-50,-64,9,middletemporal,10240589,106,106.0
1200,,lh__middletemporal__65,Left,135,138,39,-45,12,-33,middletemporal,3164223,142,142.0
1201,,lh__middletemporal__66,Left,151,98,57,-61,-28,-15,middletemporal,5002360,174,174.0
1202,,lh__middletemporal__67,Left,155,87,64,-65,-39,-8,middletemporal,1456541,213,213.0
1203,,lh__middletemporal__68,Left,137,127,39,-47,1,-33,middletemporal,3074879,105,105.0
1204,,lh__middletemporal__69,Left,146,129,50,-56,3,-22,middletemporal,10509786,171,171.0
1205,,lh__middletemporal__70,Left,145,58,78,-55,-68,6,middletemporal,10564181,119,119.0
1206,,lh__middletemporal__71,Left,143,109,60,-53,-17,-12,middletemporal,9078340,131,131.0
1207,,lh__middletemporal__72,Left,139,134,43,-49,8,-29,middletemporal,11678219,117,117.0
1208,,lh__middletemporal__73,Left,148,102,63,-58,-24,-9,middletemporal,15568223,200,200.0
1209,,lh__middletemporal__74,Left,141,59,83,-51,-67,11,middletemporal,1943187,51,51.0
1210,,lh__middletemporal__75,Left,147,116,58,-57,-10,-14,middletemporal,12360188,175,175.0
1211,,lh__middletemporal__76,Left,150,85,61,-60,-41,-11,middletemporal,8956210,195,195.0
1212,,lh__middletemporal__77,Left,142,126,49,-52,0,-23,middletemporal,8390528,81,81.0
1213,,lh__middletemporal__78,Left,142,128,38,-52,2,-34,middletemporal,10107116,235,235.0
1214,,lh__middletemporal__79,Left,150,108,62,-60,-18,-10,middletemporal,10294800,170,170.0
1215,,lh__middletemporal__80,Left,138,94,68,-48,-32,-4,middletemporal,6215373,84,84.0
1216,,lh__middletemporal__81,Left,151,81,67,-61,-45,-5,middletemporal,5297862,202,202.0
1217,,lh__middletemporal__82,Left,146,66,71,-56,-60,-1,middletemporal,15976127,138,138.0
1218,,lh__middletemporal__83,Left,154,110,52,-64,-16,-20,middletemporal,6310252,354,354.0
1219,,lh__middletemporal__84,Left,150,126,51,-60,0,-21,middletemporal,9413046,157,157.0
1220,,lh__middletemporal__85,Left,155,92,63,-65,-34,-9,middletemporal,15293086,177,177.0
1221,,lh__middletemporal__86,Left,146,66,74,-56,-60,2,middletemporal,3612547,205,205.0
1222,,lh__middletemporal__87,Left,151,122,50,-61,-4,-22,middletemporal,12112583,264,264.0
1223,,lh__middletemporal__88,Left,144,132,45,-54,6,-27,middletemporal,13695313,168,168.0
1224,,lh__middletemporal__89,Left,143,62,80,-53,-64,8,middletemporal,10871664,180,180.0
1225,,lh__middletemporal__90,Left,142,123,51,-52,-3,-21,middletemporal,128695,93,93.0
1226,,lh__middletemporal__91,Left,153,90,70,-63,-36,-2,middletemporal,13548769,238,238.0
1227,,lh__middletemporal__92,Left,152,82,61,-62,-44,-11,middletemporal,6480030,178,178.0
1228,,lh__middletemporal__93,Left,142,67,82,-52,-59,10,middletemporal,1353967,108,108.0
1229,,lh__middletemporal__94,Left,154,115,60,-64,-11,-12,middletemporal,12137800,141,141.0
1230,,lh__middletemporal__95,Left,149,70,67,-59,-56,-5,middletemporal,13114361,131,131.0
1231,,lh__middletemporal__96,Left,133,138,32,-43,12,-40,middletemporal,10764462,190,190.0
1232,,lh__middletemporal__97,Left,148,127,45,-58,1,-27,middletemporal,14608530,228,228.0
1233,,lh__middletemporal__98,Left,145,118,56,-55,-8,-16,middletemporal,15506728,145,145.0
1234,,lh__middletemporal__99,Left,138,97,67,-48,-29,-5,middletemporal,950616,73,73.0
1235,,lh__middletemporal__100,Left,139,122,42,-49,-4,-30,middletemporal,1389916,100,100.0
1236,,lh__middletemporal__101,Left,156,103,63,-66,-23,-9,middletemporal,11538036,178,178.0
1237,,lh__middletemporal__102,Left,147,108,51,-57,-18,-21,middletemporal,6141331,178,178.0
1238,,lh__middletemporal__103,Left,138,137,36,-48,11,-36,middletemporal,417715,199,199.0
1239,,lh__middletemporal__104,Left,145,110,49,-55,-16,-23,middletemporal,5483235,109,109.0
1240,,lh__middletemporal__105,Left,152,80,63,-62,-46,-9,middletemporal,11020667,167,167.0
1241,,lh__middletemporal__106,Left,149,89,61,-59,-37,-11,middletemporal,10690812,140,140.0
1242,,lh__middletemporal__107,Left,149,111,60,-59,-15,-12,middletemporal,14037154,215,215.0
1243,,lh__middletemporal__108,Left,155,103,57,-65,-23,-15,middletemporal,2766980,231,231.0
1244,,lh__middletemporal__109,Left,146,62,77,-56,-64,5,middletemporal,2460792,146,146.0
1245,,lh__middletemporal__110,Left,146,122,56,-56,-4,-16,middletemporal,13573169,148,148.0
1246,,lh__middletemporal__111,Left,138,125,40,-48,-1,-32,middletemporal,11742140,82,82.0
1247,,lh__middletemporal__112,Left,142,121,52,-52,-5,-20,middletemporal,400663,102,102.0
1248,,lh__middletemporal__113,Left,145,64,79,-55,-62,7,middletemporal,7886619,147,147.0
1249,,lh__middletemporal__114,Left,156,107,62,-66,-19,-10,middletemporal,4023172,162,162.0
1250,,lh__middletemporal__115,Left,155,99,66,-65,-27,-6,middletemporal,14063758,190,190.0
1251,,lh__middletemporal__116,Left,136,59,81,-46,-67,9,middletemporal,3006987,46,46.0
1252,,lh__middletemporal__117,Left,135,129,35,-45,3,-37,middletemporal,15609690,110,110.0
1253,,lh__middletemporal__118,Left,154,84,66,-64,-42,-6,middletemporal,8111122,214,214.0
1254,,lh__middletemporal__119,Left,154,116,53,-64,-10,-19,middletemporal,7398094,279,279.0
1255,,lh__middletemporal__120,Left,147,120,45,-57,-6,-27,middletemporal,6870926,286,286.0
1256,,lh__middletemporal__121,Left,152,118,59,-62,-8,-13,middletemporal,15568063,117,117.0
1257,,lh__middletemporal__122,Left,147,123,55,-57,-3,-17,middletemporal,1116844,57,57.0
1258,,lh__middletemporal__123,Left,143,133,38,-53,7,-34,middletemporal,1501364,143,143.0
1259,,lh__middletemporal__124,Left,146,68,80,-56,-58,8,middletemporal,8167394,78,78.0
1260,,lh__middletemporal__125,Left,155,77,74,-65,-49,2,middletemporal,2613971,163,163.0
1261,,lh__middletemporal__126,Left,151,77,68,-61,-49,-4,middletemporal,13040877,196,196.0
1262,,lh__middletemporal__127,Left,146,126,53,-56,0,-19,middletemporal,14531808,205,205.0
1263,,lh__middletemporal__128,Left,156,92,68,-66,-34,-4,middletemporal,4031801,175,175.0
1264,,lh__middletemporal__129,Left,130,134,33,-40,8,-39,middletemporal,15545223,107,107.0
1265,,lh__middletemporal__130,Left,153,90,64,-63,-36,-8,middletemporal,15882780,168,168.0
1266,,lh__middletemporal__131,Left,149,113,50,-59,-13,-22,middletemporal,6978679,292,292.0
1267,,lh__middletemporal__132,Left,153,71,77,-63,-55,5,middletemporal,14101569,149,149.0
1268,,lh__middletemporal__133,Left,151,105,52,-61,-21,-20,middletemporal,8644223,190,190.0
1269,,lh__middletemporal__134,Left,146,93,69,-56,-33,-3,middletemporal,10191343,163,163.0
1270,,lh__middletemporal__135,Left,149,92,69,-59,-34,-3,middletemporal,152276,140,140.0
1271,,lh__middletemporal__136,Left,149,98,66,-59,-28,-6,middletemporal,3382876,178,178.0
1272,,lh__middletemporal__137,Left,144,98,65,-54,-28,-7,middletemporal,828022,105,105.0
1273,,lh__middletemporal__138,Left,147,95,68,-57,-31,-4,middletemporal,4541482,154,154.0
1274,,lh__middletemporal__139,Left,142,96,66,-52,-30,-6,middletemporal,1069000,80,80.0
1275,,lh__middletemporal__140,Left,154,95,68,-64,-31,-4,middletemporal,4566696,116,116.0
1276,,lh__middletemporal__141,Left,154,97,67,-64,-29,-5,middletemporal,10370267,70,70.0
1277,,lh__middletemporal__142,Left,147,105,61,-57,-21,-11,middletemporal,13521442,102,102.0
1278,,lh__middletemporal__143,Left,151,105,63,-61,-21,-9,middletemporal,14780517,104,104.0
1279,,lh__parahippocampal__1,Left,112,108,43,-22,-18,-29,parahippocampal,8564002,164,164.0
1280,,lh__parahippocampal__2,Left,108,89,58,-18,-37,-14,parahippocampal,1046917,114,114.0
1281,,lh__parahippocampal__3,Left,107,89,60,-17,-37,-12,parahippocampal,2810030,80,80.0
1282,,lh__parahippocampal__4,Left,113,93,54,-23,-33,-18,parahippocampal,7648320,115,115.0
1283,,lh__parahippocampal__5,Left,115,100,47,-25,-26,-25,parahippocampal,15558828,141,141.0
1284,,lh__parahippocampal__6,Left,102,89,69,-12,-37,-3,parahippocampal,3483632,24,24.0
1285,,lh__parahippocampal__7,Left,114,98,49,-24,-28,-23,parahippocampal,885322,137,137.0
1286,,lh__parahippocampal__8,Left,104,89,61,-14,-37,-11,parahippocampal,13709915,99,99.0
1287,,lh__parahippocampal__9,Left,111,89,57,-21,-37,-15,parahippocampal,1300417,138,138.0
1288,,lh__parahippocampal__10,Left,118,97,53,-28,-29,-19,parahippocampal,11632294,128,128.0
1289,,lh__parahippocampal__11,Left,108,108,47,-18,-18,-25,parahippocampal,2981738,73,73.0
1290,,lh__parahippocampal__12,Left,117,86,62,-27,-40,-10,parahippocampal,147514,147,147.0
1291,,lh__parahippocampal__13,Left,108,96,55,-18,-30,-17,parahippocampal,13749669,85,85.0
1292,,lh__parahippocampal__14,Left,114,102,46,-24,-24,-26,parahippocampal,7059561,119,119.0
1293,,lh__parahippocampal__15,Left,105,93,62,-15,-33,-10,parahippocampal,14005360,60,60.0
1294,,lh__parahippocampal__16,Left,107,95,57,-17,-31,-15,parahippocampal,13537768,90,90.0
1295,,lh__parahippocampal__17,Left,109,103,49,-19,-23,-23,parahippocampal,6877621,86,86.0
1296,,lh__parahippocampal__18,Left,120,85,65,-30,-41,-7,parahippocampal,1958036,91,91.0
1297,,lh__parahippocampal__19,Left,112,91,55,-22,-35,-17,parahippocampal,6658729,125,125.0
1298,,lh__parahippocampal__20,Left,118,107,43,-28,-19,-29,parahippocampal,12349253,148,148.0
1299,,lh__parahippocampal__21,Left,105,84,61,-15,-42,-11,parahippocampal,8396239,78,78.0
1300,,lh__parahippocampal__22,Left,109,102,51,-19,-24,-21,parahippocampal,4364531,97,97.0
1301,,lh__parahippocampal__23,Left,118,95,54,-28,-31,-18,parahippocampal,888240,105,105.0
1302,,lh__parahippocampal__24,Left,103,91,64,-13,-35,-8,parahippocampal,4745466,55,55.0
1303,,lh__parahippocampal__25,Left,110,99,52,-20,-27,-20,parahippocampal,12971000,209,209.0
1304,,lh__parahippocampal__26,Left,120,93,56,-30,-33,-16,parahippocampal,2751604,101,101.0
1305,,lh__parahippocampal__27,Left,112,84,65,-22,-42,-7,parahippocampal,8932407,122,122.0
1306,,lh__parahippocampal__28,Left,106,94,60,-16,-32,-12,parahippocampal,6451786,55,55.0
1307,,lh__parahippocampal__29,Left,113,105,45,-23,-21,-27,parahippocampal,13682155,126,126.0
1308,,lh__parahippocampal__30,Left,121,104,46,-31,-22,-26,parahippocampal,645878,133,133.0
1309,,lh__parahippocampal__31,Left,120,106,44,-30,-20,-28,parahippocampal,1569222,156,156.0
1310,,lh__parahippocampal__32,Left,107,95,59,-17,-31,-13,parahippocampal,1085113,64,64.0
1311,,lh__parahippocampal__33,Left,120,90,58,-30,-36,-14,parahippocampal,15285596,118,118.0
1312,,lh__parahippocampal__34,Left,108,85,61,-18,-41,-11,parahippocampal,5711823,81,81.0
1313,,lh__parahippocampal__35,Left,108,98,54,-18,-28,-18,parahippocampal,12314709,88,88.0
1314,,lh__parahippocampal__36,Left,121,103,48,-31,-23,-24,parahippocampal,8185122,103,103.0
1315,,lh__parahippocampal__37,Left,113,86,63,-23,-40,-9,parahippocampal,7126914,109,109.0
1316,,lh__parahippocampal__38,Left,108,106,49,-18,-20,-23,parahippocampal,14528219,83,83.0
1317,,lh__parahippocampal__39,Left,102,89,66,-12,-37,-6,parahippocampal,13186997,77,77.0
1318,,lh__parahippocampal__40,Left,121,100,51,-31,-26,-21,parahippocampal,12593210,108,108.0
1319,,lh__parahippocampal__41,Left,119,88,60,-29,-38,-12,parahippocampal,4177399,130,130.0
1320,,lh__paracentral__1,Left,104,98,113,-14,-28,41,paracentral,11420682,67,67.0
1321,,lh__paracentral__2,Left,92,87,133,-2,-39,61,paracentral,8701344,131,131.0
1322,,lh__paracentral__3,Left,92,109,125,-2,-17,53,paracentral,15403830,105,105.0
1323,,lh__paracentral__4,Left,103,86,139,-13,-40,67,paracentral,7336782,57,57.0
1324,,lh__paracentral__5,Left,92,111,135,-2,-15,63,paracentral,698497,58,58.0
1325,,lh__paracentral__6,Left,106,93,113,-16,-33,41,paracentral,2363601,50,50.0
1326,,lh__paracentral__7,Left,95,108,144,-5,-18,72,paracentral,2746997,95,95.0
1327,,lh__paracentral__8,Left,102,110,116,-12,-16,44,paracentral,6997410,76,76.0
1328,,lh__paracentral__9,Left,101,93,120,-11,-33,48,paracentral,14539000,102,102.0
1329,,lh__paracentral__10,Left,96,104,137,-6,-22,65,paracentral,8380570,53,53.0
1330,,lh__paracentral__11,Left,105,86,124,-15,-40,52,paracentral,1041820,65,65.0
1331,,lh__paracentral__12,Left,99,85,129,-9,-41,57,paracentral,16471617,93,93.0
1332,,lh__paracentral__13,Left,92,100,142,-2,-26,70,paracentral,1454782,109,109.0
1333,,lh__paracentral__14,Left,93,108,121,-3,-18,49,paracentral,15523888,151,151.0
1334,,lh__paracentral__15,Left,92,97,141,-2,-29,69,paracentral,5848805,104,104.0
1335,,lh__paracentral__16,Left,97,105,119,-7,-21,47,paracentral,13383923,90,90.0
1336,,lh__paracentral__17,Left,92,111,140,-2,-15,68,paracentral,9678814,75,75.0
1337,,lh__paracentral__18,Left,103,85,135,-13,-41,63,paracentral,439077,39,39.0
1338,,lh__paracentral__19,Left,102,109,114,-12,-17,42,paracentral,3888184,59,59.0
1339,,lh__paracentral__20,Left,93,104,121,-3,-22,49,paracentral,2245872,129,129.0
1340,,lh__paracentral__21,Left,93,109,129,-3,-17,57,paracentral,3587208,76,76.0
1341,,lh__paracentral__22,Left,104,85,127,-14,-41,55,paracentral,8572463,50,50.0
1342,,lh__paracentral__23,Left,107,89,118,-17,-37,46,paracentral,7955760,48,48.0
1343,,lh__paracentral__24,Left,95,106,144,-5,-20,72,paracentral,13050250,107,107.0
1344,,lh__paracentral__25,Left,98,91,122,-8,-35,50,paracentral,15122092,107,107.0
1345,,lh__paracentral__26,Left,92,91,134,-2,-35,62,paracentral,6344325,103,103.0
1346,,lh__paracentral__27,Left,107,90,114,-17,-36,42,paracentral,8148596,37,37.0
1347,,lh__paracentral__28,Left,94,105,140,-4,-21,68,paracentral,13919079,86,86.0
1348,,lh__paracentral__29,Left,92,86,141,-2,-40,69,paracentral,8024042,96,96.0
1349,,lh__paracentral__30,Left,104,102,111,-14,-24,39,paracentral,13609711,104,104.0
1350,,lh__paracentral__31,Left,95,111,144,-5,-15,72,paracentral,952373,74,74.0
1351,,lh__paracentral__32,Left,105,96,112,-15,-30,40,paracentral,86908,64,64.0
1352,,lh__paracentral__33,Left,94,99,125,-4,-27,53,paracentral,10525891,109,109.0
1353,,lh__paracentral__34,Left,103,106,112,-13,-20,40,paracentral,1470630,60,60.0
1354,,lh__paracentral__35,Left,94,95,128,-4,-31,56,paracentral,11386450,104,104.0
1355,,lh__paracentral__36,Left,94,83,141,-4,-43,69,paracentral,2712917,127,127.0
1356,,lh__paracentral__37,Left,101,87,127,-11,-39,55,paracentral,6404106,80,80.0
1357,,lh__paracentral__38,Left,95,100,120,-5,-26,48,paracentral,6658171,94,94.0
1358,,lh__paracentral__39,Left,97,104,133,-7,-22,61,paracentral,5228153,74,74.0
1359,,lh__paracentral__40,Left,106,87,121,-16,-39,49,paracentral,1505338,61,61.0
1360,,lh__paracentral__41,Left,101,99,117,-11,-27,45,paracentral,5755427,92,92.0
1361,,lh__paracentral__42,Left,95,106,137,-5,-20,65,paracentral,7096877,58,58.0
1362,,lh__paracentral__43,Left,101,84,132,-11,-42,60,paracentral,14917824,59,59.0
1363,,lh__paracentral__44,Left,95,111,122,-5,-15,50,paracentral,3516746,73,73.0
1364,,lh__paracentral__45,Left,93,98,132,-3,-28,60,paracentral,12964334,129,129.0
1365,,lh__paracentral__46,Left,97,89,125,-7,-37,53,paracentral,2569443,126,126.0
1366,,lh__paracentral__47,Left,93,105,132,-3,-21,60,paracentral,15316362,114,114.0
1367,,lh__paracentral__48,Left,93,91,124,-3,-35,52,paracentral,11707095,149,149.0
1368,,lh__paracentral__49,Left,98,84,142,-8,-42,70,paracentral,12011908,150,150.0
1369,,lh__paracentral__50,Left,93,105,127,-3,-21,55,paracentral,16135791,137,137.0
1370,,lh__paracentral__51,Left,95,102,124,-5,-24,52,paracentral,4704586,127,127.0
1371,,lh__paracentral__52,Left,102,86,143,-12,-40,71,paracentral,8463406,76,76.0
1372,,lh__paracentral__53,Left,102,101,115,-12,-25,43,paracentral,1917781,93,93.0
1373,,lh__paracentral__54,Left,97,103,119,-7,-23,47,paracentral,15255000,82,82.0
1374,,lh__paracentral__55,Left,94,108,140,-4,-18,68,paracentral,3050189,70,70.0
1375,,lh__paracentral__56,Left,93,102,137,-3,-24,65,paracentral,12268301,109,109.0
1376,,lh__paracentral__57,Left,95,101,133,-5,-25,61,paracentral,12407287,92,92.0
1377,,lh__paracentral__58,Left,98,108,119,-8,-18,47,paracentral,5985794,83,83.0
1378,,lh__paracentral__59,Left,92,95,133,-2,-31,61,paracentral,4112633,96,96.0
1379,,lh__paracentral__60,Left,95,98,121,-5,-28,49,paracentral,2544717,96,96.0
1380,,lh__paracentral__61,Left,93,108,133,-3,-18,61,paracentral,13246231,102,102.0
1381,,lh__paracentral__62,Left,97,101,129,-7,-25,57,paracentral,7091591,85,85.0
1382,,lh__paracentral__63,Left,95,86,128,-5,-40,56,paracentral,11288346,136,136.0
1383,,lh__paracentral__64,Left,102,89,124,-12,-37,52,paracentral,6148533,74,74.0
1384,,lh__paracentral__65,Left,105,92,117,-15,-34,45,paracentral,13825116,71,71.0
1385,,lh__paracentral__66,Left,95,104,128,-5,-22,56,paracentral,9757080,119,119.0
1386,,lh__paracentral__67,Left,92,96,125,-2,-30,53,paracentral,6633691,148,148.0
1387,,lh__paracentral__68,Left,101,107,116,-11,-19,44,paracentral,6464469,74,74.0
1388,,lh__paracentral__69,Left,95,94,121,-5,-32,49,paracentral,4371518,84,84.0
1389,,lh__paracentral__70,Left,93,112,137,-3,-14,65,paracentral,14532427,46,46.0
1390,,lh__paracentral__71,Left,99,110,120,-9,-16,48,paracentral,6303759,50,50.0
1391,,lh__paracentral__72,Left,103,85,129,-13,-41,57,paracentral,6218683,37,37.0
1392,,lh__paracentral__73,Left,102,104,116,-12,-22,44,paracentral,11156441,92,92.0
1393,,lh__paracentral__74,Left,99,101,119,-9,-25,47,paracentral,11079696,45,45.0
1394,,lh__paracentral__75,Left,104,91,121,-14,-35,49,paracentral,15579008,74,74.0
1395,,lh__paracentral__76,Left,92,89,128,-2,-37,56,paracentral,4426027,95,95.0
1396,,lh__paracentral__77,Left,96,98,129,-6,-28,57,paracentral,5901810,96,96.0
1397,,lh__paracentral__78,Left,92,98,136,-2,-28,64,paracentral,15146070,145,145.0
1398,,lh__paracentral__79,Left,93,92,130,-3,-34,58,paracentral,13854882,83,83.0
1399,,lh__paracentral__80,Left,92,108,137,-2,-18,65,paracentral,7026933,94,94.0
1400,,lh__paracentral__81,Left,103,95,116,-13,-31,44,paracentral,6544190,96,96.0
1401,,lh__paracentral__82,Left,99,96,119,-9,-30,47,paracentral,4647992,86,86.0
1402,,lh__paracentral__83,Left,94,103,143,-4,-23,71,paracentral,4548294,106,106.0
1403,,lh__paracentral__84,Left,98,83,136,-8,-43,64,paracentral,10861499,77,77.0
1404,,lh__paracentral__85,Left,98,83,138,-8,-43,66,paracentral,8306933,90,90.0
1405,,lh__paracentral__86,Left,95,84,131,-5,-42,59,paracentral,13435697,83,83.0
1406,,lh__paracentral__87,Left,97,83,133,-7,-43,61,paracentral,9864382,73,73.0
1407,,lh__paracentral__88,Left,92,90,140,-2,-36,68,paracentral,6961441,72,72.0
1408,,lh__paracentral__89,Left,92,88,137,-2,-38,65,paracentral,9584790,47,47.0
1409,,lh__paracentral__90,Left,92,85,135,-2,-41,63,paracentral,13059880,67,67.0
1410,,lh__paracentral__91,Left,93,83,136,-3,-43,64,paracentral,3280009,71,71.0
1411,,lh__paracentral__92,Left,92,94,137,-2,-32,65,paracentral,1348033,48,48.0
1412,,lh__paracentral__93,Left,92,93,141,-2,-33,69,paracentral,10728610,59,59.0
1413,,lh__parsopercularis__1,Left,131,135,95,-41,9,23,parsopercularis,10802488,75,75.0
1414,,lh__parsopercularis__2,Left,130,134,80,-40,8,8,parsopercularis,2667155,104,104.0
1415,,lh__parsopercularis__3,Left,140,155,90,-50,29,18,parsopercularis,16005185,204,204.0
1416,,lh__parsopercularis__4,Left,137,157,87,-47,31,15,parsopercularis,13986569,113,113.0
1417,,lh__parsopercularis__5,Left,130,132,94,-40,6,22,parsopercularis,4365712,34,34.0
1418,,lh__parsopercularis__6,Left,125,149,81,-35,23,9,parsopercularis,1188056,83,83.0
1419,,lh__parsopercularis__7,Left,132,133,76,-42,7,4,parsopercularis,7261359,140,140.0
1420,,lh__parsopercularis__8,Left,145,153,87,-55,27,15,parsopercularis,5204619,189,189.0
1421,,lh__parsopercularis__9,Left,137,141,99,-47,15,27,parsopercularis,9449086,184,184.0
1422,,lh__parsopercularis__10,Left,135,139,71,-45,13,-1,parsopercularis,7893820,166,166.0
1423,,lh__parsopercularis__11,Left,124,147,83,-34,21,11,parsopercularis,1047181,79,79.0
1424,,lh__parsopercularis__12,Left,125,132,97,-35,6,25,parsopercularis,5238332,26,26.0
1425,,lh__parsopercularis__13,Left,127,133,83,-37,7,11,parsopercularis,11357328,48,48.0
1426,,lh__parsopercularis__14,Left,143,142,98,-53,16,26,parsopercularis,8062384,147,147.0
1427,,lh__parsopercularis__15,Left,130,147,82,-40,21,10,parsopercularis,10010724,57,57.0
1428,,lh__parsopercularis__16,Left,128,139,78,-38,13,6,parsopercularis,8101846,121,121.0
1429,,lh__parsopercularis__17,Left,137,133,83,-47,7,11,parsopercularis,6907795,60,60.0
1430,,lh__parsopercularis__18,Left,126,142,97,-36,16,25,parsopercularis,6003232,35,35.0
1431,,lh__parsopercularis__19,Left,137,135,90,-47,9,18,parsopercularis,13743837,121,121.0
1432,,lh__parsopercularis__20,Left,128,144,96,-38,18,24,parsopercularis,13373747,45,45.0
1433,,lh__parsopercularis__21,Left,136,132,88,-46,6,16,parsopercularis,15191487,63,63.0
1434,,lh__parsopercularis__22,Left,139,148,86,-49,22,14,parsopercularis,14524565,117,117.0
1435,,lh__parsopercularis__23,Left,134,132,91,-44,6,19,parsopercularis,4772400,48,48.0
1436,,lh__parsopercularis__24,Left,123,141,83,-33,15,11,parsopercularis,16227672,87,87.0
1437,,lh__parsopercularis__25,Left,141,135,73,-51,9,1,parsopercularis,804761,113,113.0
1438,,lh__parsopercularis__26,Left,146,144,92,-56,18,20,parsopercularis,12131736,232,232.0
1439,,lh__parsopercularis__27,Left,129,147,93,-39,21,21,parsopercularis,12269380,88,88.0
1440,,lh__parsopercularis__28,Left,134,149,82,-44,23,10,parsopercularis,13661085,53,53.0
1441,,lh__parsopercularis__29,Left,140,139,78,-50,13,6,parsopercularis,13909283,167,167.0
1442,,lh__parsopercularis__30,Left,134,145,95,-44,19,23,parsopercularis,16210382,99,99.0
1443,,lh__parsopercularis__31,Left,143,148,95,-53,22,23,parsopercularis,15028519,248,248.0
1444,,lh__parsopercularis__32,Left,123,145,84,-33,19,12,parsopercularis,10954059,89,89.0
1445,,lh__parsopercularis__33,Left,125,139,98,-35,13,26,parsopercularis,15868999,52,52.0
1446,,lh__parsopercularis__34,Left,137,134,71,-47,8,-1,parsopercularis,8190965,166,166.0
1447,,lh__parsopercularis__35,Left,146,141,87,-56,15,15,parsopercularis,16158344,220,220.0
1448,,lh__parsopercularis__36,Left,132,132,92,-42,6,20,parsopercularis,5729391,47,47.0
1449,,lh__parsopercularis__37,Left,134,157,90,-44,31,18,parsopercularis,4281187,145,145.0
1450,,lh__parsopercularis__38,Left,130,150,92,-40,24,20,parsopercularis,5433852,46,46.0
1451,,lh__parsopercularis__39,Left,124,138,84,-34,12,12,parsopercularis,16466604,65,65.0
1452,,lh__parsopercularis__40,Left,137,150,82,-47,24,10,parsopercularis,16380795,78,78.0
1453,,lh__parsopercularis__41,Left,135,136,93,-45,10,21,parsopercularis,13760136,93,93.0
1454,,lh__parsopercularis__42,Left,127,132,95,-37,6,23,parsopercularis,7678785,35,35.0
1455,,lh__parsopercularis__43,Left,139,138,96,-49,12,24,parsopercularis,14035225,223,223.0
1456,,lh__parsopercularis__44,Left,138,135,79,-48,9,7,parsopercularis,13343275,111,111.0
1457,,lh__parsopercularis__45,Left,132,143,97,-42,17,25,parsopercularis,16600276,112,112.0
1458,,lh__parsopercularis__46,Left,132,142,74,-42,16,2,parsopercularis,1641796,192,192.0
1459,,lh__parsopercularis__47,Left,136,154,91,-46,28,19,parsopercularis,4490311,200,200.0
1460,,lh__parsopercularis__48,Left,141,150,85,-51,24,13,parsopercularis,10763879,128,128.0
1461,,lh__parsopercularis__49,Left,124,136,97,-34,10,25,parsopercularis,801799,42,42.0
1462,,lh__parsopercularis__50,Left,145,148,88,-55,22,16,parsopercularis,1769899,190,190.0
1463,,lh__parsopercularis__51,Left,139,145,81,-49,19,9,parsopercularis,15872023,182,182.0
1464,,lh__parsopercularis__52,Left,128,137,82,-38,11,10,parsopercularis,484164,69,69.0
1465,,lh__parsopercularis__53,Left,137,136,84,-47,10,12,parsopercularis,15425568,104,104.0
1466,,lh__parsopercularis__54,Left,128,141,97,-38,15,25,parsopercularis,16303424,72,72.0
1467,,lh__parsopercularis__55,Left,134,144,79,-44,18,7,parsopercularis,6376897,171,171.0
1468,,lh__parsopercularis__56,Left,135,148,93,-45,22,21,parsopercularis,13471520,94,94.0
1469,,lh__parsopercularis__57,Left,132,146,81,-42,20,9,parsopercularis,9598999,63,63.0
1470,,lh__parsopercularis__58,Left,145,145,83,-55,19,11,parsopercularis,197023,362,362.0
1471,,lh__parsopercularis__59,Left,136,147,83,-46,21,11,parsopercularis,14517525,69,69.0
1472,,lh__parsopercularis__60,Left,140,137,72,-50,11,0,parsopercularis,13424447,149,149.0
1473,,lh__parsopercularis__61,Left,139,145,97,-49,19,25,parsopercularis,12190543,255,255.0
1474,,lh__parsopercularis__62,Left,126,141,81,-36,15,9,parsopercularis,16614588,123,123.0
1475,,lh__parsopercularis__63,Left,138,144,76,-48,18,4,parsopercularis,8774064,186,186.0
1476,,lh__parsopercularis__64,Left,134,138,99,-44,12,27,parsopercularis,7597317,139,139.0
1477,,lh__parsopercularis__65,Left,140,141,72,-50,15,0,parsopercularis,16612979,219,219.0
1478,,lh__parsopercularis__66,Left,141,138,84,-51,12,12,parsopercularis,15844108,248,248.0
1479,,lh__parsopercularis__67,Left,139,151,93,-49,25,21,parsopercularis,5382826,270,270.0
1480,,lh__parsopercularis__68,Left,140,138,91,-50,12,19,parsopercularis,10623828,285,285.0
1481,,lh__parsopercularis__69,Left,144,141,78,-54,15,6,parsopercularis,1347382,264,264.0
1482,,lh__parsopercularis__70,Left,130,137,98,-40,11,26,parsopercularis,13718213,104,104.0
1483,,lh__parsopercularis__71,Left,127,145,81,-37,19,9,parsopercularis,16158437,86,86.0
1484,,lh__parsopercularis__72,Left,133,136,74,-43,10,2,parsopercularis,2281521,125,125.0
1485,,lh__parsopercularis__73,Left,125,135,85,-35,9,13,parsopercularis,573195,63,63.0
1486,,lh__parsopercularis__74,Left,127,135,97,-37,9,25,parsopercularis,13338363,74,74.0
1487,,lh__parsopercularis__75,Left,131,138,77,-41,12,5,parsopercularis,1399701,116,116.0
1488,,lh__parsopercularis__76,Left,134,159,87,-44,33,15,parsopercularis,6273455,122,122.0
1489,,lh__parsopercularis__77,Left,134,137,96,-44,11,24,parsopercularis,3306549,123,123.0
1490,,lh__parsopercularis__78,Left,143,141,93,-53,15,21,parsopercularis,3509855,230,230.0
1491,,lh__parsopercularis__79,Left,144,151,91,-54,25,19,parsopercularis,7699618,151,151.0
1492,,lh__parsopercularis__80,Left,129,143,78,-39,17,6,parsopercularis,10010463,130,130.0
1493,,lh__parsopercularis__81,Left,132,151,92,-42,25,20,parsopercularis,387277,76,76.0
1494,,lh__parsorbitalis__1,Left,139,165,60,-49,39,-12,parsorbitalis,11916184,246,246.0
1495,,lh__parsorbitalis__2,Left,133,148,64,-43,22,-8,parsorbitalis,14607326,246,246.0
1496,,lh__parsorbitalis__3,Left,123,170,60,-33,44,-12,parsorbitalis,6281228,123,123.0
1497,,lh__parsorbitalis__4,Left,138,157,62,-48,31,-10,parsorbitalis,16016704,387,387.0
1498,,lh__parsorbitalis__5,Left,126,167,59,-36,41,-13,parsorbitalis,11847133,190,190.0
1499,,lh__parsorbitalis__6,Left,123,174,59,-33,48,-13,parsorbitalis,7332178,137,137.0
1500,,lh__parsorbitalis__7,Left,134,151,66,-44,25,-6,parsorbitalis,2558600,237,237.0
1501,,lh__parsorbitalis__8,Left,123,167,62,-33,41,-10,parsorbitalis,1979046,88,88.0
1502,,lh__parsorbitalis__9,Left,132,153,59,-42,27,-13,parsorbitalis,11281361,214,214.0
1503,,lh__parsorbitalis__10,Left,130,178,61,-40,52,-11,parsorbitalis,4755345,111,111.0
1504,,lh__parsorbitalis__11,Left,136,168,63,-46,42,-9,parsorbitalis,780202,154,154.0
1505,,lh__parsorbitalis__12,Left,133,172,63,-43,46,-9,parsorbitalis,14953066,149,149.0
1506,,lh__parsorbitalis__13,Left,129,159,60,-39,33,-12,parsorbitalis,13077045,137,137.0
1507,,lh__parsorbitalis__14,Left,131,169,64,-41,43,-8,parsorbitalis,14733720,103,103.0
1508,,lh__parsorbitalis__15,Left,127,175,59,-37,49,-13,parsorbitalis,7188038,149,149.0
1509,,lh__parsorbitalis__16,Left,132,173,58,-42,47,-14,parsorbitalis,12673902,183,183.0
1510,,lh__parsorbitalis__17,Left,135,161,56,-45,35,-16,parsorbitalis,1352592,403,403.0
1511,,lh__parsorbitalis__18,Left,130,162,57,-40,36,-15,parsorbitalis,9236853,213,213.0
1512,,lh__parsorbitalis__19,Left,133,176,62,-43,50,-10,parsorbitalis,6291781,198,198.0
1513,,lh__parsorbitalis__20,Left,135,169,58,-45,43,-14,parsorbitalis,1479600,222,222.0
1514,,lh__parsorbitalis__21,Left,135,154,58,-45,28,-14,parsorbitalis,2443161,309,309.0
1515,,lh__parsorbitalis__22,Left,127,164,62,-37,38,-10,parsorbitalis,2546949,111,111.0
1516,,lh__parsorbitalis__23,Left,130,168,55,-40,42,-17,parsorbitalis,13738358,221,221.0
1517,,lh__parsorbitalis__24,Left,127,171,58,-37,45,-14,parsorbitalis,665118,171,171.0
1518,,lh__parstriangularis__1,Left,128,151,77,-38,25,5,parstriangularis,8450139,168,168.0
1519,,lh__parstriangularis__2,Left,128,158,74,-38,32,2,parstriangularis,4950132,82,82.0
1520,,lh__parstriangularis__3,Left,141,161,76,-51,35,4,parstriangularis,4366452,297,297.0
1521,,lh__parstriangularis__4,Left,135,170,71,-45,44,-1,parstriangularis,13931770,162,162.0
1522,,lh__parstriangularis__5,Left,120,149,83,-30,23,11,parstriangularis,12516328,89,89.0
1523,,lh__parstriangularis__6,Left,138,167,71,-48,41,-1,parstriangularis,14705944,105,105.0
1524,,lh__parstriangularis__7,Left,140,159,85,-50,33,13,parstriangularis,9161901,99,99.0
1525,,lh__parstriangularis__8,Left,130,165,79,-40,39,7,parstriangularis,2280689,92,92.0
1526,,lh__parstriangularis__9,Left,133,156,66,-43,30,-6,parstriangularis,7567151,123,123.0
1527,,lh__parstriangularis__10,Left,144,151,80,-54,25,8,parstriangularis,7894281,182,182.0
1528,,lh__parstriangularis__11,Left,133,161,83,-43,35,11,parstriangularis,5600227,130,130.0
1529,,lh__parstriangularis__12,Left,139,164,65,-49,38,-7,parstriangularis,9766961,295,295.0
1530,,lh__parstriangularis__13,Left,133,149,78,-43,23,6,parstriangularis,1912159,85,85.0
1531,,lh__parstriangularis__14,Left,141,161,71,-51,35,-1,parstriangularis,802578,375,375.0
1532,,lh__parstriangularis__15,Left,136,168,77,-46,42,5,parstriangularis,14954218,79,79.0
1533,,lh__parstriangularis__16,Left,143,156,84,-53,30,12,parstriangularis,1130198,224,224.0
1534,,lh__parstriangularis__17,Left,137,160,83,-47,34,11,parstriangularis,946974,143,143.0
1535,,lh__parstriangularis__18,Left,129,149,79,-39,23,7,parstriangularis,5708545,107,107.0
1536,,lh__parstriangularis__19,Left,143,152,73,-53,26,1,parstriangularis,7161008,306,306.0
1537,,lh__parstriangularis__20,Left,129,154,69,-39,28,-3,parstriangularis,13992852,146,146.0
1538,,lh__parstriangularis__21,Left,129,162,81,-39,36,9,parstriangularis,16635757,90,90.0
1539,,lh__parstriangularis__22,Left,133,158,69,-43,32,-3,parstriangularis,16278531,56,56.0
1540,,lh__parstriangularis__23,Left,138,151,79,-48,25,7,parstriangularis,4184983,129,129.0
1541,,lh__parstriangularis__24,Left,137,169,74,-47,43,2,parstriangularis,4153097,136,136.0
1542,,lh__parstriangularis__25,Left,121,157,77,-31,31,5,parstriangularis,7616476,74,74.0
1543,,lh__parstriangularis__26,Left,136,149,74,-46,23,2,parstriangularis,14869499,231,231.0
1544,,lh__parstriangularis__27,Left,138,169,67,-48,43,-5,parstriangularis,14289299,124,124.0
1545,,lh__parstriangularis__28,Left,133,165,78,-43,39,6,parstriangularis,10534929,102,102.0
1546,,lh__parstriangularis__29,Left,130,154,74,-40,28,2,parstriangularis,6030001,118,118.0
1547,,lh__parstriangularis__30,Left,119,154,80,-29,28,8,parstriangularis,2276041,67,67.0
1548,,lh__parstriangularis__31,Left,138,160,79,-48,34,7,parstriangularis,3510659,102,102.0
1549,,lh__parstriangularis__32,Left,136,159,66,-46,33,-6,parstriangularis,7915037,157,157.0
1550,,lh__parstriangularis__33,Left,143,150,76,-53,24,4,parstriangularis,8876234,184,184.0
1551,,lh__parstriangularis__34,Left,132,158,71,-42,32,-1,parstriangularis,3589745,77,77.0
1552,,lh__parstriangularis__35,Left,130,159,70,-40,33,-2,parstriangularis,7789012,57,57.0
1553,,lh__parstriangularis__36,Left,139,166,76,-49,40,4,parstriangularis,6070841,125,125.0
1554,,lh__parstriangularis__37,Left,134,162,80,-44,36,8,parstriangularis,12586458,109,109.0
1555,,lh__parstriangularis__38,Left,137,164,79,-47,38,7,parstriangularis,3729673,150,150.0
1556,,lh__parstriangularis__39,Left,123,152,80,-33,26,8,parstriangularis,14850208,105,105.0
1557,,lh__parstriangularis__40,Left,138,163,68,-48,37,-4,parstriangularis,14088218,205,205.0
1558,,lh__parstriangularis__41,Left,131,151,74,-41,25,2,parstriangularis,1855457,144,144.0
1559,,lh__parstriangularis__42,Left,142,158,80,-52,32,8,parstriangularis,9180799,284,284.0
1560,,lh__parstriangularis__43,Left,136,157,69,-46,31,-3,parstriangularis,8566454,158,158.0
1561,,lh__parstriangularis__44,Left,125,158,73,-35,32,1,parstriangularis,2274073,89,89.0
1562,,lh__parstriangularis__45,Left,141,154,70,-51,28,-2,parstriangularis,5453944,393,393.0
1563,,lh__parstriangularis__46,Left,125,155,77,-35,29,5,parstriangularis,7887733,98,98.0
1564,,lh__parstriangularis__47,Left,135,150,71,-45,24,-1,parstriangularis,3912616,198,198.0
1565,,lh__parstriangularis__48,Left,127,157,70,-37,31,-2,parstriangularis,8645527,119,119.0
1566,,lh__parstriangularis__49,Left,134,170,68,-44,44,-4,parstriangularis,2043196,105,105.0
1567,,lh__parstriangularis__50,Left,134,154,71,-44,28,-1,parstriangularis,11431118,94,94.0
1568,,lh__pericalcarine__1,Left,100,29,70,-10,-97,-2,pericalcarine,9126095,131,131.0
1569,,lh__pericalcarine__2,Left,105,52,82,-15,-74,10,pericalcarine,7666922,105,105.0
1570,,lh__pericalcarine__3,Left,96,43,72,-6,-83,0,pericalcarine,10055115,158,158.0
1571,,lh__pericalcarine__4,Left,94,50,84,-4,-76,12,pericalcarine,7141018,94,94.0
1572,,lh__pericalcarine__5,Left,113,59,79,-23,-67,7,pericalcarine,1549751,83,83.0
1573,,lh__pericalcarine__6,Left,94,40,70,-4,-86,-2,pericalcarine,6453835,142,142.0
1574,,lh__pericalcarine__7,Left,97,33,75,-7,-93,3,pericalcarine,16065740,105,105.0
1575,,lh__pericalcarine__8,Left,100,56,77,-10,-70,5,pericalcarine,13912558,118,118.0
1576,,lh__pericalcarine__9,Left,97,48,76,-7,-78,4,pericalcarine,14385448,115,115.0
1577,,lh__pericalcarine__10,Left,114,57,76,-24,-69,4,pericalcarine,319701,60,60.0
1578,,lh__pericalcarine__11,Left,94,34,75,-4,-92,3,pericalcarine,15074519,128,128.0
1579,,lh__pericalcarine__12,Left,102,45,80,-12,-81,8,pericalcarine,11029539,74,74.0
1580,,lh__pericalcarine__13,Left,96,35,68,-6,-91,-4,pericalcarine,6117399,152,152.0
1581,,lh__pericalcarine__14,Left,97,45,74,-7,-81,2,pericalcarine,4270583,110,110.0
1582,,lh__pericalcarine__15,Left,102,60,80,-12,-66,8,pericalcarine,12092534,120,120.0
1583,,lh__pericalcarine__16,Left,93,41,78,-3,-85,6,pericalcarine,4548066,80,80.0
1584,,lh__pericalcarine__17,Left,97,54,86,-7,-72,14,pericalcarine,3275201,135,135.0
1585,,lh__pericalcarine__18,Left,96,55,80,-6,-71,8,pericalcarine,13492448,101,101.0
1586,,lh__pericalcarine__19,Left,94,47,81,-4,-79,9,pericalcarine,597838,89,89.0
1587,,lh__pericalcarine__20,Left,106,54,79,-16,-72,7,pericalcarine,3017124,39,39.0
1588,,lh__pericalcarine__21,Left,97,52,79,-7,-74,7,pericalcarine,16390223,115,115.0
1589,,lh__pericalcarine__22,Left,94,37,69,-4,-89,-3,pericalcarine,13616210,128,128.0
1590,,lh__pericalcarine__23,Left,98,39,76,-8,-87,4,pericalcarine,7477791,122,122.0
1591,,lh__pericalcarine__24,Left,97,60,83,-7,-66,11,pericalcarine,12587198,106,106.0
1592,,lh__pericalcarine__25,Left,116,60,77,-26,-66,5,pericalcarine,449221,50,50.0
1593,,lh__pericalcarine__26,Left,99,30,67,-9,-96,-5,pericalcarine,8012518,103,103.0
1594,,lh__pericalcarine__27,Left,91,33,74,-1,-93,2,pericalcarine,14058563,96,96.0
1595,,lh__pericalcarine__28,Left,99,38,72,-9,-88,0,pericalcarine,16295334,108,108.0
1596,,lh__pericalcarine__29,Left,98,29,71,-8,-97,-1,pericalcarine,3850650,87,87.0
1597,,lh__pericalcarine__30,Left,107,54,76,-17,-72,4,pericalcarine,3774508,82,82.0
1598,,lh__pericalcarine__31,Left,97,40,80,-7,-86,8,pericalcarine,11173679,93,93.0
1599,,lh__pericalcarine__32,Left,93,53,85,-3,-73,13,pericalcarine,5294556,100,100.0
1600,,lh__pericalcarine__33,Left,98,40,73,-8,-86,1,pericalcarine,7778838,114,114.0
1601,,lh__pericalcarine__34,Left,94,30,73,-4,-96,1,pericalcarine,6920801,69,69.0
1602,,lh__pericalcarine__35,Left,109,59,79,-19,-67,7,pericalcarine,1837010,39,39.0
1603,,lh__pericalcarine__36,Left,97,43,80,-7,-83,8,pericalcarine,665232,109,109.0
1604,,lh__pericalcarine__37,Left,99,32,67,-9,-94,-5,pericalcarine,8208613,87,87.0
1605,,lh__pericalcarine__38,Left,98,49,84,-8,-77,12,pericalcarine,4730507,92,92.0
1606,,lh__pericalcarine__39,Left,93,44,79,-3,-82,7,pericalcarine,6212991,81,81.0
1607,,lh__pericalcarine__40,Left,104,52,78,-14,-74,6,pericalcarine,14954313,135,135.0
1608,,lh__pericalcarine__41,Left,101,48,84,-11,-78,12,pericalcarine,662486,88,88.0
1609,,lh__pericalcarine__42,Left,93,57,84,-3,-69,12,pericalcarine,15201310,90,90.0
1610,,lh__pericalcarine__43,Left,96,30,73,-6,-96,1,pericalcarine,4120596,97,97.0
1611,,lh__pericalcarine__44,Left,100,33,73,-10,-93,1,pericalcarine,12708563,90,90.0
1612,,lh__pericalcarine__45,Left,100,43,79,-10,-83,7,pericalcarine,8231235,98,98.0
1613,,lh__pericalcarine__46,Left,100,55,83,-10,-71,11,pericalcarine,8419177,87,87.0
1614,,lh__pericalcarine__47,Left,100,54,81,-10,-72,9,pericalcarine,15540357,68,68.0
1615,,lh__pericalcarine__48,Left,101,33,69,-11,-93,-3,pericalcarine,14687537,127,127.0
1616,,lh__pericalcarine__49,Left,112,57,79,-22,-69,7,pericalcarine,192633,104,104.0
1617,,lh__pericalcarine__50,Left,102,52,82,-12,-74,10,pericalcarine,16172157,50,50.0
1618,,lh__pericalcarine__51,Left,104,56,81,-14,-70,9,pericalcarine,8375220,84,84.0
1619,,lh__pericalcarine__52,Left,98,46,82,-8,-80,10,pericalcarine,5921227,140,140.0
1620,,lh__pericalcarine__53,Left,101,46,76,-11,-80,4,pericalcarine,4878397,120,120.0
1621,,lh__pericalcarine__54,Left,94,39,77,-4,-87,5,pericalcarine,6919056,112,112.0
1622,,lh__pericalcarine__55,Left,103,48,78,-13,-78,6,pericalcarine,2474944,182,182.0
1623,,lh__pericalcarine__56,Left,101,42,76,-11,-84,4,pericalcarine,16612348,107,107.0
1624,,lh__pericalcarine__57,Left,99,36,75,-9,-90,3,pericalcarine,14446499,104,104.0
1625,,lh__pericalcarine__58,Left,96,36,77,-6,-90,5,pericalcarine,5262568,115,115.0
1626,,lh__pericalcarine__59,Left,100,35,71,-10,-91,-1,pericalcarine,3243828,103,103.0
1627,,lh__pericalcarine__60,Left,105,52,80,-15,-74,8,pericalcarine,8012095,52,52.0
1628,,lh__pericalcarine__61,Left,101,51,84,-11,-75,12,pericalcarine,5539799,60,60.0
1629,,lh__pericalcarine__62,Left,112,53,79,-22,-73,7,pericalcarine,1787279,75,75.0
1630,,lh__pericalcarine__63,Left,103,47,81,-13,-79,9,pericalcarine,8553569,63,63.0
1631,,lh__pericalcarine__64,Left,108,55,79,-18,-71,7,pericalcarine,9860602,131,131.0
1632,,lh__postcentral__1,Left,139,106,107,-49,-20,35,postcentral,12137341,90,90.0
1633,,lh__postcentral__2,Left,128,92,138,-38,-34,66,postcentral,16668753,144,144.0
1634,,lh__postcentral__3,Left,100,87,148,-10,-39,76,postcentral,7452815,186,186.0
1635,,lh__postcentral__4,Left,140,116,100,-50,-10,28,postcentral,1300150,57,57.0
1636,,lh__postcentral__5,Left,146,109,88,-56,-17,16,postcentral,16187684,107,107.0
1637,,lh__postcentral__6,Left,145,109,119,-55,-17,47,postcentral,10352122,134,134.0
1638,,lh__postcentral__7,Left,135,111,105,-45,-15,33,postcentral,5026774,63,63.0
1639,,lh__postcentral__8,Left,113,88,138,-23,-38,66,postcentral,8320798,217,217.0
1640,,lh__postcentral__9,Left,127,92,116,-37,-34,44,postcentral,4706845,48,48.0
1641,,lh__postcentral__10,Left,128,106,115,-38,-20,43,postcentral,12351330,75,75.0
1642,,lh__postcentral__11,Left,129,104,89,-39,-22,17,postcentral,13870866,55,55.0
1643,,lh__postcentral__12,Left,137,115,82,-47,-11,10,postcentral,16632041,113,113.0
1644,,lh__postcentral__13,Left,117,94,135,-27,-32,63,postcentral,11143456,154,154.0
1645,,lh__postcentral__14,Left,134,114,89,-44,-12,17,postcentral,6476748,89,89.0
1646,,lh__postcentral__15,Left,138,110,122,-48,-16,50,postcentral,878652,87,87.0
1647,,lh__postcentral__16,Left,128,93,113,-38,-33,41,postcentral,10054813,64,64.0
1648,,lh__postcentral__17,Left,149,118,89,-59,-8,17,postcentral,3811075,75,75.0
1649,,lh__postcentral__18,Left,131,91,121,-41,-35,49,postcentral,13241264,79,79.0
1650,,lh__postcentral__19,Left,130,87,133,-40,-39,61,postcentral,14151732,163,163.0
1651,,lh__postcentral__20,Left,143,108,106,-53,-18,34,postcentral,6142083,42,42.0
1652,,lh__postcentral__21,Left,111,89,140,-21,-37,68,postcentral,6278952,186,186.0
1653,,lh__postcentral__22,Left,143,109,86,-53,-17,14,postcentral,11980186,133,133.0
1654,,lh__postcentral__23,Left,139,97,129,-49,-29,57,postcentral,10375981,173,173.0
1655,,lh__postcentral__24,Left,153,119,98,-63,-7,26,postcentral,4458721,140,140.0
1656,,lh__postcentral__25,Left,152,122,82,-62,-4,10,postcentral,10675484,68,68.0
1657,,lh__postcentral__26,Left,122,94,137,-32,-32,65,postcentral,11430884,127,127.0
1658,,lh__postcentral__27,Left,149,114,112,-59,-12,40,postcentral,2150691,123,123.0
1659,,lh__postcentral__28,Left,119,87,136,-29,-39,64,postcentral,725782,209,209.0
1660,,lh__postcentral__29,Left,149,121,80,-59,-5,8,postcentral,9899257,125,125.0
1661,,lh__postcentral__30,Left,132,103,122,-42,-23,50,postcentral,2950730,131,131.0
1662,,lh__postcentral__31,Left,106,93,134,-16,-33,62,postcentral,15678663,56,56.0
1663,,lh__postcentral__32,Left,134,109,107,-44,-17,35,postcentral,6884224,61,61.0
1664,,lh__postcentral__33,Left,131,110,91,-41,-16,19,postcentral,5310651,120,120.0
1665,,lh__postcentral__34,Left,133,96,120,-43,-30,48,postcentral,286811,66,66.0
1666,,lh__postcentral__35,Left,141,117,82,-51,-9,10,postcentral,11768392,60,60.0
1667,,lh__postcentral__36,Left,125,90,139,-35,-36,67,postcentral,13679197,116,116.0
1668,,lh__postcentral__37,Left,147,117,95,-57,-9,23,postcentral,919545,56,56.0
1669,,lh__postcentral__38,Left,113,87,133,-23,-39,61,postcentral,8593935,71,71.0
1670,,lh__postcentral__39,Left,104,85,148,-14,-41,76,postcentral,3386427,107,107.0
1671,,lh__postcentral__40,Left,152,121,85,-62,-5,13,postcentral,12073116,48,48.0
1672,,lh__postcentral__41,Left,150,109,99,-60,-17,27,postcentral,3699148,80,80.0
1673,,lh__postcentral__42,Left,131,105,110,-41,-21,38,postcentral,7050943,54,54.0
1674,,lh__postcentral__43,Left,145,117,97,-55,-9,25,postcentral,1925844,53,53.0
1675,,lh__postcentral__44,Left,130,96,138,-40,-30,66,postcentral,13290855,147,147.0
1676,,lh__postcentral__45,Left,130,98,112,-40,-28,40,postcentral,1005703,31,31.0
1677,,lh__postcentral__46,Left,96,88,146,-6,-38,74,postcentral,12506341,142,142.0
1678,,lh__postcentral__47,Left,132,109,88,-42,-17,16,postcentral,1702434,115,115.0
1679,,lh__postcentral__48,Left,133,106,108,-43,-20,36,postcentral,14022842,65,65.0
1680,,lh__postcentral__49,Left,150,113,84,-60,-13,12,postcentral,13254686,121,121.0
1681,,lh__postcentral__50,Left,137,103,108,-47,-23,36,postcentral,11538019,29,29.0
1682,,lh__postcentral__51,Left,133,115,87,-43,-11,15,postcentral,4408939,69,69.0
1683,,lh__postcentral__52,Left,128,91,120,-38,-35,48,postcentral,3353932,45,45.0
1684,,lh__postcentral__53,Left,120,89,129,-30,-37,57,postcentral,16576974,169,169.0
1685,,lh__postcentral__54,Left,145,118,93,-55,-8,21,postcentral,13621547,53,53.0
1686,,lh__postcentral__55,Left,149,109,94,-59,-17,22,postcentral,4063496,50,50.0
1687,,lh__postcentral__56,Left,141,107,105,-51,-19,33,postcentral,1575911,31,31.0
1688,,lh__postcentral__57,Left,136,101,109,-46,-25,37,postcentral,15260255,83,83.0
1689,,lh__postcentral__58,Left,133,102,132,-43,-24,60,postcentral,5752318,92,92.0
1690,,lh__postcentral__59,Left,108,95,132,-18,-31,60,postcentral,12701992,62,62.0
1691,,lh__postcentral__60,Left,137,100,115,-47,-26,43,postcentral,2788106,59,59.0
1692,,lh__postcentral__61,Left,150,119,87,-60,-7,15,postcentral,7475003,59,59.0
1693,,lh__postcentral__62,Left,155,114,95,-65,-12,23,postcentral,12950170,150,150.0
1694,,lh__postcentral__63,Left,128,99,121,-38,-27,49,postcentral,3874671,52,52.0
1695,,lh__postcentral__64,Left,126,87,129,-36,-39,57,postcentral,2110434,111,111.0
1696,,lh__postcentral__65,Left,116,93,139,-26,-33,67,postcentral,3160697,180,180.0
1697,,lh__postcentral__66,Left,146,110,104,-56,-16,32,postcentral,2195057,46,46.0
1698,,lh__postcentral__67,Left,139,114,103,-49,-12,31,postcentral,12542412,72,72.0
1699,,lh__postcentral__68,Left,133,93,120,-43,-33,48,postcentral,12302748,105,105.0
1700,,lh__postcentral__69,Left,130,105,112,-40,-21,40,postcentral,9846287,65,65.0
1701,,lh__postcentral__70,Left,150,119,97,-60,-7,25,postcentral,11483533,90,90.0
1702,,lh__postcentral__71,Left,132,99,111,-42,-27,39,postcentral,3636255,33,33.0
1703,,lh__postcentral__72,Left,127,105,117,-37,-21,45,postcentral,11762565,85,85.0
1704,,lh__postcentral__73,Left,120,97,129,-30,-29,57,postcentral,12404303,116,116.0
1705,,lh__postcentral__74,Left,153,116,104,-63,-10,32,postcentral,14110722,159,159.0
1706,,lh__postcentral__75,Left,136,107,89,-46,-19,17,postcentral,6102833,101,101.0
1707,,lh__postcentral__76,Left,116,86,132,-26,-40,60,postcentral,15206462,74,74.0
1708,,lh__postcentral__77,Left,134,99,115,-44,-27,43,postcentral,16112212,41,41.0
1709,,lh__postcentral__78,Left,127,98,122,-37,-28,50,postcentral,2335007,41,41.0
1710,,lh__postcentral__79,Left,128,89,123,-38,-37,51,postcentral,3722598,55,55.0
1711,,lh__postcentral__80,Left,116,96,132,-26,-30,60,postcentral,14401365,140,140.0
1712,,lh__postcentral__81,Left,147,118,91,-57,-8,19,postcentral,284370,51,51.0
1713,,lh__postcentral__82,Left,147,116,105,-57,-10,33,postcentral,5616564,87,87.0
1714,,lh__postcentral__83,Left,148,113,114,-58,-13,42,postcentral,15666951,103,103.0
1715,,lh__postcentral__84,Left,134,107,118,-44,-19,46,postcentral,2247917,85,85.0
1716,,lh__postcentral__85,Left,140,103,125,-50,-23,53,postcentral,11422875,86,86.0
1717,,lh__postcentral__86,Left,142,113,87,-52,-13,15,postcentral,14453335,81,81.0
1718,,lh__postcentral__87,Left,122,96,123,-32,-30,51,postcentral,6690339,48,48.0
1719,,lh__postcentral__88,Left,140,108,90,-50,-18,18,postcentral,9137015,80,80.0
1720,,lh__postcentral__89,Left,111,96,132,-21,-30,60,postcentral,11974252,82,82.0
1721,,lh__postcentral__90,Left,154,110,90,-64,-16,18,postcentral,11035765,157,157.0
1722,,lh__postcentral__91,Left,129,96,113,-39,-30,41,postcentral,6050099,46,46.0
1723,,lh__postcentral__92,Left,138,100,120,-48,-26,48,postcentral,13529553,73,73.0
1724,,lh__postcentral__93,Left,134,112,91,-44,-14,19,postcentral,14488589,56,56.0
1725,,lh__postcentral__94,Left,145,118,82,-55,-8,10,postcentral,3787243,105,105.0
1726,,lh__postcentral__95,Left,137,93,128,-47,-33,56,postcentral,8856294,118,118.0
1727,,lh__postcentral__96,Left,146,105,116,-56,-21,44,postcentral,4712827,155,155.0
1728,,lh__postcentral__97,Left,154,112,86,-64,-14,14,postcentral,6156506,144,144.0
1729,,lh__postcentral__98,Left,143,116,100,-53,-10,28,postcentral,3620423,67,67.0
1730,,lh__postcentral__99,Left,129,86,128,-39,-40,56,postcentral,5353347,104,104.0
1731,,lh__postcentral__100,Left,125,97,123,-35,-29,51,postcentral,8320101,51,51.0
1732,,lh__postcentral__101,Left,114,97,133,-24,-29,61,postcentral,11279876,147,147.0
1733,,lh__postcentral__102,Left,140,102,130,-50,-24,58,postcentral,16381168,186,186.0
1734,,lh__postcentral__103,Left,143,108,91,-53,-18,19,postcentral,3982596,49,49.0
1735,,lh__postcentral__104,Left,121,96,125,-31,-30,53,postcentral,4219770,58,58.0
1736,,lh__postcentral__105,Left,153,114,101,-63,-12,29,postcentral,16391403,166,166.0
1737,,lh__postcentral__106,Left,124,96,130,-34,-30,58,postcentral,9406318,81,81.0
1738,,lh__postcentral__107,Left,113,96,142,-23,-30,70,postcentral,4478077,186,186.0
1739,,lh__postcentral__108,Left,152,120,90,-62,-6,18,postcentral,16182744,66,66.0
1740,,lh__postcentral__109,Left,146,105,120,-56,-21,48,postcentral,7701148,144,144.0
1741,,lh__postcentral__110,Left,124,88,134,-34,-38,62,postcentral,15016372,151,151.0
1742,,lh__postcentral__111,Left,154,111,98,-64,-15,26,postcentral,9397486,165,165.0
1743,,lh__postcentral__112,Left,132,98,115,-42,-28,43,postcentral,11535274,40,40.0
1744,,lh__postcentral__113,Left,151,108,96,-61,-18,24,postcentral,801470,41,41.0
1745,,lh__postcentral__114,Left,134,116,84,-44,-10,12,postcentral,13488831,84,84.0
1746,,lh__postcentral__115,Left,132,100,135,-42,-26,63,postcentral,9372262,141,141.0
1747,,lh__postcentral__116,Left,147,118,100,-57,-8,28,postcentral,1834413,117,117.0
1748,,lh__postcentral__117,Left,134,100,111,-44,-26,39,postcentral,173602,46,46.0
1749,,lh__postcentral__118,Left,136,104,132,-46,-22,60,postcentral,3298277,140,140.0
1750,,lh__postcentral__119,Left,119,91,142,-29,-35,70,postcentral,2299060,122,122.0
1751,,lh__postcentral__120,Left,135,106,116,-45,-20,44,postcentral,14809420,68,68.0
1752,,lh__postcentral__121,Left,154,117,83,-64,-9,11,postcentral,10536531,113,113.0
1753,,lh__postcentral__122,Left,130,88,125,-40,-38,53,postcentral,3244861,69,69.0
1754,,lh__postcentral__123,Left,151,116,109,-61,-10,37,postcentral,8188371,109,109.0
1755,,lh__postcentral__124,Left,117,87,139,-27,-39,67,postcentral,11114311,181,181.0
1756,,lh__postcentral__125,Left,118,97,129,-28,-29,57,postcentral,8435595,124,124.0
1757,,lh__postcentral__126,Left,141,118,98,-51,-8,26,postcentral,3310385,54,54.0
1758,,lh__postcentral__127,Left,135,110,86,-45,-16,14,postcentral,10253738,122,122.0
1759,,lh__postcentral__128,Left,150,110,91,-60,-16,19,postcentral,5055217,90,90.0
1760,,lh__postcentral__129,Left,144,102,121,-54,-24,49,postcentral,1117322,128,128.0
1761,,lh__postcentral__130,Left,146,109,93,-56,-17,21,postcentral,13148627,61,61.0
1762,,lh__postcentral__131,Left,151,109,86,-61,-17,14,postcentral,4512730,161,161.0
1763,,lh__postcentral__132,Left,134,101,127,-44,-25,55,postcentral,4172514,98,98.0
1764,,lh__postcentral__133,Left,144,108,124,-54,-18,52,postcentral,9003021,157,157.0
1765,,lh__postcentral__134,Left,135,90,130,-45,-36,58,postcentral,974953,123,123.0
1766,,lh__postcentral__135,Left,142,116,85,-52,-10,13,postcentral,8971105,73,73.0
1767,,lh__postcentral__136,Left,143,114,113,-53,-12,41,postcentral,801465,89,89.0
1768,,lh__postcentral__137,Left,122,88,137,-32,-38,65,postcentral,15618155,98,98.0
1769,,lh__postcentral__138,Left,119,95,133,-29,-31,61,postcentral,5429645,101,101.0
1770,,lh__postcentral__139,Left,142,102,115,-52,-24,43,postcentral,13766355,81,81.0
1771,,lh__postcentral__140,Left,144,109,105,-54,-17,33,postcentral,15064433,21,21.0
1772,,lh__postcentral__141,Left,130,101,120,-40,-25,48,postcentral,2579938,50,50.0
1773,,lh__postcentral__142,Left,146,115,85,-56,-11,13,postcentral,3002955,113,113.0
1774,,lh__postcentral__143,Left,138,97,124,-48,-29,52,postcentral,13745298,95,95.0
1775,,lh__postcentral__144,Left,146,111,85,-56,-15,13,postcentral,6977993,123,123.0
1776,,lh__postcentral__145,Left,127,96,130,-37,-30,58,postcentral,11369115,76,76.0
1777,,lh__postcentral__146,Left,150,118,93,-60,-8,21,postcentral,2792365,80,80.0
1778,,lh__postcentral__147,Left,122,91,141,-32,-35,69,postcentral,10729668,70,70.0
1779,,lh__postcentral__148,Left,146,108,114,-56,-18,42,postcentral,15234477,125,125.0
1780,,lh__postcentral__149,Left,111,92,144,-21,-34,72,postcentral,5597124,162,162.0
1781,,lh__postcentral__150,Left,149,111,101,-59,-15,29,postcentral,3501518,85,85.0
1782,,lh__postcentral__151,Left,135,91,124,-45,-35,52,postcentral,12337379,143,143.0
1783,,lh__postcentral__152,Left,153,120,94,-63,-6,22,postcentral,7779122,95,95.0
1784,,lh__postcentral__153,Left,109,96,146,-19,-30,74,postcentral,689904,111,111.0
1785,,lh__postcentral__154,Left,133,106,123,-43,-20,51,postcentral,5089317,102,102.0
1786,,lh__postcentral__155,Left,150,117,82,-60,-9,10,postcentral,12778036,131,131.0
1787,,lh__postcentral__156,Left,137,98,133,-47,-28,61,postcentral,12243837,146,146.0
1788,,lh__postcentral__157,Left,120,93,137,-30,-33,65,postcentral,8196562,117,117.0
1789,,lh__postcentral__158,Left,154,118,87,-64,-8,15,postcentral,12553488,89,89.0
1790,,lh__postcentral__159,Left,143,105,113,-53,-21,41,postcentral,5752205,70,70.0
1791,,lh__postcentral__160,Left,140,106,128,-50,-20,56,postcentral,6662782,149,149.0
1792,,lh__postcentral__161,Left,109,85,144,-19,-41,72,postcentral,4544553,176,176.0
1793,,lh__postcentral__162,Left,153,110,94,-63,-16,22,postcentral,15233317,119,119.0
1794,,lh__postcentral__163,Left,131,95,116,-41,-31,44,postcentral,2571866,47,47.0
1795,,lh__postcentral__164,Left,125,95,137,-35,-31,65,postcentral,8649627,152,152.0
1796,,lh__postcentral__165,Left,150,121,102,-60,-5,30,postcentral,8340407,91,91.0
1797,,lh__postcentral__166,Left,139,109,85,-49,-17,13,postcentral,7516731,115,115.0
1798,,lh__postcentral__167,Left,129,97,128,-39,-29,56,postcentral,14563559,80,80.0
1799,,lh__postcentral__168,Left,145,113,116,-55,-13,44,postcentral,8552567,80,80.0
1800,,lh__postcentral__169,Left,127,87,135,-37,-39,63,postcentral,421028,144,144.0
1801,,lh__postcentral__170,Left,139,113,88,-49,-13,16,postcentral,13420511,78,78.0
1802,,lh__postcentral__171,Left,139,101,112,-49,-25,40,postcentral,6730642,62,62.0
1803,,lh__postcentral__172,Left,129,98,134,-39,-28,62,postcentral,4183226,113,113.0
1804,,lh__postcentral__173,Left,151,112,106,-61,-14,34,postcentral,8105120,120,120.0
1805,,lh__postcentral__174,Left,140,101,121,-50,-25,49,postcentral,2746530,92,92.0
1806,,lh__postcentral__175,Left,138,115,86,-48,-11,14,postcentral,12406841,70,70.0
1807,,lh__postcentral__176,Left,132,90,134,-42,-36,62,postcentral,14737739,135,135.0
1808,,lh__postcentral__177,Left,131,108,120,-41,-18,48,postcentral,973030,99,99.0
1809,,lh__postcentral__178,Left,146,110,108,-56,-16,36,postcentral,14271009,58,58.0
1810,,lh__postcentral__179,Left,133,95,135,-43,-31,63,postcentral,6835517,158,158.0
1811,,lh__postcentral__180,Left,150,119,106,-60,-7,34,postcentral,11868651,79,79.0
1812,,lh__postcentral__181,Left,135,110,125,-45,-16,53,postcentral,3427969,145,145.0
1813,,lh__postcentral__182,Left,142,114,102,-52,-12,30,postcentral,11589333,68,68.0
1814,,lh__postcentral__183,Left,110,87,134,-20,-39,62,postcentral,12155932,56,56.0
1815,,lh__postcentral__184,Left,136,94,133,-46,-32,61,postcentral,16381619,132,132.0
1816,,lh__postcentral__185,Left,142,108,126,-52,-18,54,postcentral,13777826,194,194.0
1817,,lh__postcentral__186,Left,132,90,125,-42,-36,53,postcentral,9883682,93,93.0
1818,,lh__postcentral__187,Left,136,94,124,-46,-32,52,postcentral,8208024,108,108.0
1819,,lh__postcentral__188,Left,101,93,148,-11,-33,76,postcentral,12012010,159,159.0
1820,,lh__postcentral__189,Left,141,108,109,-51,-18,37,postcentral,5954843,72,72.0
1821,,lh__postcentral__190,Left,131,99,127,-41,-27,55,postcentral,7735650,74,74.0
1822,,lh__postcentral__191,Left,155,116,91,-65,-10,19,postcentral,3000750,133,133.0
1823,,lh__postcentral__192,Left,129,93,116,-39,-33,44,postcentral,1016898,84,84.0
1824,,lh__postcentral__193,Left,145,111,117,-55,-15,45,postcentral,2735057,123,123.0
1825,,lh__postcentral__194,Left,107,87,140,-17,-39,68,postcentral,3863099,93,93.0
1826,,lh__postcentral__195,Left,144,110,111,-54,-16,39,postcentral,9708454,81,81.0
1827,,lh__postcentral__196,Left,140,100,124,-50,-26,52,postcentral,73101,123,123.0
1828,,lh__postcentral__197,Left,140,101,116,-50,-25,44,postcentral,8622537,83,83.0
1829,,lh__postcentral__198,Left,132,105,89,-42,-21,17,postcentral,15688830,101,101.0
1830,,lh__postcentral__199,Left,135,98,120,-45,-28,48,postcentral,6097371,67,67.0
1831,,lh__postcentral__200,Left,131,117,87,-41,-9,15,postcentral,6729169,114,114.0
1832,,lh__postcentral__201,Left,142,118,95,-52,-8,23,postcentral,2213197,52,52.0
1833,,lh__postcentral__202,Left,148,111,108,-58,-15,36,postcentral,15157321,90,90.0
1834,,lh__postcentral__203,Left,108,88,136,-18,-38,64,postcentral,4844082,49,49.0
1835,,lh__postcentral__204,Left,135,108,129,-45,-18,57,postcentral,13439845,118,118.0
1836,,lh__postcentral__205,Left,146,110,102,-56,-16,30,postcentral,6419564,59,59.0
1837,,lh__postcentral__206,Left,127,96,135,-37,-30,63,postcentral,9230998,191,191.0
1838,,lh__postcentral__207,Left,140,104,112,-50,-22,40,postcentral,8507464,62,62.0
1839,,lh__postcentral__208,Left,138,113,104,-48,-13,32,postcentral,6740427,62,62.0
1840,,lh__postcentral__209,Left,132,89,130,-42,-37,58,postcentral,13868531,152,152.0
1841,,lh__postcentral__210,Left,122,95,132,-32,-31,60,postcentral,6226800,98,98.0
1842,,lh__postcentral__211,Left,103,93,142,-13,-33,70,postcentral,10137154,103,103.0
1843,,lh__postcentral__212,Left,100,91,144,-10,-35,72,postcentral,9610889,88,88.0
1844,,lh__postcentral__213,Left,105,96,143,-15,-30,71,postcentral,13180207,91,91.0
1845,,lh__postcentral__214,Left,106,95,139,-16,-31,67,postcentral,8066629,81,81.0
1846,,lh__postcentral__215,Left,105,89,147,-15,-37,75,postcentral,4538218,99,99.0
1847,,lh__postcentral__216,Left,106,89,144,-16,-37,72,postcentral,10374501,80,80.0
1848,,lh__postcentral__217,Left,108,96,138,-18,-30,66,postcentral,13004244,86,86.0
1849,,lh__postcentral__218,Left,110,98,143,-20,-28,71,postcentral,294997,86,86.0
1850,,lh__postcentral__219,Left,138,111,110,-48,-15,38,postcentral,13115831,59,59.0
1851,,lh__postcentral__220,Left,137,106,114,-47,-20,42,postcentral,2534825,57,57.0
1852,,lh__postcentral__221,Left,139,107,115,-49,-19,43,postcentral,10381695,46,46.0
1853,,lh__postcentral__222,Left,140,110,113,-50,-16,41,postcentral,11113274,80,80.0
1854,,lh__postcentral__223,Left,137,108,111,-47,-18,39,postcentral,8380276,42,42.0
1855,,lh__postcentral__224,Left,140,112,107,-50,-14,35,postcentral,1314271,38,38.0
1856,,lh__postcentral__225,Left,139,111,107,-49,-15,35,postcentral,925736,42,42.0
1857,,lh__postcentral__226,Left,114,90,143,-24,-36,71,postcentral,238541,91,91.0
1858,,lh__postcentral__227,Left,117,90,143,-27,-36,71,postcentral,10933664,62,62.0
1859,,lh__postcentral__228,Left,142,110,120,-52,-16,48,postcentral,504860,77,77.0
1860,,lh__postcentral__229,Left,139,109,120,-49,-17,48,postcentral,9845804,41,41.0
1861,,lh__postcentral__230,Left,107,91,140,-17,-35,68,postcentral,14563518,53,53.0
1862,,lh__postcentral__231,Left,106,91,142,-16,-35,70,postcentral,5616036,59,59.0
1863,,lh__postcentral__232,Left,146,116,108,-56,-10,36,postcentral,11238027,48,48.0
1864,,lh__postcentral__233,Left,144,114,107,-54,-12,35,postcentral,16276467,77,77.0
1865,,lh__postcentral__234,Left,112,98,137,-22,-28,65,postcentral,8097866,69,69.0
1866,,lh__postcentral__235,Left,110,96,136,-20,-30,64,postcentral,6890255,53,53.0
1867,,lh__postcentral__236,Left,145,115,112,-55,-11,40,postcentral,10526451,52,52.0
1868,,lh__postcentral__237,Left,103,92,136,-13,-34,64,postcentral,421950,69,69.0
1869,,lh__postcentral__238,Left,114,97,137,-24,-29,65,postcentral,2012096,93,93.0
1870,,lh__postcentral__239,Left,115,96,136,-25,-30,64,postcentral,2111100,65,65.0
1871,,lh__postcentral__240,Left,96,88,143,-6,-38,71,postcentral,10151650,45,45.0
1872,,lh__postcentral__241,Left,99,89,141,-9,-37,69,postcentral,7435441,83,83.0
1873,,lh__postcentral__242,Left,106,93,147,-16,-33,75,postcentral,12331453,70,70.0
1874,,lh__postcentral__243,Left,105,96,147,-15,-30,75,postcentral,12029163,54,54.0
1875,,lh__posteriorcingulate__1,Left,92,100,109,-2,-26,37,posteriorcingulate,12571929,144,144.0
1876,,lh__posteriorcingulate__2,Left,97,122,112,-7,-4,40,posteriorcingulate,2419408,95,95.0
1877,,lh__posteriorcingulate__3,Left,101,105,109,-11,-21,37,posteriorcingulate,7637149,77,77.0
1878,,lh__posteriorcingulate__4,Left,101,113,112,-11,-13,40,posteriorcingulate,1192097,60,60.0
1879,,lh__posteriorcingulate__5,Left,92,132,106,-2,6,34,posteriorcingulate,5220574,96,96.0
1880,,lh__posteriorcingulate__6,Left,103,97,109,-13,-29,37,posteriorcingulate,9610300,81,81.0
1881,,lh__posteriorcingulate__7,Left,94,93,107,-4,-33,35,posteriorcingulate,8490593,90,90.0
1882,,lh__posteriorcingulate__8,Left,92,110,103,-2,-16,31,posteriorcingulate,16567297,78,78.0
1883,,lh__posteriorcingulate__9,Left,94,96,100,-4,-30,28,posteriorcingulate,6783944,81,81.0
1884,,lh__posteriorcingulate__10,Left,92,111,108,-2,-15,36,posteriorcingulate,6769634,120,120.0
1885,,lh__posteriorcingulate__11,Left,92,127,103,-2,1,31,posteriorcingulate,4834471,78,78.0
1886,,lh__posteriorcingulate__12,Left,97,119,112,-7,-7,40,posteriorcingulate,8982054,114,114.0
1887,,lh__posteriorcingulate__13,Left,95,90,109,-5,-36,37,posteriorcingulate,204309,93,93.0
1888,,lh__posteriorcingulate__14,Left,99,115,112,-9,-11,40,posteriorcingulate,10590384,65,65.0
1889,,lh__posteriorcingulate__15,Left,94,100,100,-4,-26,28,posteriorcingulate,4686908,68,68.0
1890,,lh__posteriorcingulate__16,Left,92,114,112,-2,-12,40,posteriorcingulate,11493423,171,171.0
1891,,lh__posteriorcingulate__17,Left,97,129,111,-7,3,39,posteriorcingulate,12627313,98,98.0
1892,,lh__posteriorcingulate__18,Left,99,99,111,-9,-27,39,posteriorcingulate,6973366,120,120.0
1893,,lh__posteriorcingulate__19,Left,93,95,104,-3,-31,32,posteriorcingulate,1861643,95,95.0
1894,,lh__posteriorcingulate__20,Left,93,130,102,-3,4,30,posteriorcingulate,11742458,89,89.0
1895,,lh__posteriorcingulate__21,Left,93,107,102,-3,-19,30,posteriorcingulate,13144775,104,104.0
1896,,lh__posteriorcingulate__22,Left,104,94,110,-14,-32,38,posteriorcingulate,1732362,73,73.0
1897,,lh__posteriorcingulate__23,Left,93,91,116,-3,-35,44,posteriorcingulate,15305939,134,134.0
1898,,lh__posteriorcingulate__24,Left,104,90,112,-14,-36,40,posteriorcingulate,9141739,99,99.0
1899,,lh__posteriorcingulate__25,Left,93,121,104,-3,-5,32,posteriorcingulate,3483147,90,90.0
1900,,lh__posteriorcingulate__26,Left,92,114,104,-2,-12,32,posteriorcingulate,170392,88,88.0
1901,,lh__posteriorcingulate__27,Left,102,101,109,-12,-25,37,posteriorcingulate,8493356,75,75.0
1902,,lh__posteriorcingulate__28,Left,92,121,112,-2,-5,40,posteriorcingulate,3808793,177,177.0
1903,,lh__posteriorcingulate__29,Left,92,104,107,-2,-22,35,posteriorcingulate,8217054,132,132.0
1904,,lh__posteriorcingulate__30,Left,94,94,116,-4,-32,44,posteriorcingulate,14498985,163,163.0
1905,,lh__posteriorcingulate__31,Left,92,125,108,-2,-1,36,posteriorcingulate,12367865,140,140.0
1906,,lh__posteriorcingulate__32,Left,93,96,109,-3,-30,37,posteriorcingulate,13769930,119,119.0
1907,,lh__posteriorcingulate__33,Left,93,123,104,-3,-3,32,posteriorcingulate,12109982,86,86.0
1908,,lh__posteriorcingulate__34,Left,99,96,112,-9,-30,40,posteriorcingulate,9878326,128,128.0
1909,,lh__posteriorcingulate__35,Left,93,103,101,-3,-23,29,posteriorcingulate,13353915,92,92.0
1910,,lh__posteriorcingulate__36,Left,92,118,110,-2,-8,38,posteriorcingulate,11994932,166,166.0
1911,,lh__posteriorcingulate__37,Left,92,92,111,-2,-34,39,posteriorcingulate,10082977,149,149.0
1912,,lh__posteriorcingulate__38,Left,98,107,111,-8,-19,39,posteriorcingulate,10581868,96,96.0
1913,,lh__posteriorcingulate__39,Left,99,125,112,-9,-1,40,posteriorcingulate,9870474,74,74.0
1914,,lh__posteriorcingulate__40,Left,92,98,104,-2,-28,32,posteriorcingulate,5101199,93,93.0
1915,,lh__posteriorcingulate__41,Left,92,108,108,-2,-18,36,posteriorcingulate,11269293,100,100.0
1916,,lh__posteriorcingulate__42,Left,93,110,113,-3,-16,41,posteriorcingulate,9809880,155,155.0
1917,,lh__posteriorcingulate__43,Left,98,103,111,-8,-23,39,posteriorcingulate,418563,126,126.0
1918,,lh__posteriorcingulate__44,Left,93,98,114,-3,-28,42,posteriorcingulate,6843300,145,145.0
1919,,lh__posteriorcingulate__45,Left,92,117,105,-2,-9,33,posteriorcingulate,8719597,103,103.0
1920,,lh__posteriorcingulate__46,Left,92,130,109,-2,4,37,posteriorcingulate,1476264,194,194.0
1921,,lh__posteriorcingulate__47,Left,97,111,112,-7,-15,40,posteriorcingulate,144748,119,119.0
1922,,lh__posteriorcingulate__48,Left,93,106,113,-3,-20,41,posteriorcingulate,5829626,167,167.0
1923,,lh__posteriorcingulate__49,Left,99,92,114,-9,-34,42,posteriorcingulate,11220448,139,139.0
1924,,lh__posteriorcingulate__50,Left,92,101,104,-2,-25,32,posteriorcingulate,9545788,102,102.0
1925,,lh__posteriorcingulate__51,Left,95,115,114,-5,-11,42,posteriorcingulate,10500142,158,158.0
1926,,lh__posteriorcingulate__52,Left,100,89,115,-10,-37,43,posteriorcingulate,15404047,122,122.0
1927,,lh__posteriorcingulate__53,Left,94,126,113,-4,0,41,posteriorcingulate,13912897,237,237.0
1928,,lh__posteriorcingulate__54,Left,93,102,113,-3,-24,41,posteriorcingulate,2501145,138,138.0
1929,,lh__posteriorcingulate__55,Left,101,109,110,-11,-17,38,posteriorcingulate,752816,137,137.0
1930,,lh__precentral__1,Left,131,113,121,-41,-13,49,precentral,1342400,116,116.0
1931,,lh__precentral__2,Left,150,127,92,-60,1,20,precentral,5521784,188,188.0
1932,,lh__precentral__3,Left,138,128,75,-48,2,3,precentral,15395304,154,154.0
1933,,lh__precentral__4,Left,130,109,131,-40,-17,59,precentral,1764684,168,168.0
1934,,lh__precentral__5,Left,95,92,143,-5,-34,71,precentral,9751455,118,118.0
1935,,lh__precentral__6,Left,140,131,85,-50,5,13,precentral,149198,102,102.0
1936,,lh__precentral__7,Left,148,126,99,-58,0,27,precentral,577831,186,186.0
1937,,lh__precentral__8,Left,128,128,85,-38,2,13,precentral,2580397,54,54.0
1938,,lh__precentral__9,Left,116,106,143,-26,-20,71,precentral,10890931,180,180.0
1939,,lh__precentral__10,Left,126,105,122,-36,-21,50,precentral,229630,119,119.0
1940,,lh__precentral__11,Left,112,115,124,-22,-11,52,precentral,14590282,72,72.0
1941,,lh__precentral__12,Left,131,129,95,-41,3,23,precentral,15506564,44,44.0
1942,,lh__precentral__13,Left,143,120,81,-53,-6,9,precentral,2983008,94,94.0
1943,,lh__precentral__14,Left,131,124,107,-41,-2,35,precentral,8709746,103,103.0
1944,,lh__precentral__15,Left,106,114,141,-16,-12,69,precentral,5611355,173,173.0
1945,,lh__precentral__16,Left,129,126,104,-39,0,32,precentral,12594486,86,86.0
1946,,lh__precentral__17,Left,109,112,132,-19,-14,60,precentral,14112366,75,75.0
1947,,lh__precentral__18,Left,135,129,92,-45,3,20,precentral,222557,42,42.0
1948,,lh__precentral__19,Left,101,112,145,-11,-14,73,precentral,11582968,118,118.0
1949,,lh__precentral__20,Left,113,117,119,-23,-9,47,precentral,4117408,55,55.0
1950,,lh__precentral__21,Left,138,130,120,-48,4,48,precentral,5133257,43,43.0
1951,,lh__precentral__22,Left,138,130,89,-48,4,17,precentral,16686332,106,106.0
1952,,lh__precentral__23,Left,116,99,134,-26,-27,62,precentral,1448186,130,130.0
1953,,lh__precentral__24,Left,132,122,87,-42,-4,15,precentral,10751936,78,78.0
1954,,lh__precentral__25,Left,146,124,102,-56,-2,30,precentral,12903583,135,135.0
1955,,lh__precentral__26,Left,133,129,94,-43,3,22,precentral,16436517,40,40.0
1956,,lh__precentral__27,Left,147,134,79,-57,8,7,precentral,9005541,191,191.0
1957,,lh__precentral__28,Left,105,108,146,-15,-18,74,precentral,129377,157,157.0
1958,,lh__precentral__29,Left,113,101,131,-23,-25,59,precentral,8955607,90,90.0
1959,,lh__precentral__30,Left,138,116,114,-48,-10,42,precentral,14743244,160,160.0
1960,,lh__precentral__31,Left,131,124,116,-41,-2,44,precentral,1274684,87,87.0
1961,,lh__precentral__32,Left,108,96,128,-18,-30,56,precentral,16128686,48,48.0
1962,,lh__precentral__33,Left,142,119,105,-52,-7,33,precentral,5479000,107,107.0
1963,,lh__precentral__34,Left,149,123,88,-59,-3,16,precentral,4244618,66,66.0
1964,,lh__precentral__35,Left,143,134,78,-53,8,6,precentral,14863394,178,178.0
1965,,lh__precentral__36,Left,96,89,140,-6,-37,68,precentral,12847341,66,66.0
1966,,lh__precentral__37,Left,131,109,112,-41,-17,40,precentral,376798,112,112.0
1967,,lh__precentral__38,Left,151,124,86,-61,-2,14,precentral,9095873,55,55.0
1968,,lh__precentral__39,Left,110,112,136,-20,-14,64,precentral,16486678,122,122.0
1969,,lh__precentral__40,Left,132,124,111,-42,-2,39,precentral,8414746,113,113.0
1970,,lh__precentral__41,Left,112,98,130,-22,-28,58,precentral,11223003,87,87.0
1971,,lh__precentral__42,Left,142,133,82,-52,7,10,precentral,8320861,139,139.0
1972,,lh__precentral__43,Left,120,118,117,-30,-8,45,precentral,10721439,119,119.0
1973,,lh__precentral__44,Left,128,108,108,-38,-18,36,precentral,12047914,51,51.0
1974,,lh__precentral__45,Left,102,94,134,-12,-32,62,precentral,15409629,55,55.0
1975,,lh__precentral__46,Left,128,128,102,-38,2,30,precentral,5714424,70,70.0
1976,,lh__precentral__47,Left,116,116,118,-26,-10,46,precentral,10124515,69,69.0
1977,,lh__precentral__48,Left,100,108,147,-10,-18,75,precentral,11207191,150,150.0
1978,,lh__precentral__49,Left,139,119,79,-49,-7,7,precentral,7364736,158,158.0
1979,,lh__precentral__50,Left,129,130,82,-39,4,10,precentral,11761049,83,83.0
1980,,lh__precentral__51,Left,127,122,116,-37,-4,44,precentral,10676526,87,87.0
1981,,lh__precentral__52,Left,127,107,111,-37,-19,39,precentral,11326070,54,54.0
1982,,lh__precentral__53,Left,135,130,74,-45,4,2,precentral,15219000,136,136.0
1983,,lh__precentral__54,Left,130,130,101,-40,4,29,precentral,2067668,137,137.0
1984,,lh__precentral__55,Left,114,113,122,-24,-13,50,precentral,12635006,95,95.0
1985,,lh__precentral__56,Left,128,129,97,-38,3,25,precentral,12598115,58,58.0
1986,,lh__precentral__57,Left,144,122,104,-54,-4,32,precentral,7212733,122,122.0
1987,,lh__precentral__58,Left,99,103,148,-9,-23,76,precentral,821989,173,173.0
1988,,lh__precentral__59,Left,111,113,126,-21,-13,54,precentral,15060910,55,55.0
1989,,lh__precentral__60,Left,125,107,112,-35,-19,40,precentral,2651065,50,50.0
1990,,lh__precentral__61,Left,105,96,131,-15,-30,59,precentral,6068185,48,48.0
1991,,lh__precentral__62,Left,124,109,116,-34,-17,44,precentral,1768643,43,43.0
1992,,lh__precentral__63,Left,133,126,84,-43,0,12,precentral,11251133,61,61.0
1993,,lh__precentral__64,Left,104,113,143,-14,-13,71,precentral,6165374,136,136.0
1994,,lh__precentral__65,Left,137,128,115,-47,2,43,precentral,13229722,107,107.0
1995,,lh__precentral__66,Left,139,130,107,-49,4,35,precentral,11695183,256,256.0
1996,,lh__precentral__67,Left,129,126,87,-39,0,15,precentral,3676994,42,42.0
1997,,lh__precentral__68,Left,110,101,132,-20,-25,60,precentral,6309314,114,114.0
1998,,lh__precentral__69,Left,141,127,109,-51,1,37,precentral,785704,156,156.0
1999,,lh__precentral__70,Left,121,116,126,-31,-10,54,precentral,5961438,108,108.0
2000,,lh__precentral__71,Left,150,124,84,-60,-2,12,precentral,15610482,111,111.0
2001,,lh__precentral__72,Left,139,126,114,-49,0,42,precentral,13160719,143,143.0
2002,,lh__precentral__73,Left,130,110,108,-40,-16,36,precentral,11269528,76,76.0
2003,,lh__precentral__74,Left,147,128,78,-57,2,6,precentral,10743585,226,226.0
2004,,lh__precentral__75,Left,145,122,93,-55,-4,21,precentral,13046753,104,104.0
2005,,lh__precentral__76,Left,119,112,140,-29,-14,68,precentral,16323118,157,157.0
2006,,lh__precentral__77,Left,127,112,125,-37,-14,53,precentral,15652995,118,118.0
2007,,lh__precentral__78,Left,139,119,123,-49,-7,51,precentral,7583111,210,210.0
2008,,lh__precentral__79,Left,150,132,82,-60,6,10,precentral,1622581,180,180.0
2009,,lh__precentral__80,Left,109,106,145,-19,-20,73,precentral,2368437,222,222.0
2010,,lh__precentral__81,Left,148,134,96,-58,8,24,precentral,1375412,219,219.0
2011,,lh__precentral__82,Left,144,132,94,-54,6,22,precentral,1562127,166,166.0
2012,,lh__precentral__83,Left,132,112,106,-42,-14,34,precentral,4012296,65,65.0
2013,,lh__precentral__84,Left,135,119,81,-45,-7,9,precentral,5943899,153,153.0
2014,,lh__precentral__85,Left,109,111,144,-19,-15,72,precentral,3721349,109,109.0
2015,,lh__precentral__86,Left,142,133,72,-52,7,0,precentral,5384370,169,169.0
2016,,lh__precentral__87,Left,118,99,131,-28,-27,59,precentral,967511,119,119.0
2017,,lh__precentral__88,Left,146,134,101,-56,8,29,precentral,1421583,288,288.0
2018,,lh__precentral__89,Left,111,112,130,-21,-14,58,precentral,15934926,56,56.0
2019,,lh__precentral__90,Left,122,112,139,-32,-14,67,precentral,7379806,176,176.0
2020,,lh__precentral__91,Left,141,125,76,-51,-1,4,precentral,7531866,216,216.0
2021,,lh__precentral__92,Left,126,121,123,-36,-5,51,precentral,10909372,89,89.0
2022,,lh__precentral__93,Left,134,114,105,-44,-12,33,precentral,9562737,64,64.0
2023,,lh__precentral__94,Left,123,120,117,-33,-6,45,precentral,1105563,26,26.0
2024,,lh__precentral__95,Left,126,102,120,-36,-24,48,precentral,1310260,128,128.0
2025,,lh__precentral__96,Left,131,128,83,-41,2,11,precentral,1296852,67,67.0
2026,,lh__precentral__97,Left,138,129,117,-48,3,45,precentral,16057640,64,64.0
2027,,lh__precentral__98,Left,100,111,147,-10,-15,75,precentral,8890609,127,127.0
2028,,lh__precentral__99,Left,130,107,134,-40,-19,62,precentral,9098462,180,180.0
2029,,lh__precentral__100,Left,130,124,88,-40,-2,16,precentral,5235495,35,35.0
2030,,lh__precentral__101,Left,123,106,115,-33,-20,43,precentral,3786273,49,49.0
2031,,lh__precentral__102,Left,146,123,83,-56,-3,11,precentral,10231655,173,173.0
2032,,lh__precentral__103,Left,113,107,144,-23,-19,72,precentral,4881816,208,208.0
2033,,lh__precentral__104,Left,124,108,120,-34,-18,48,precentral,12226862,91,91.0
2034,,lh__precentral__105,Left,150,133,88,-60,7,16,precentral,4216683,171,171.0
2035,,lh__precentral__106,Left,117,112,127,-27,-14,55,precentral,9714843,114,114.0
2036,,lh__precentral__107,Left,144,122,96,-54,-4,24,precentral,12318743,102,102.0
2037,,lh__precentral__108,Left,120,102,134,-30,-24,62,precentral,4322514,114,114.0
2038,,lh__precentral__109,Left,132,130,80,-42,4,8,precentral,14027764,94,94.0
2039,,lh__precentral__110,Left,140,118,112,-50,-8,40,precentral,12909018,143,143.0
2040,,lh__precentral__111,Left,118,114,123,-28,-12,51,precentral,9406618,114,114.0
2041,,lh__precentral__112,Left,148,131,104,-58,5,32,precentral,11436092,253,253.0
2042,,lh__precentral__113,Left,125,100,125,-35,-26,53,precentral,14523802,84,84.0
2043,,lh__precentral__114,Left,136,117,125,-46,-9,53,precentral,3464712,159,159.0
2044,,lh__precentral__115,Left,138,124,110,-48,-2,38,precentral,6222186,99,99.0
2045,,lh__precentral__116,Left,113,103,138,-23,-23,66,precentral,2623681,117,117.0
2046,,lh__precentral__117,Left,124,104,117,-34,-22,45,precentral,13138852,53,53.0
2047,,lh__precentral__118,Left,122,100,126,-32,-26,54,precentral,2865751,95,95.0
2048,,lh__precentral__119,Left,136,129,96,-46,3,24,precentral,9185996,97,97.0
2049,,lh__precentral__120,Left,136,122,122,-46,-4,50,precentral,3588332,220,220.0
2050,,lh__precentral__121,Left,136,123,83,-46,-3,11,precentral,909360,91,91.0
2051,,lh__precentral__122,Left,129,114,135,-39,-12,63,precentral,7483106,242,242.0
2052,,lh__precentral__123,Left,128,121,129,-38,-5,57,precentral,10617556,174,174.0
2053,,lh__precentral__124,Left,151,127,89,-61,1,17,precentral,557970,149,149.0
2054,,lh__precentral__125,Left,116,102,135,-26,-24,63,precentral,14852319,112,112.0
2055,,lh__precentral__126,Left,147,129,107,-57,3,35,precentral,11382931,278,278.0
2056,,lh__precentral__127,Left,131,112,117,-41,-14,45,precentral,10504510,96,96.0
2057,,lh__precentral__128,Left,135,132,103,-45,6,31,precentral,916833,182,182.0
2058,,lh__precentral__129,Left,134,120,85,-44,-6,13,precentral,409396,79,79.0
2059,,lh__precentral__130,Left,125,112,138,-35,-14,66,precentral,7229862,265,265.0
2060,,lh__precentral__131,Left,136,116,103,-46,-10,31,precentral,10968501,61,61.0
2061,,lh__precentral__132,Left,140,126,121,-50,0,49,precentral,14080507,258,258.0
2062,,lh__precentral__133,Left,137,122,77,-47,-4,5,precentral,14869095,144,144.0
2063,,lh__precentral__134,Left,114,112,137,-24,-14,65,precentral,10088896,134,134.0
2064,,lh__precentral__135,Left,146,134,85,-56,8,13,precentral,10210984,153,153.0
2065,,lh__precentral__136,Left,119,99,126,-29,-27,54,precentral,15902177,141,141.0
2066,,lh__precentral__137,Left,126,119,130,-36,-7,58,precentral,1083780,132,132.0
2067,,lh__precentral__138,Left,147,122,90,-57,-4,18,precentral,15549595,102,102.0
2068,,lh__precentral__139,Left,135,115,109,-45,-11,37,precentral,6116014,114,114.0
2069,,lh__precentral__140,Left,117,111,134,-27,-15,62,precentral,15371487,122,122.0
2070,,lh__precentral__141,Left,135,114,120,-45,-12,48,precentral,14183063,123,123.0
2071,,lh__precentral__142,Left,140,119,101,-50,-7,29,precentral,12180489,78,78.0
2072,,lh__precentral__143,Left,144,119,110,-54,-7,38,precentral,16494486,147,147.0
2073,,lh__precentral__144,Left,120,106,142,-30,-20,70,precentral,605888,175,175.0
2074,,lh__precentral__145,Left,144,132,88,-54,6,16,precentral,4192307,138,138.0
2075,,lh__precentral__146,Left,125,121,116,-35,-5,44,precentral,5226025,56,56.0
2076,,lh__precentral__147,Left,133,112,110,-43,-14,38,precentral,5662226,122,122.0
2077,,lh__precentral__148,Left,127,111,120,-37,-15,48,precentral,13451477,91,91.0
2078,,lh__precentral__149,Left,134,117,126,-44,-9,54,precentral,9775260,175,175.0
2079,,lh__precentral__150,Left,135,128,80,-45,2,8,precentral,2976539,87,87.0
2080,,lh__precentral__151,Left,104,103,146,-14,-23,74,precentral,583427,140,140.0
2081,,lh__precentral__152,Left,142,132,97,-52,6,25,precentral,313252,164,164.0
2082,,lh__precentral__153,Left,128,123,123,-38,-3,51,precentral,8289463,222,222.0
2083,,lh__precentral__154,Left,127,102,131,-37,-24,59,precentral,15749953,146,146.0
2084,,lh__precentral__155,Left,142,131,91,-52,5,19,precentral,8607341,101,101.0
2085,,lh__precentral__156,Left,106,111,145,-16,-15,73,precentral,5103617,91,91.0
2086,,lh__precentral__157,Left,120,101,129,-30,-25,57,precentral,6250883,93,93.0
2087,,lh__precentral__158,Left,133,123,125,-43,-3,53,precentral,11267354,257,257.0
2088,,lh__precentral__159,Left,148,134,92,-58,8,20,precentral,11597171,186,186.0
2089,,lh__precentral__160,Left,97,99,146,-7,-27,74,precentral,4582297,163,163.0
2090,,lh__precentral__161,Left,135,126,106,-45,0,34,precentral,6759660,131,131.0
2091,,lh__precentral__162,Left,142,124,80,-52,-2,8,precentral,14250186,113,113.0
2092,,lh__precentral__163,Left,131,113,131,-41,-13,59,precentral,15403918,188,188.0
2093,,lh__precentral__164,Left,112,111,133,-22,-15,61,precentral,7470174,95,95.0
2094,,lh__precentral__165,Left,142,118,120,-52,-8,48,precentral,15137898,266,266.0
2095,,lh__precentral__166,Left,131,114,126,-41,-12,54,precentral,13321390,155,155.0
2096,,lh__precentral__167,Left,138,117,102,-48,-9,30,precentral,7353860,65,65.0
2097,,lh__precentral__168,Left,112,112,142,-22,-14,70,precentral,14455097,161,161.0
2098,,lh__precentral__169,Left,149,127,96,-59,1,24,precentral,6680889,237,237.0
2099,,lh__precentral__170,Left,131,121,128,-41,-5,56,precentral,476497,176,176.0
2100,,lh__precentral__171,Left,120,116,120,-30,-10,48,precentral,5169623,85,85.0
2101,,lh__precentral__172,Left,123,99,121,-33,-27,49,precentral,11080801,84,84.0
2102,,lh__precentral__173,Left,144,125,112,-54,-1,40,precentral,4042735,149,149.0
2103,,lh__precentral__174,Left,127,108,126,-37,-18,54,precentral,10711841,148,148.0
2104,,lh__precentral__175,Left,107,114,135,-17,-12,63,precentral,5618762,103,103.0
2105,,lh__precentral__176,Left,136,112,116,-46,-14,44,precentral,328051,179,179.0
2106,,lh__precentral__177,Left,144,122,117,-54,-4,45,precentral,16634924,251,251.0
2107,,lh__precentral__178,Left,136,126,119,-46,0,47,precentral,16685412,106,106.0
2108,,lh__precentral__179,Left,129,104,127,-39,-22,55,precentral,14071019,184,184.0
2109,,lh__precentral__180,Left,134,127,113,-44,1,41,precentral,9326015,45,45.0
2110,,lh__precentral__181,Left,149,128,86,-59,2,14,precentral,10884840,116,116.0
2111,,lh__precentral__182,Left,123,105,140,-33,-21,68,precentral,4265525,185,185.0
2112,,lh__precentral__183,Left,133,130,98,-43,4,26,precentral,1920857,128,128.0
2113,,lh__precentral__184,Left,141,134,105,-51,8,33,precentral,6613336,248,248.0
2114,,lh__precentral__185,Left,123,101,132,-33,-25,60,precentral,8003658,124,124.0
2115,,lh__precentral__186,Left,139,132,100,-49,6,28,precentral,5358865,202,202.0
2116,,lh__precentral__187,Left,136,124,112,-46,-2,40,precentral,8123286,50,50.0
2117,,lh__precentral__188,Left,126,110,115,-36,-16,43,precentral,15972384,73,73.0
2118,,lh__precentral__189,Left,117,101,131,-27,-25,59,precentral,8632686,156,156.0
2119,,lh__precentral__190,Left,127,105,137,-37,-21,65,precentral,7590755,168,168.0
2120,,lh__precentral__191,Left,147,127,83,-57,1,11,precentral,9166884,137,137.0
2121,,lh__precentral__192,Left,116,112,142,-26,-14,70,precentral,14055516,184,184.0
2122,,lh__precentral__193,Left,145,124,114,-55,-2,42,precentral,387024,179,179.0
2123,,lh__precentral__194,Left,139,129,94,-49,3,22,precentral,6874910,94,94.0
2124,,lh__precentral__195,Left,119,114,134,-29,-12,62,precentral,12068494,145,145.0
2125,,lh__precentral__196,Left,119,115,129,-29,-11,57,precentral,15053432,193,193.0
2126,,lh__precentral__197,Left,131,117,131,-41,-9,59,precentral,3189820,161,161.0
2127,,lh__precentral__198,Left,107,112,140,-17,-14,68,precentral,8676107,162,162.0
2128,,lh__precentral__199,Left,147,126,110,-57,0,38,precentral,7633841,252,252.0
2129,,lh__precentral__200,Left,123,116,135,-33,-10,63,precentral,1668505,215,215.0
2130,,lh__precentral__201,Left,114,111,129,-24,-15,57,precentral,3262783,93,93.0
2131,,lh__precentral__202,Left,142,121,99,-52,-5,27,precentral,7491714,90,90.0
2132,,lh__precentral__203,Left,132,122,118,-42,-4,46,precentral,2278589,105,105.0
2133,,lh__precentral__204,Left,124,119,122,-34,-7,50,precentral,7835717,121,121.0
2134,,lh__precentral__205,Left,125,118,132,-35,-8,60,precentral,13030865,160,160.0
2135,,lh__precentral__206,Left,128,110,113,-38,-16,41,precentral,10055982,84,84.0
2136,,lh__precentral__207,Left,137,126,80,-47,0,8,precentral,15222932,112,112.0
2137,,lh__precentral__208,Left,144,130,74,-54,4,2,precentral,3146000,191,191.0
2138,,lh__precentral__209,Left,133,128,104,-43,2,32,precentral,3386743,148,148.0
2139,,lh__precentral__210,Left,101,96,138,-11,-30,66,precentral,7360474,67,67.0
2140,,lh__precentral__211,Left,100,96,142,-10,-30,70,precentral,10447854,90,90.0
2141,,lh__precentral__212,Left,103,97,136,-13,-29,64,precentral,7001194,73,73.0
2142,,lh__precentral__213,Left,105,99,137,-15,-27,65,precentral,8094256,72,72.0
2143,,lh__precentral__214,Left,106,101,140,-16,-25,68,precentral,15744860,84,84.0
2144,,lh__precentral__215,Left,107,103,142,-17,-23,70,precentral,217232,105,105.0
2145,,lh__precentral__216,Left,103,100,143,-13,-26,71,precentral,7311996,85,85.0
2146,,lh__precentral__217,Left,102,99,143,-12,-27,71,precentral,2943738,81,81.0
2147,,lh__precentral__218,Left,98,91,138,-8,-35,66,precentral,14731594,25,25.0
2148,,lh__precentral__219,Left,99,93,138,-9,-33,66,precentral,15220583,61,61.0
2149,,lh__precentral__220,Left,107,100,135,-17,-26,63,precentral,4812066,67,67.0
2150,,lh__precentral__221,Left,106,99,132,-16,-27,60,precentral,5005423,47,47.0
2151,,lh__precentral__222,Left,138,116,107,-48,-10,35,precentral,9696218,73,73.0
2152,,lh__precentral__223,Left,139,117,105,-49,-9,33,precentral,9686291,71,71.0
2153,,lh__precentral__224,Left,95,96,145,-5,-30,73,precentral,13437281,77,77.0
2154,,lh__precentral__225,Left,97,95,144,-7,-31,72,precentral,5433456,73,73.0
2155,,lh__precentral__226,Left,111,103,140,-21,-23,68,precentral,11410808,74,74.0
2156,,lh__precentral__227,Left,109,102,138,-19,-24,66,precentral,14472106,75,75.0
2157,,lh__precuneus__1,Left,94,63,102,-4,-63,30,precuneus,8773922,141,141.0
2158,,lh__precuneus__2,Left,93,53,123,-3,-73,51,precuneus,13167393,155,155.0
2159,,lh__precuneus__3,Left,96,69,81,-6,-57,9,precuneus,10015562,122,122.0
2160,,lh__precuneus__4,Left,102,79,130,-12,-47,58,precuneus,4395197,109,109.0
2161,,lh__precuneus__5,Left,112,66,76,-22,-60,4,precuneus,10720074,50,50.0
2162,,lh__precuneus__6,Left,93,81,113,-3,-45,41,precuneus,6666715,225,225.0
2163,,lh__precuneus__7,Left,108,56,93,-18,-70,21,precuneus,14873810,121,121.0
2164,,lh__precuneus__8,Left,102,84,106,-12,-42,34,precuneus,9051166,55,55.0
2165,,lh__precuneus__9,Left,96,77,132,-6,-49,60,precuneus,4066397,215,215.0
2166,,lh__precuneus__10,Left,95,61,124,-5,-65,52,precuneus,15000317,157,157.0
2167,,lh__precuneus__11,Left,114,63,79,-24,-63,7,precuneus,1868862,112,112.0
2168,,lh__precuneus__12,Left,105,87,114,-15,-39,42,precuneus,4894024,72,72.0
2169,,lh__precuneus__13,Left,96,71,122,-6,-55,50,precuneus,12859023,146,146.0
2170,,lh__precuneus__14,Left,92,69,86,-2,-57,14,precuneus,1933779,163,163.0
2171,,lh__precuneus__15,Left,93,64,105,-3,-62,33,precuneus,6514771,171,171.0
2172,,lh__precuneus__16,Left,104,82,141,-14,-44,69,precuneus,15959391,116,116.0
2173,,lh__precuneus__17,Left,101,54,111,-11,-72,39,precuneus,6353172,209,209.0
2174,,lh__precuneus__18,Left,94,52,116,-4,-74,44,precuneus,896516,235,235.0
2175,,lh__precuneus__19,Left,92,70,82,-2,-56,10,precuneus,13217477,123,123.0
2176,,lh__precuneus__20,Left,108,66,84,-18,-60,12,precuneus,8731042,98,98.0
2177,,lh__precuneus__21,Left,93,88,117,-3,-38,45,precuneus,10282100,127,127.0
2178,,lh__precuneus__22,Left,107,53,95,-17,-73,23,precuneus,1845278,121,121.0
2179,,lh__precuneus__23,Left,101,69,81,-11,-57,9,precuneus,6859970,122,122.0
2180,,lh__precuneus__24,Left,99,83,121,-9,-43,49,precuneus,3974348,132,132.0
2181,,lh__precuneus__25,Left,92,61,95,-2,-65,23,precuneus,4905684,105,105.0
2182,,lh__precuneus__26,Left,93,57,125,-3,-69,53,precuneus,7861994,133,133.0
2183,,lh__precuneus__27,Left,97,73,124,-7,-53,52,precuneus,788352,124,124.0
2184,,lh__precuneus__28,Left,100,73,100,-10,-53,28,precuneus,2756027,64,64.0
2185,,lh__precuneus__29,Left,106,67,93,-16,-59,21,precuneus,3773689,120,120.0
2186,,lh__precuneus__30,Left,108,71,78,-18,-55,6,precuneus,10457462,94,94.0
2187,,lh__precuneus__31,Left,104,81,128,-14,-45,56,precuneus,12225496,56,56.0
2188,,lh__precuneus__32,Left,104,53,108,-14,-73,36,precuneus,14459441,186,186.0
2189,,lh__precuneus__33,Left,96,52,113,-6,-74,41,precuneus,13007101,244,244.0
2190,,lh__precuneus__34,Left,99,78,114,-9,-48,42,precuneus,6360378,133,133.0
2191,,lh__precuneus__35,Left,110,59,92,-20,-67,20,precuneus,1372316,104,104.0
2192,,lh__precuneus__36,Left,110,62,81,-20,-64,9,precuneus,3396202,68,68.0
2193,,lh__precuneus__37,Left,95,76,137,-5,-50,65,precuneus,15588064,189,189.0
2194,,lh__precuneus__38,Left,112,69,78,-22,-57,6,precuneus,14785877,90,90.0
2195,,lh__precuneus__39,Left,95,65,125,-5,-61,53,precuneus,7460916,84,84.0
2196,,lh__precuneus__40,Left,94,73,129,-4,-53,57,precuneus,15716908,165,165.0
2197,,lh__precuneus__41,Left,95,67,108,-5,-59,36,precuneus,13141050,177,177.0
2198,,lh__precuneus__42,Left,95,88,111,-5,-38,39,precuneus,4812726,106,106.0
2199,,lh__precuneus__43,Left,106,83,121,-16,-43,49,precuneus,15554035,52,52.0
2200,,lh__precuneus__44,Left,101,69,85,-11,-57,13,precuneus,9157672,150,150.0
2201,,lh__precuneus__45,Left,101,75,101,-11,-51,29,precuneus,1372282,68,68.0
2202,,lh__precuneus__46,Left,106,53,99,-16,-73,27,precuneus,4896770,141,141.0
2203,,lh__precuneus__47,Left,107,64,94,-17,-62,22,precuneus,6183229,129,129.0
2204,,lh__precuneus__48,Left,104,82,132,-14,-44,60,precuneus,13238587,71,71.0
2205,,lh__precuneus__49,Left,95,72,90,-5,-54,18,precuneus,5927867,125,125.0
2206,,lh__precuneus__50,Left,94,68,131,-4,-58,59,precuneus,14141233,115,115.0
2207,,lh__precuneus__51,Left,92,56,116,-2,-70,44,precuneus,5719642,83,83.0
2208,,lh__precuneus__52,Left,106,50,105,-16,-76,33,precuneus,1322433,116,116.0
2209,,lh__precuneus__53,Left,101,76,110,-11,-50,38,precuneus,3688100,118,118.0
2210,,lh__precuneus__54,Left,104,69,79,-14,-57,7,precuneus,2623051,81,81.0
2211,,lh__precuneus__55,Left,105,82,124,-15,-44,52,precuneus,15610436,47,47.0
2212,,lh__precuneus__56,Left,103,61,94,-13,-65,22,precuneus,14681837,169,169.0
2213,,lh__precuneus__57,Left,93,67,123,-3,-59,51,precuneus,3226314,73,73.0
2214,,lh__precuneus__58,Left,96,73,94,-6,-53,22,precuneus,3078675,86,86.0
2215,,lh__precuneus__59,Left,95,63,124,-5,-63,52,precuneus,4042330,87,87.0
2216,,lh__precuneus__60,Left,103,75,104,-13,-51,32,precuneus,4111734,74,74.0
2217,,lh__precuneus__61,Left,109,64,86,-19,-62,14,precuneus,13004881,97,97.0
2218,,lh__precuneus__62,Left,101,86,116,-11,-40,44,precuneus,10225823,117,117.0
2219,,lh__precuneus__63,Left,96,81,126,-6,-45,54,precuneus,14988001,172,172.0
2220,,lh__precuneus__64,Left,93,66,129,-3,-60,57,precuneus,11417369,117,117.0
2221,,lh__precuneus__65,Left,91,55,106,-1,-71,34,precuneus,14201875,99,99.0
2222,,lh__precuneus__66,Left,110,62,91,-20,-64,19,precuneus,15577573,108,108.0
2223,,lh__precuneus__67,Left,95,69,113,-5,-57,41,precuneus,10572115,226,226.0
2224,,lh__precuneus__68,Left,106,85,117,-16,-41,45,precuneus,3538113,63,63.0
2225,,lh__precuneus__69,Left,98,87,108,-8,-39,36,precuneus,4940170,78,78.0
2226,,lh__precuneus__70,Left,104,82,136,-14,-44,64,precuneus,6542643,83,83.0
2227,,lh__precuneus__71,Left,105,52,101,-15,-74,29,precuneus,4597176,167,167.0
2228,,lh__precuneus__72,Left,93,60,122,-3,-66,50,precuneus,1412804,106,106.0
2229,,lh__precuneus__73,Left,95,85,111,-5,-41,39,precuneus,15457076,161,161.0
2230,,lh__precuneus__74,Left,99,67,88,-9,-59,16,precuneus,14887510,203,203.0
2231,,lh__precuneus__75,Left,97,57,99,-7,-69,27,precuneus,16128180,137,137.0
2232,,lh__precuneus__76,Left,102,81,122,-12,-45,50,precuneus,8981510,124,124.0
2233,,lh__precuneus__77,Left,101,74,113,-11,-52,41,precuneus,14449158,84,84.0
2234,,lh__precuneus__78,Left,92,57,112,-2,-69,40,precuneus,12470461,93,93.0
2235,,lh__precuneus__79,Left,99,73,97,-9,-53,25,precuneus,4645490,63,63.0
2236,,lh__precuneus__80,Left,107,62,96,-17,-64,24,precuneus,12842642,128,128.0
2237,,lh__precuneus__81,Left,94,77,119,-4,-49,47,precuneus,5026670,169,169.0
2238,,lh__precuneus__82,Left,110,67,78,-20,-59,6,precuneus,16385578,130,130.0
2239,,lh__precuneus__83,Left,103,78,103,-13,-48,31,precuneus,8805871,56,56.0
2240,,lh__precuneus__84,Left,97,77,117,-7,-49,45,precuneus,8376120,144,144.0
2241,,lh__precuneus__85,Left,92,59,98,-2,-67,26,precuneus,2205572,120,120.0
2242,,lh__precuneus__86,Left,111,65,90,-21,-61,18,precuneus,7269417,79,79.0
2243,,lh__precuneus__87,Left,96,71,128,-6,-55,56,precuneus,4433482,128,128.0
2244,,lh__precuneus__88,Left,102,59,105,-12,-67,33,precuneus,10522401,164,164.0
2245,,lh__precuneus__89,Left,92,66,88,-2,-60,16,precuneus,9863722,198,198.0
2246,,lh__precuneus__90,Left,94,63,112,-4,-63,40,precuneus,4451546,120,120.0
2247,,lh__precuneus__91,Left,95,79,129,-5,-47,57,precuneus,15321804,239,239.0
2248,,lh__precuneus__92,Left,100,72,102,-10,-54,30,precuneus,16141589,61,61.0
2249,,lh__precuneus__93,Left,98,82,111,-8,-44,39,precuneus,1081264,164,164.0
2250,,lh__precuneus__94,Left,107,68,90,-17,-58,18,precuneus,3034394,98,98.0
2251,,lh__precuneus__95,Left,92,66,94,-2,-60,22,precuneus,8417324,188,188.0
2252,,lh__precuneus__96,Left,92,58,119,-2,-68,47,precuneus,1732231,91,91.0
2253,,lh__precuneus__97,Left,102,79,126,-12,-47,54,precuneus,11400031,98,98.0
2254,,lh__precuneus__98,Left,97,57,107,-7,-69,35,precuneus,9092923,194,194.0
2255,,lh__precuneus__99,Left,101,73,105,-11,-53,33,precuneus,11525051,99,99.0
2256,,lh__precuneus__100,Left,102,60,98,-12,-66,26,precuneus,990505,158,158.0
2257,,lh__precuneus__101,Left,93,78,123,-3,-48,51,precuneus,10297771,184,184.0
2258,,lh__precuneus__102,Left,93,53,111,-3,-73,39,precuneus,8806382,195,195.0
2259,,lh__precuneus__103,Left,95,66,117,-5,-60,45,precuneus,14644559,159,159.0
2260,,lh__precuneus__104,Left,105,67,81,-15,-59,9,precuneus,14364785,164,164.0
2261,,lh__precuneus__105,Left,96,61,93,-6,-65,21,precuneus,14453029,128,128.0
2262,,lh__precuneus__106,Left,103,56,105,-13,-70,33,precuneus,10455897,237,237.0
2263,,lh__precuneus__107,Left,97,70,109,-7,-56,37,precuneus,582929,154,154.0
2264,,lh__precuneus__108,Left,93,75,126,-3,-51,54,precuneus,12623016,180,180.0
2265,,lh__precuneus__109,Left,98,85,118,-8,-41,46,precuneus,4567903,138,138.0
2266,,lh__precuneus__110,Left,96,56,103,-6,-70,31,precuneus,9794103,165,165.0
2267,,lh__precuneus__111,Left,96,74,110,-6,-52,38,precuneus,10090104,220,220.0
2268,,lh__precuneus__112,Left,95,63,91,-5,-63,19,precuneus,8056722,121,121.0
2269,,lh__precuneus__113,Left,100,79,139,-10,-47,67,precuneus,10573558,178,178.0
2270,,lh__precuneus__114,Left,94,69,125,-4,-57,53,precuneus,1782221,131,131.0
2271,,lh__precuneus__115,Left,98,70,99,-8,-56,27,precuneus,11203217,52,52.0
2272,,lh__precuneus__116,Left,94,69,104,-4,-57,32,precuneus,5116149,216,216.0
2273,,lh__precuneus__117,Left,95,70,117,-5,-56,45,precuneus,2988573,226,226.0
2274,,lh__precuneus__118,Left,91,56,104,-1,-70,32,precuneus,11125262,106,106.0
2275,,lh__precuneus__119,Left,94,64,121,-4,-62,49,precuneus,5569876,109,109.0
2276,,lh__precuneus__120,Left,96,71,107,-6,-55,35,precuneus,6417122,104,104.0
2277,,lh__precuneus__121,Left,92,62,108,-2,-64,36,precuneus,8950328,153,153.0
2278,,lh__precuneus__122,Left,93,60,116,-3,-66,44,precuneus,168985,87,87.0
2279,,lh__precuneus__123,Left,101,64,93,-11,-62,21,precuneus,10990513,165,165.0
2280,,lh__precuneus__124,Left,97,66,113,-7,-60,41,precuneus,14610740,97,97.0
2281,,lh__precuneus__125,Left,94,70,93,-4,-56,21,precuneus,15476044,163,163.0
2282,,lh__precuneus__126,Left,94,54,108,-4,-72,36,precuneus,15151883,237,237.0
2283,,lh__precuneus__127,Left,92,60,112,-2,-66,40,precuneus,3051887,111,111.0
2284,,lh__precuneus__128,Left,96,73,115,-6,-53,43,precuneus,2883163,229,229.0
2285,,lh__precuneus__129,Left,94,86,116,-4,-40,44,precuneus,14356408,118,118.0
2286,,lh__precuneus__130,Left,103,76,107,-13,-50,35,precuneus,11231879,101,101.0
2287,,lh__precuneus__131,Left,96,67,84,-6,-59,12,precuneus,8858657,129,129.0
2288,,lh__precuneus__132,Left,97,58,95,-7,-68,23,precuneus,14683427,122,122.0
2289,,lh__precuneus__133,Left,93,67,98,-3,-59,26,precuneus,10821197,127,127.0
2290,,lh__precuneus__134,Left,99,74,121,-9,-52,49,precuneus,14718386,119,119.0
2291,,lh__precuneus__135,Left,105,69,87,-15,-57,15,precuneus,7458989,124,124.0
2292,,lh__precuneus__136,Left,100,61,102,-10,-65,30,precuneus,14724474,147,147.0
2293,,lh__precuneus__137,Left,93,73,134,-3,-53,62,precuneus,5263072,152,152.0
2294,,lh__precuneus__138,Left,101,75,117,-11,-51,45,precuneus,8709993,74,74.0
2295,,lh__precuneus__139,Left,105,59,100,-15,-67,28,precuneus,2813725,171,171.0
2296,,lh__precuneus__140,Left,105,80,105,-15,-46,33,precuneus,1831785,53,53.0
2297,,lh__precuneus__141,Left,94,62,118,-4,-64,46,precuneus,15838942,91,91.0
2298,,lh__precuneus__142,Left,98,74,108,-8,-52,36,precuneus,8640077,163,163.0
2299,,lh__precuneus__143,Left,96,70,97,-6,-56,25,precuneus,6089540,82,82.0
2300,,lh__precuneus__144,Left,95,83,122,-5,-43,50,precuneus,12023516,199,199.0
2301,,lh__precuneus__145,Left,106,60,98,-16,-66,26,precuneus,4885245,148,148.0
2302,,lh__precuneus__146,Left,103,83,119,-13,-43,47,precuneus,15489734,95,95.0
2303,,lh__precuneus__147,Left,98,71,104,-8,-55,32,precuneus,9221134,88,88.0
2304,,lh__precuneus__148,Left,105,79,109,-15,-47,37,precuneus,14320885,83,83.0
2305,,lh__precuneus__149,Left,93,65,99,-3,-61,27,precuneus,8638232,123,123.0
2306,,lh__precuneus__150,Left,92,57,101,-2,-69,29,precuneus,3310559,119,119.0
2307,,lh__precuneus__151,Left,94,67,120,-4,-59,48,precuneus,10809370,153,153.0
2308,,lh__precuneus__152,Left,93,82,118,-3,-44,46,precuneus,11082276,191,191.0
2309,,lh__precuneus__153,Left,96,63,115,-6,-63,43,precuneus,16702888,72,72.0
2310,,lh__precuneus__154,Left,99,56,110,-9,-70,38,precuneus,10746262,183,183.0
2311,,lh__precuneus__155,Left,103,78,112,-13,-48,40,precuneus,11061544,84,84.0
2312,,lh__precuneus__156,Left,98,72,119,-8,-54,47,precuneus,1194732,112,112.0
2313,,lh__precuneus__157,Left,109,65,80,-19,-61,8,precuneus,13775797,100,100.0
2314,,lh__precuneus__158,Left,95,70,133,-5,-56,61,precuneus,6429261,100,100.0
2315,,lh__precuneus__159,Left,93,53,119,-3,-73,47,precuneus,2460504,117,117.0
2316,,lh__precuneus__160,Left,101,67,91,-11,-59,19,precuneus,10889660,159,159.0
2317,,lh__precuneus__161,Left,101,83,109,-11,-43,37,precuneus,11421608,104,104.0
2318,,lh__precuneus__162,Left,96,68,101,-6,-58,29,precuneus,2678091,98,98.0
2319,,lh__precuneus__163,Left,101,79,133,-11,-47,61,precuneus,6938236,58,58.0
2320,,lh__precuneus__164,Left,100,79,135,-10,-47,63,precuneus,5698496,77,77.0
2321,,lh__rostralanteriorcingulate__1,Left,95,165,72,-5,39,0,rostralanteriorcingulate,2365568,148,148.0
2322,,lh__rostralanteriorcingulate__2,Left,99,170,75,-9,44,3,rostralanteriorcingulate,147108,123,123.0
2323,,lh__rostralanteriorcingulate__3,Left,96,163,87,-6,37,15,rostralanteriorcingulate,1274156,126,126.0
2324,,lh__rostralanteriorcingulate__4,Left,94,153,61,-4,27,-11,rostralanteriorcingulate,14374622,139,139.0
2325,,lh__rostralanteriorcingulate__5,Left,94,150,65,-4,24,-7,rostralanteriorcingulate,1793383,91,91.0
2326,,lh__rostralanteriorcingulate__6,Left,93,157,61,-3,31,-11,rostralanteriorcingulate,14139744,141,141.0
2327,,lh__rostralanteriorcingulate__7,Left,93,166,76,-3,40,4,rostralanteriorcingulate,4324019,253,253.0
2328,,lh__rostralanteriorcingulate__8,Left,97,171,81,-7,45,9,rostralanteriorcingulate,14673133,216,216.0
2329,,lh__rostralanteriorcingulate__9,Left,95,173,72,-5,47,0,rostralanteriorcingulate,4743322,178,178.0
2330,,lh__rostralanteriorcingulate__10,Left,95,161,68,-5,35,-4,rostralanteriorcingulate,3385443,178,178.0
2331,,lh__rostralanteriorcingulate__11,Left,97,172,68,-7,46,-4,rostralanteriorcingulate,7083407,171,171.0
2332,,lh__rostralanteriorcingulate__12,Left,93,164,84,-3,38,12,rostralanteriorcingulate,10929514,174,174.0
2333,,lh__rostralanteriorcingulate__13,Left,94,145,62,-4,19,-10,rostralanteriorcingulate,4399405,128,128.0
2334,,lh__rostralanteriorcingulate__14,Left,96,168,83,-6,42,11,rostralanteriorcingulate,4935829,185,185.0
2335,,lh__rostralanteriorcingulate__15,Left,94,166,81,-4,40,9,rostralanteriorcingulate,15737821,155,155.0
2336,,lh__rostralanteriorcingulate__16,Left,96,169,66,-6,43,-6,rostralanteriorcingulate,2516022,164,164.0
2337,,lh__rostralanteriorcingulate__17,Left,94,153,65,-4,27,-7,rostralanteriorcingulate,2830935,89,89.0
2338,,lh__rostralanteriorcingulate__18,Left,94,157,66,-4,31,-6,rostralanteriorcingulate,4332250,153,153.0
2339,,lh__rostralanteriorcingulate__19,Left,94,166,64,-4,40,-8,rostralanteriorcingulate,15774217,192,192.0
2340,,lh__rostralanteriorcingulate__20,Left,95,169,72,-5,43,0,rostralanteriorcingulate,593037,230,230.0
2341,,lh__rostralanteriorcingulate__21,Left,99,164,88,-9,38,16,rostralanteriorcingulate,7071076,64,64.0
2342,,lh__rostralanteriorcingulate__22,Left,94,149,62,-4,23,-10,rostralanteriorcingulate,11888430,96,96.0
2343,,lh__rostralanteriorcingulate__23,Left,96,168,78,-6,42,6,rostralanteriorcingulate,16644110,260,260.0
2344,,lh__rostralanteriorcingulate__24,Left,94,167,68,-4,41,-4,rostralanteriorcingulate,16334557,239,239.0
2345,,lh__rostralanteriorcingulate__25,Left,93,162,63,-3,36,-9,rostralanteriorcingulate,438022,185,185.0
2346,,lh__rostralanteriorcingulate__26,Left,97,165,86,-7,39,14,rostralanteriorcingulate,7879021,119,119.0
2347,,lh__rostralmiddlefrontal__1,Left,119,174,93,-29,48,21,rostralmiddlefrontal,3980463,234,234.0
2348,,lh__rostralmiddlefrontal__2,Left,132,166,90,-42,40,18,rostralmiddlefrontal,758460,237,237.0
2349,,lh__rostralmiddlefrontal__3,Left,113,169,101,-23,43,29,rostralmiddlefrontal,1610379,159,159.0
2350,,lh__rostralmiddlefrontal__4,Left,111,185,74,-21,59,2,rostralmiddlefrontal,12874448,154,154.0
2351,,lh__rostralmiddlefrontal__5,Left,114,150,109,-24,24,37,rostralmiddlefrontal,4124093,81,81.0
2352,,lh__rostralmiddlefrontal__6,Left,115,188,60,-25,62,-12,rostralmiddlefrontal,14492660,160,160.0
2353,,lh__rostralmiddlefrontal__7,Left,121,181,82,-31,55,10,rostralmiddlefrontal,9294300,251,251.0
2354,,lh__rostralmiddlefrontal__8,Left,134,147,109,-44,21,37,rostralmiddlefrontal,15444495,133,133.0
2355,,lh__rostralmiddlefrontal__9,Left,139,151,102,-49,25,30,rostralmiddlefrontal,9275229,242,242.0
2356,,lh__rostralmiddlefrontal__10,Left,103,189,57,-13,63,-15,rostralmiddlefrontal,5428180,177,177.0
2357,,lh__rostralmiddlefrontal__11,Left,132,175,68,-42,49,-4,rostralmiddlefrontal,6661534,202,202.0
2358,,lh__rostralmiddlefrontal__12,Left,117,161,109,-27,35,37,rostralmiddlefrontal,1717733,434,434.0
2359,,lh__rostralmiddlefrontal__13,Left,130,155,91,-40,29,19,rostralmiddlefrontal,9038645,92,92.0
2360,,lh__rostralmiddlefrontal__14,Left,109,181,100,-19,55,28,rostralmiddlefrontal,6292969,146,146.0
2361,,lh__rostralmiddlefrontal__15,Left,139,146,106,-49,20,34,rostralmiddlefrontal,11169940,98,98.0
2362,,lh__rostralmiddlefrontal__16,Left,131,171,76,-41,45,4,rostralmiddlefrontal,927531,172,172.0
2363,,lh__rostralmiddlefrontal__17,Left,117,154,115,-27,28,43,rostralmiddlefrontal,16302552,96,96.0
2364,,lh__rostralmiddlefrontal__18,Left,113,154,108,-23,28,36,rostralmiddlefrontal,2738656,127,127.0
2365,,lh__rostralmiddlefrontal__19,Left,113,185,78,-23,59,6,rostralmiddlefrontal,8752168,200,200.0
2366,,lh__rostralmiddlefrontal__20,Left,129,171,68,-39,45,-4,rostralmiddlefrontal,12176240,93,93.0
2367,,lh__rostralmiddlefrontal__21,Left,133,161,87,-43,35,15,rostralmiddlefrontal,11542684,177,177.0
2368,,lh__rostralmiddlefrontal__22,Left,127,146,100,-37,20,28,rostralmiddlefrontal,416638,71,71.0
2369,,lh__rostralmiddlefrontal__23,Left,113,163,113,-23,37,41,rostralmiddlefrontal,280196,159,159.0
2370,,lh__rostralmiddlefrontal__24,Left,110,184,99,-20,58,27,rostralmiddlefrontal,11479210,235,235.0
2371,,lh__rostralmiddlefrontal__25,Left,124,185,65,-34,59,-7,rostralmiddlefrontal,4623497,207,207.0
2372,,lh__rostralmiddlefrontal__26,Left,125,154,94,-35,28,22,rostralmiddlefrontal,4138286,42,42.0
2373,,lh__rostralmiddlefrontal__27,Left,111,183,92,-21,57,20,rostralmiddlefrontal,4055722,167,167.0
2374,,lh__rostralmiddlefrontal__28,Left,130,158,90,-40,32,18,rostralmiddlefrontal,2874852,123,123.0
2375,,lh__rostralmiddlefrontal__29,Left,122,156,117,-32,30,45,rostralmiddlefrontal,15118593,148,148.0
2376,,lh__rostralmiddlefrontal__30,Left,134,169,79,-44,43,7,rostralmiddlefrontal,15181433,132,132.0
2377,,lh__rostralmiddlefrontal__31,Left,107,187,57,-17,61,-15,rostralmiddlefrontal,8147861,182,182.0
2378,,lh__rostralmiddlefrontal__32,Left,125,147,95,-35,21,23,rostralmiddlefrontal,16290076,148,148.0
2379,,lh__rostralmiddlefrontal__33,Left,114,172,96,-24,46,24,rostralmiddlefrontal,13485282,183,183.0
2380,,lh__rostralmiddlefrontal__34,Left,132,158,95,-42,32,23,rostralmiddlefrontal,15304048,192,192.0
2381,,lh__rostralmiddlefrontal__35,Left,123,171,99,-33,45,27,rostralmiddlefrontal,866681,158,158.0
2382,,lh__rostralmiddlefrontal__36,Left,113,185,83,-23,59,11,rostralmiddlefrontal,395401,163,163.0
2383,,lh__rostralmiddlefrontal__37,Left,132,147,103,-42,21,31,rostralmiddlefrontal,457002,134,134.0
2384,,lh__rostralmiddlefrontal__38,Left,108,186,71,-18,60,-1,rostralmiddlefrontal,15330651,101,101.0
2385,,lh__rostralmiddlefrontal__39,Left,112,166,110,-22,40,38,rostralmiddlefrontal,15083850,115,115.0
2386,,lh__rostralmiddlefrontal__40,Left,128,158,107,-38,32,35,rostralmiddlefrontal,5197238,218,218.0
2387,,lh__rostralmiddlefrontal__41,Left,118,184,70,-28,58,-2,rostralmiddlefrontal,8808694,220,220.0
2388,,lh__rostralmiddlefrontal__42,Left,125,163,82,-35,37,10,rostralmiddlefrontal,1392111,68,68.0
2389,,lh__rostralmiddlefrontal__43,Left,117,161,113,-27,35,41,rostralmiddlefrontal,10958339,288,288.0
2390,,lh__rostralmiddlefrontal__44,Left,123,181,90,-33,55,18,rostralmiddlefrontal,5987913,239,239.0
2391,,lh__rostralmiddlefrontal__45,Left,120,157,111,-30,31,39,rostralmiddlefrontal,11127116,176,176.0
2392,,lh__rostralmiddlefrontal__46,Left,133,170,74,-43,44,2,rostralmiddlefrontal,6726085,176,176.0
2393,,lh__rostralmiddlefrontal__47,Left,127,152,92,-37,26,20,rostralmiddlefrontal,11970979,51,51.0
2394,,lh__rostralmiddlefrontal__48,Left,110,188,91,-20,62,19,rostralmiddlefrontal,3139986,223,223.0
2395,,lh__rostralmiddlefrontal__49,Left,115,183,59,-25,57,-13,rostralmiddlefrontal,8743547,149,149.0
2396,,lh__rostralmiddlefrontal__50,Left,136,160,99,-46,34,27,rostralmiddlefrontal,4999196,225,225.0
2397,,lh__rostralmiddlefrontal__51,Left,110,188,87,-20,62,15,rostralmiddlefrontal,15234274,222,222.0
2398,,lh__rostralmiddlefrontal__52,Left,110,174,108,-20,48,36,rostralmiddlefrontal,3891167,213,213.0
2399,,lh__rostralmiddlefrontal__53,Left,132,180,66,-42,54,-6,rostralmiddlefrontal,911099,143,143.0
2400,,lh__rostralmiddlefrontal__54,Left,134,165,95,-44,39,23,rostralmiddlefrontal,9898600,179,179.0
2401,,lh__rostralmiddlefrontal__55,Left,123,154,109,-33,28,37,rostralmiddlefrontal,3966034,187,187.0
2402,,lh__rostralmiddlefrontal__56,Left,115,177,90,-25,51,18,rostralmiddlefrontal,227444,139,139.0
2403,,lh__rostralmiddlefrontal__57,Left,113,191,80,-23,65,8,rostralmiddlefrontal,5619819,246,246.0
2404,,lh__rostralmiddlefrontal__58,Left,120,159,108,-30,33,36,rostralmiddlefrontal,5731050,219,219.0
2405,,lh__rostralmiddlefrontal__59,Left,128,172,85,-38,46,13,rostralmiddlefrontal,3735892,141,141.0
2406,,lh__rostralmiddlefrontal__60,Left,111,184,69,-21,58,-3,rostralmiddlefrontal,5401448,103,103.0
2407,,lh__rostralmiddlefrontal__61,Left,135,151,109,-45,25,37,rostralmiddlefrontal,12872916,237,237.0
2408,,lh__rostralmiddlefrontal__62,Left,114,173,89,-24,47,17,rostralmiddlefrontal,12083822,102,102.0
2409,,lh__rostralmiddlefrontal__63,Left,123,184,61,-33,58,-11,rostralmiddlefrontal,5112236,213,213.0
2410,,lh__rostralmiddlefrontal__64,Left,129,163,88,-39,37,16,rostralmiddlefrontal,13965699,133,133.0
2411,,lh__rostralmiddlefrontal__65,Left,112,170,110,-22,44,38,rostralmiddlefrontal,11141794,299,299.0
2412,,lh__rostralmiddlefrontal__66,Left,115,163,100,-25,37,28,rostralmiddlefrontal,15309692,160,160.0
2413,,lh__rostralmiddlefrontal__67,Left,107,192,69,-17,66,-3,rostralmiddlefrontal,4681468,204,204.0
2414,,lh__rostralmiddlefrontal__68,Left,132,162,88,-42,36,16,rostralmiddlefrontal,2310132,159,159.0
2415,,lh__rostralmiddlefrontal__69,Left,126,168,99,-36,42,27,rostralmiddlefrontal,14303114,231,231.0
2416,,lh__rostralmiddlefrontal__70,Left,127,151,96,-37,25,24,rostralmiddlefrontal,13342512,71,71.0
2417,,lh__rostralmiddlefrontal__71,Left,112,159,111,-22,33,39,rostralmiddlefrontal,14258651,193,193.0
2418,,lh__rostralmiddlefrontal__72,Left,124,184,80,-34,58,8,rostralmiddlefrontal,16623144,213,213.0
2419,,lh__rostralmiddlefrontal__73,Left,129,165,105,-39,39,33,rostralmiddlefrontal,9365350,172,172.0
2420,,lh__rostralmiddlefrontal__74,Left,125,155,92,-35,29,20,rostralmiddlefrontal,12018899,40,40.0
2421,,lh__rostralmiddlefrontal__75,Left,112,190,75,-22,64,3,rostralmiddlefrontal,2921533,293,293.0
2422,,lh__rostralmiddlefrontal__76,Left,125,155,113,-35,29,41,rostralmiddlefrontal,5127239,226,226.0
2423,,lh__rostralmiddlefrontal__77,Left,131,171,71,-41,45,-1,rostralmiddlefrontal,10486036,165,165.0
2424,,lh__rostralmiddlefrontal__78,Left,115,172,100,-25,46,28,rostralmiddlefrontal,890079,240,240.0
2425,,lh__rostralmiddlefrontal__79,Left,116,186,87,-26,60,15,rostralmiddlefrontal,3168335,307,307.0
2426,,lh__rostralmiddlefrontal__80,Left,120,156,114,-30,30,42,rostralmiddlefrontal,15682252,163,163.0
2427,,lh__rostralmiddlefrontal__81,Left,108,179,103,-18,53,31,rostralmiddlefrontal,526075,166,166.0
2428,,lh__rostralmiddlefrontal__82,Left,118,181,60,-28,55,-12,rostralmiddlefrontal,13612878,181,181.0
2429,,lh__rostralmiddlefrontal__83,Left,134,158,103,-44,32,31,rostralmiddlefrontal,13234610,188,188.0
2430,,lh__rostralmiddlefrontal__84,Left,112,190,84,-22,64,12,rostralmiddlefrontal,9616351,229,229.0
2431,,lh__rostralmiddlefrontal__85,Left,129,173,93,-39,47,21,rostralmiddlefrontal,1294795,257,257.0
2432,,lh__rostralmiddlefrontal__86,Left,110,172,104,-20,46,32,rostralmiddlefrontal,1090800,165,165.0
2433,,lh__rostralmiddlefrontal__87,Left,128,147,98,-38,21,26,rostralmiddlefrontal,14477854,75,75.0
2434,,lh__rostralmiddlefrontal__88,Left,109,191,72,-19,65,0,rostralmiddlefrontal,1776056,165,165.0
2435,,lh__rostralmiddlefrontal__89,Left,128,175,70,-38,49,-2,rostralmiddlefrontal,3105450,148,148.0
2436,,lh__rostralmiddlefrontal__90,Left,129,162,85,-39,36,13,rostralmiddlefrontal,162919,120,120.0
2437,,lh__rostralmiddlefrontal__91,Left,126,183,77,-36,57,5,rostralmiddlefrontal,14757751,186,186.0
2438,,lh__rostralmiddlefrontal__92,Left,123,171,103,-33,45,31,rostralmiddlefrontal,5800008,124,124.0
2439,,lh__rostralmiddlefrontal__93,Left,116,158,114,-26,32,42,rostralmiddlefrontal,9742590,235,235.0
2440,,lh__rostralmiddlefrontal__94,Left,130,174,81,-40,48,9,rostralmiddlefrontal,5888506,137,137.0
2441,,lh__rostralmiddlefrontal__95,Left,117,179,70,-27,53,-2,rostralmiddlefrontal,2250258,141,141.0
2442,,lh__rostralmiddlefrontal__96,Left,128,155,107,-38,29,35,rostralmiddlefrontal,2512453,121,121.0
2443,,lh__rostralmiddlefrontal__97,Left,121,180,71,-31,54,-1,rostralmiddlefrontal,1053304,117,117.0
2444,,lh__rostralmiddlefrontal__98,Left,128,149,97,-38,23,25,rostralmiddlefrontal,1953121,51,51.0
2445,,lh__rostralmiddlefrontal__99,Left,109,178,106,-19,52,34,rostralmiddlefrontal,789603,244,244.0
2446,,lh__rostralmiddlefrontal__100,Left,127,173,73,-37,47,1,rostralmiddlefrontal,15537554,127,127.0
2447,,lh__rostralmiddlefrontal__101,Left,131,168,80,-41,42,8,rostralmiddlefrontal,4160016,174,174.0
2448,,lh__rostralmiddlefrontal__102,Left,130,160,90,-40,34,18,rostralmiddlefrontal,8620124,91,91.0
2449,,lh__rostralmiddlefrontal__103,Left,112,172,91,-22,46,19,rostralmiddlefrontal,13378402,89,89.0
2450,,lh__rostralmiddlefrontal__104,Left,111,181,71,-21,55,-1,rostralmiddlefrontal,5295504,110,110.0
2451,,lh__rostralmiddlefrontal__105,Left,132,155,97,-42,29,25,rostralmiddlefrontal,7994454,179,179.0
2452,,lh__rostralmiddlefrontal__106,Left,111,167,105,-21,41,33,rostralmiddlefrontal,2881118,209,209.0
2453,,lh__rostralmiddlefrontal__107,Left,126,181,86,-36,55,14,rostralmiddlefrontal,3415758,258,258.0
2454,,lh__rostralmiddlefrontal__108,Left,124,165,106,-34,39,34,rostralmiddlefrontal,8286305,226,226.0
2455,,lh__rostralmiddlefrontal__109,Left,126,181,59,-36,55,-13,rostralmiddlefrontal,9190074,187,187.0
2456,,lh__rostralmiddlefrontal__110,Left,135,153,107,-45,27,35,rostralmiddlefrontal,14856714,184,184.0
2457,,lh__rostralmiddlefrontal__111,Left,115,179,84,-25,53,12,rostralmiddlefrontal,3641669,195,195.0
2458,,lh__rostralmiddlefrontal__112,Left,116,161,103,-26,35,31,rostralmiddlefrontal,6102931,167,167.0
2459,,lh__rostralmiddlefrontal__113,Left,120,179,94,-30,53,22,rostralmiddlefrontal,12037336,243,243.0
2460,,lh__rostralmiddlefrontal__114,Left,131,180,70,-41,54,-2,rostralmiddlefrontal,12581834,201,201.0
2461,,lh__rostralmiddlefrontal__115,Left,116,170,95,-26,44,23,rostralmiddlefrontal,13327493,122,122.0
2462,,lh__rostralmiddlefrontal__116,Left,130,174,77,-40,48,5,rostralmiddlefrontal,4605400,212,212.0
2463,,lh__rostralmiddlefrontal__117,Left,119,178,89,-29,52,17,rostralmiddlefrontal,3363238,256,256.0
2464,,lh__rostralmiddlefrontal__118,Left,132,168,95,-42,42,23,rostralmiddlefrontal,9345092,206,206.0
2465,,lh__rostralmiddlefrontal__119,Left,129,181,83,-39,55,11,rostralmiddlefrontal,4261916,294,294.0
2466,,lh__rostralmiddlefrontal__120,Left,126,158,93,-36,32,21,rostralmiddlefrontal,16364411,86,86.0
2467,,lh__rostralmiddlefrontal__121,Left,120,163,103,-30,37,31,rostralmiddlefrontal,7507632,187,187.0
2468,,lh__rostralmiddlefrontal__122,Left,134,155,105,-44,29,33,rostralmiddlefrontal,1858545,191,191.0
2469,,lh__rostralmiddlefrontal__123,Left,120,172,95,-30,46,23,rostralmiddlefrontal,4899988,232,232.0
2470,,lh__rostralmiddlefrontal__124,Left,138,148,104,-48,22,32,rostralmiddlefrontal,15428770,195,195.0
2471,,lh__rostralmiddlefrontal__125,Left,126,168,84,-36,42,12,rostralmiddlefrontal,4167376,154,154.0
2472,,lh__rostralmiddlefrontal__126,Left,114,185,90,-24,59,18,rostralmiddlefrontal,14284644,195,195.0
2473,,lh__rostralmiddlefrontal__127,Left,115,174,83,-25,48,11,rostralmiddlefrontal,2464241,118,118.0
2474,,lh__rostralmiddlefrontal__128,Left,114,176,77,-24,50,5,rostralmiddlefrontal,13947597,127,127.0
2475,,lh__rostralmiddlefrontal__129,Left,109,175,101,-19,49,29,rostralmiddlefrontal,8249370,122,122.0
2476,,lh__rostralmiddlefrontal__130,Left,107,186,67,-17,60,-5,rostralmiddlefrontal,6529865,109,109.0
2477,,lh__rostralmiddlefrontal__131,Left,126,175,89,-36,49,17,rostralmiddlefrontal,3517481,324,324.0
2478,,lh__rostralmiddlefrontal__132,Left,112,179,80,-22,53,8,rostralmiddlefrontal,8511523,128,128.0
2479,,lh__rostralmiddlefrontal__133,Left,126,168,104,-36,42,32,rostralmiddlefrontal,3377614,145,145.0
2480,,lh__rostralmiddlefrontal__134,Left,119,171,99,-29,45,27,rostralmiddlefrontal,5253765,288,288.0
2481,,lh__rostralmiddlefrontal__135,Left,126,183,68,-36,57,-4,rostralmiddlefrontal,14434933,169,169.0
2482,,lh__rostralmiddlefrontal__136,Left,130,162,92,-40,36,20,rostralmiddlefrontal,8355713,193,193.0
2483,,lh__rostralmiddlefrontal__137,Left,127,175,83,-37,49,11,rostralmiddlefrontal,11694464,170,170.0
2484,,lh__rostralmiddlefrontal__138,Left,114,177,73,-24,51,1,rostralmiddlefrontal,9518103,114,114.0
2485,,lh__rostralmiddlefrontal__139,Left,124,163,85,-34,37,13,rostralmiddlefrontal,13922053,81,81.0
2486,,lh__rostralmiddlefrontal__140,Left,119,187,61,-29,61,-11,rostralmiddlefrontal,8023864,186,186.0
2487,,lh__rostralmiddlefrontal__141,Left,116,155,114,-26,29,42,rostralmiddlefrontal,13135532,109,109.0
2488,,lh__rostralmiddlefrontal__142,Left,132,163,100,-42,37,28,rostralmiddlefrontal,766502,176,176.0
2489,,lh__rostralmiddlefrontal__143,Left,117,169,102,-27,43,30,rostralmiddlefrontal,10948191,418,418.0
2490,,lh__rostralmiddlefrontal__144,Left,132,161,104,-42,35,32,rostralmiddlefrontal,14146554,222,222.0
2491,,lh__rostralmiddlefrontal__145,Left,113,179,87,-23,53,15,rostralmiddlefrontal,2936139,131,131.0
2492,,lh__rostralmiddlefrontal__146,Left,131,152,112,-41,26,40,rostralmiddlefrontal,9443399,205,205.0
2493,,lh__rostralmiddlefrontal__147,Left,128,166,87,-38,40,15,rostralmiddlefrontal,10728403,203,203.0
2494,,lh__rostralmiddlefrontal__148,Left,128,178,78,-38,52,6,rostralmiddlefrontal,5762202,306,306.0
2495,,lh__rostralmiddlefrontal__149,Left,112,163,99,-22,37,27,rostralmiddlefrontal,15477031,95,95.0
2496,,lh__rostralmiddlefrontal__150,Left,118,179,77,-28,53,5,rostralmiddlefrontal,3650067,244,244.0
2497,,lh__rostralmiddlefrontal__151,Left,121,178,85,-31,52,13,rostralmiddlefrontal,12033812,176,176.0
2498,,lh__rostralmiddlefrontal__152,Left,122,178,60,-32,52,-12,rostralmiddlefrontal,15637772,156,156.0
2499,,lh__rostralmiddlefrontal__153,Left,126,177,95,-36,51,23,rostralmiddlefrontal,15975891,237,237.0
2500,,lh__rostralmiddlefrontal__154,Left,114,178,100,-24,52,28,rostralmiddlefrontal,607482,273,273.0
2501,,lh__rostralmiddlefrontal__155,Left,134,148,100,-44,22,28,rostralmiddlefrontal,1766324,173,173.0
2502,,lh__rostralmiddlefrontal__156,Left,127,171,83,-37,45,11,rostralmiddlefrontal,10852711,124,124.0
2503,,lh__rostralmiddlefrontal__157,Left,118,176,81,-28,50,9,rostralmiddlefrontal,15992644,154,154.0
2504,,lh__rostralmiddlefrontal__158,Left,120,184,77,-30,58,5,rostralmiddlefrontal,3863944,223,223.0
2505,,lh__rostralmiddlefrontal__159,Left,123,184,73,-33,58,1,rostralmiddlefrontal,6697001,222,222.0
2506,,lh__rostralmiddlefrontal__160,Left,113,178,95,-23,52,23,rostralmiddlefrontal,4767005,266,266.0
2507,,lh__rostralmiddlefrontal__161,Left,132,161,96,-42,35,24,rostralmiddlefrontal,15610084,195,195.0
2508,,lh__rostralmiddlefrontal__162,Left,124,174,97,-34,48,25,rostralmiddlefrontal,6981856,187,187.0
2509,,lh__rostralmiddlefrontal__163,Left,127,161,106,-37,35,34,rostralmiddlefrontal,12564741,249,249.0
2510,,lh__rostralmiddlefrontal__164,Left,112,180,76,-22,54,4,rostralmiddlefrontal,5942741,102,102.0
2511,,lh__rostralmiddlefrontal__165,Left,129,167,100,-39,41,28,rostralmiddlefrontal,8147946,198,198.0
2512,,lh__rostralmiddlefrontal__166,Left,130,171,88,-40,45,16,rostralmiddlefrontal,132464,232,232.0
2513,,lh__rostralmiddlefrontal__167,Left,127,177,74,-37,51,2,rostralmiddlefrontal,14861631,171,171.0
2514,,lh__rostralmiddlefrontal__168,Left,121,166,103,-31,40,31,rostralmiddlefrontal,4690210,277,277.0
2515,,lh__rostralmiddlefrontal__169,Left,131,171,81,-41,45,9,rostralmiddlefrontal,7787869,180,180.0
2516,,lh__rostralmiddlefrontal__170,Left,111,189,59,-21,63,-13,rostralmiddlefrontal,12123668,134,134.0
2517,,lh__rostralmiddlefrontal__171,Left,119,160,104,-29,34,32,rostralmiddlefrontal,13595592,120,120.0
2518,,lh__rostralmiddlefrontal__172,Left,123,160,106,-33,34,34,rostralmiddlefrontal,2091746,203,203.0
2519,,lh__rostralmiddlefrontal__173,Left,123,155,106,-33,29,34,rostralmiddlefrontal,9188339,156,156.0
2520,,lh__rostralmiddlefrontal__174,Left,121,183,69,-31,57,-3,rostralmiddlefrontal,14255321,125,125.0
2521,,lh__rostralmiddlefrontal__175,Left,113,163,106,-23,37,34,rostralmiddlefrontal,2625558,184,184.0
2522,,lh__rostralmiddlefrontal__176,Left,110,177,90,-20,51,18,rostralmiddlefrontal,13152660,110,110.0
2523,,lh__rostralmiddlefrontal__177,Left,132,169,90,-42,43,18,rostralmiddlefrontal,14660673,128,128.0
2524,,lh__rostralmiddlefrontal__178,Left,128,167,82,-38,41,10,rostralmiddlefrontal,15775963,114,114.0
2525,,lh__rostralmiddlefrontal__179,Left,134,151,98,-44,25,26,rostralmiddlefrontal,4483247,265,265.0
2526,,lh__rostralmiddlefrontal__180,Left,111,186,96,-21,60,24,rostralmiddlefrontal,2723759,239,239.0
2527,,lh__rostralmiddlefrontal__181,Left,128,183,73,-38,57,1,rostralmiddlefrontal,1810794,315,315.0
2528,,lh__rostralmiddlefrontal__182,Left,127,170,95,-37,44,23,rostralmiddlefrontal,2039707,238,238.0
2529,,lh__rostralmiddlefrontal__183,Left,128,181,64,-38,55,-8,rostralmiddlefrontal,13983327,180,180.0
2530,,lh__rostralmiddlefrontal__184,Left,138,155,100,-48,29,28,rostralmiddlefrontal,13069789,211,211.0
2531,,lh__rostralmiddlefrontal__185,Left,129,155,110,-39,29,38,rostralmiddlefrontal,4848710,192,192.0
2532,,lh__rostralmiddlefrontal__186,Left,108,188,63,-18,62,-9,rostralmiddlefrontal,14445291,135,135.0
2533,,lh__rostralmiddlefrontal__187,Left,108,191,61,-18,65,-11,rostralmiddlefrontal,451522,78,78.0
2534,,lh__rostralmiddlefrontal__188,Left,114,186,67,-24,60,-5,rostralmiddlefrontal,944046,165,165.0
2535,,lh__rostralmiddlefrontal__189,Left,115,184,70,-25,58,-2,rostralmiddlefrontal,12378533,105,105.0
2536,,lh__rostralmiddlefrontal__190,Left,111,186,66,-21,60,-6,rostralmiddlefrontal,10391605,102,102.0
2537,,lh__rostralmiddlefrontal__191,Left,109,185,64,-19,59,-8,rostralmiddlefrontal,2614089,63,63.0
2538,,lh__rostralmiddlefrontal__192,Left,103,188,66,-13,62,-6,rostralmiddlefrontal,2504787,55,55.0
2539,,lh__rostralmiddlefrontal__193,Left,104,190,67,-14,64,-5,rostralmiddlefrontal,10200518,70,70.0
2540,,lh__rostralmiddlefrontal__194,Left,102,188,64,-12,62,-8,rostralmiddlefrontal,12782413,38,38.0
2541,,lh__rostralmiddlefrontal__195,Left,104,189,61,-14,63,-11,rostralmiddlefrontal,8988485,107,107.0
2542,,lh__rostralmiddlefrontal__196,Left,104,188,63,-14,62,-9,rostralmiddlefrontal,391521,97,97.0
2543,,lh__rostralmiddlefrontal__197,Left,120,188,65,-30,62,-7,rostralmiddlefrontal,11427847,85,85.0
2544,,lh__rostralmiddlefrontal__198,Left,120,187,67,-30,61,-5,rostralmiddlefrontal,14781086,87,87.0
2545,,lh__rostralmiddlefrontal__199,Left,112,189,64,-22,63,-8,rostralmiddlefrontal,6311232,95,95.0
2546,,lh__rostralmiddlefrontal__200,Left,113,188,64,-23,62,-8,rostralmiddlefrontal,5037846,57,57.0
2547,,lh__rostralmiddlefrontal__201,Left,116,189,65,-26,63,-7,rostralmiddlefrontal,1037770,77,77.0
2548,,lh__rostralmiddlefrontal__202,Left,117,188,67,-27,62,-5,rostralmiddlefrontal,14862426,54,54.0
2549,,lh__rostralmiddlefrontal__203,Left,109,167,100,-19,41,28,rostralmiddlefrontal,5091703,43,43.0
2550,,lh__rostralmiddlefrontal__204,Left,109,169,99,-19,43,27,rostralmiddlefrontal,6352310,45,45.0
2551,,lh__rostralmiddlefrontal__205,Left,111,171,99,-21,45,27,rostralmiddlefrontal,12803267,51,51.0
2552,,lh__rostralmiddlefrontal__206,Left,112,172,98,-22,46,26,rostralmiddlefrontal,728563,67,67.0
2553,,lh__rostralmiddlefrontal__207,Left,111,184,57,-21,58,-15,rostralmiddlefrontal,9216908,104,104.0
2554,,lh__rostralmiddlefrontal__208,Left,112,181,59,-22,55,-13,rostralmiddlefrontal,1875792,43,43.0
2555,,lh__superiorfrontal__1,Left,93,121,135,-3,-5,63,superiorfrontal,11418956,154,154.0
2556,,lh__superiorfrontal__2,Left,98,183,108,-8,57,36,superiorfrontal,15478809,131,131.0
2557,,lh__superiorfrontal__3,Left,97,136,141,-7,10,69,superiorfrontal,16265262,102,102.0
2558,,lh__superiorfrontal__4,Left,102,158,96,-12,32,24,superiorfrontal,8509219,51,51.0
2559,,lh__superiorfrontal__5,Left,94,113,130,-4,-13,58,superiorfrontal,6144710,93,93.0
2560,,lh__superiorfrontal__6,Left,111,127,122,-21,1,50,superiorfrontal,7668208,41,41.0
2561,,lh__superiorfrontal__7,Left,110,146,120,-20,20,48,superiorfrontal,12033517,119,119.0
2562,,lh__superiorfrontal__8,Left,107,193,80,-17,67,8,superiorfrontal,426593,156,156.0
2563,,lh__superiorfrontal__9,Left,103,194,71,-13,68,-1,superiorfrontal,6944748,154,154.0
2564,,lh__superiorfrontal__10,Left,93,123,123,-3,-3,51,superiorfrontal,8473597,189,189.0
2565,,lh__superiorfrontal__11,Left,110,131,126,-20,5,54,superiorfrontal,2519576,76,76.0
2566,,lh__superiorfrontal__12,Left,105,191,83,-15,65,11,superiorfrontal,9719829,159,159.0
2567,,lh__superiorfrontal__13,Left,110,163,110,-20,37,38,superiorfrontal,1667010,96,96.0
2568,,lh__superiorfrontal__14,Left,93,112,132,-3,-14,60,superiorfrontal,8414500,89,89.0
2569,,lh__superiorfrontal__15,Left,97,177,75,-7,51,3,superiorfrontal,13351428,170,170.0
2570,,lh__superiorfrontal__16,Left,95,187,97,-5,61,25,superiorfrontal,5485062,200,200.0
2571,,lh__superiorfrontal__17,Left,97,171,85,-7,45,13,superiorfrontal,4696550,159,159.0
2572,,lh__superiorfrontal__18,Left,99,165,89,-9,39,17,superiorfrontal,16326635,65,65.0
2573,,lh__superiorfrontal__19,Left,111,149,111,-21,23,39,superiorfrontal,10766680,66,66.0
2574,,lh__superiorfrontal__20,Left,101,129,111,-11,3,39,superiorfrontal,13789494,37,37.0
2575,,lh__superiorfrontal__21,Left,100,174,116,-10,48,44,superiorfrontal,10198772,113,113.0
2576,,lh__superiorfrontal__22,Left,105,193,74,-15,67,2,superiorfrontal,6029973,114,114.0
2577,,lh__superiorfrontal__23,Left,96,113,143,-6,-13,71,superiorfrontal,2398384,102,102.0
2578,,lh__superiorfrontal__24,Left,101,125,117,-11,-1,45,superiorfrontal,3564150,56,56.0
2579,,lh__superiorfrontal__25,Left,111,124,122,-21,-2,50,superiorfrontal,5342633,67,67.0
2580,,lh__superiorfrontal__26,Left,94,163,111,-4,37,39,superiorfrontal,7755516,138,138.0
2581,,lh__superiorfrontal__27,Left,94,139,119,-4,13,47,superiorfrontal,11539361,224,224.0
2582,,lh__superiorfrontal__28,Left,102,133,137,-12,7,65,superiorfrontal,11250324,84,84.0
2583,,lh__superiorfrontal__29,Left,102,191,87,-12,65,15,superiorfrontal,16216577,136,136.0
2584,,lh__superiorfrontal__30,Left,109,165,112,-19,39,40,superiorfrontal,4671301,124,124.0
2585,,lh__superiorfrontal__31,Left,111,143,118,-21,17,46,superiorfrontal,11278402,129,129.0
2586,,lh__superiorfrontal__32,Left,101,132,110,-11,6,38,superiorfrontal,7195277,65,65.0
2587,,lh__superiorfrontal__33,Left,102,116,143,-12,-10,71,superiorfrontal,5115827,141,141.0
2588,,lh__superiorfrontal__34,Left,98,162,100,-8,36,28,superiorfrontal,6894904,138,138.0
2589,,lh__superiorfrontal__35,Left,94,179,109,-4,53,37,superiorfrontal,10077256,226,226.0
2590,,lh__superiorfrontal__36,Left,93,147,130,-3,21,58,superiorfrontal,11065003,180,180.0
2591,,lh__superiorfrontal__37,Left,97,114,121,-7,-12,49,superiorfrontal,11352625,104,104.0
2592,,lh__superiorfrontal__38,Left,98,168,87,-8,42,15,superiorfrontal,8531868,134,134.0
2593,,lh__superiorfrontal__39,Left,106,187,94,-16,61,22,superiorfrontal,12455563,140,140.0
2594,,lh__superiorfrontal__40,Left,96,183,80,-6,57,8,superiorfrontal,14056790,220,220.0
2595,,lh__superiorfrontal__41,Left,108,139,126,-18,13,54,superiorfrontal,10621403,76,76.0
2596,,lh__superiorfrontal__42,Left,102,182,106,-12,56,34,superiorfrontal,11826569,139,139.0
2597,,lh__superiorfrontal__43,Left,101,155,97,-11,29,25,superiorfrontal,13990323,41,41.0
2598,,lh__superiorfrontal__44,Left,110,153,114,-20,27,42,superiorfrontal,5523919,138,138.0
2599,,lh__superiorfrontal__45,Left,94,134,120,-4,8,48,superiorfrontal,10744382,254,254.0
2600,,lh__superiorfrontal__46,Left,98,173,84,-8,47,12,superiorfrontal,13938070,158,158.0
2601,,lh__superiorfrontal__47,Left,106,117,140,-16,-9,68,superiorfrontal,16353786,146,146.0
2602,,lh__superiorfrontal__48,Left,100,183,73,-10,57,1,superiorfrontal,5956601,82,82.0
2603,,lh__superiorfrontal__49,Left,111,141,121,-21,15,49,superiorfrontal,8203741,68,68.0
2604,,lh__superiorfrontal__50,Left,94,149,116,-4,23,44,superiorfrontal,12017032,174,174.0
2605,,lh__superiorfrontal__51,Left,95,114,126,-5,-12,54,superiorfrontal,14844060,95,95.0
2606,,lh__superiorfrontal__52,Left,105,171,114,-15,45,42,superiorfrontal,15360387,100,100.0
2607,,lh__superiorfrontal__53,Left,102,191,90,-12,65,18,superiorfrontal,16570447,145,145.0
2608,,lh__superiorfrontal__54,Left,93,140,133,-3,14,61,superiorfrontal,2542421,243,243.0
2609,,lh__superiorfrontal__55,Left,112,127,132,-22,1,60,superiorfrontal,13613291,159,159.0
2610,,lh__superiorfrontal__56,Left,95,186,100,-5,60,28,superiorfrontal,3208014,188,188.0
2611,,lh__superiorfrontal__57,Left,109,148,115,-19,22,43,superiorfrontal,9086289,89,89.0
2612,,lh__superiorfrontal__58,Left,110,115,131,-20,-11,59,superiorfrontal,125554,93,93.0
2613,,lh__superiorfrontal__59,Left,94,190,82,-4,64,10,superiorfrontal,8840450,188,188.0
2614,,lh__superiorfrontal__60,Left,101,162,91,-11,36,19,superiorfrontal,317395,49,49.0
2615,,lh__superiorfrontal__61,Left,101,124,114,-11,-2,42,superiorfrontal,15280048,43,43.0
2616,,lh__superiorfrontal__62,Left,102,152,99,-12,26,27,superiorfrontal,263939,34,34.0
2617,,lh__superiorfrontal__63,Left,101,184,102,-11,58,30,superiorfrontal,461733,135,135.0
2618,,lh__superiorfrontal__64,Left,94,165,108,-4,39,36,superiorfrontal,10770945,166,166.0
2619,,lh__superiorfrontal__65,Left,94,115,139,-4,-11,67,superiorfrontal,9645546,146,146.0
2620,,lh__superiorfrontal__66,Left,109,137,121,-19,11,49,superiorfrontal,14558358,61,61.0
2621,,lh__superiorfrontal__67,Left,94,157,118,-4,31,46,superiorfrontal,7180583,178,178.0
2622,,lh__superiorfrontal__68,Left,100,112,120,-10,-14,48,superiorfrontal,1264629,60,60.0
2623,,lh__superiorfrontal__69,Left,95,129,141,-5,3,69,superiorfrontal,12839254,127,127.0
2624,,lh__superiorfrontal__70,Left,101,195,78,-11,69,6,superiorfrontal,12358584,166,166.0
2625,,lh__superiorfrontal__71,Left,101,178,108,-11,52,36,superiorfrontal,13405332,81,81.0
2626,,lh__superiorfrontal__72,Left,101,121,113,-11,-5,41,superiorfrontal,5520101,41,41.0
2627,,lh__superiorfrontal__73,Left,107,118,135,-17,-8,63,superiorfrontal,16286801,46,46.0
2628,,lh__superiorfrontal__74,Left,110,129,128,-20,3,56,superiorfrontal,7947985,87,87.0
2629,,lh__superiorfrontal__75,Left,108,160,117,-18,34,45,superiorfrontal,269932,153,153.0
2630,,lh__superiorfrontal__76,Left,101,126,113,-11,0,41,superiorfrontal,7012970,34,34.0
2631,,lh__superiorfrontal__77,Left,97,180,89,-7,54,17,superiorfrontal,11610229,114,114.0
2632,,lh__superiorfrontal__78,Left,100,114,143,-10,-12,71,superiorfrontal,8882515,113,113.0
2633,,lh__superiorfrontal__79,Left,95,130,135,-5,4,63,superiorfrontal,969435,166,166.0
2634,,lh__superiorfrontal__80,Left,111,145,134,-21,19,62,superiorfrontal,11579217,149,149.0
2635,,lh__superiorfrontal__81,Left,94,149,111,-4,23,39,superiorfrontal,7874812,227,227.0
2636,,lh__superiorfrontal__82,Left,96,190,76,-6,64,4,superiorfrontal,10745248,116,116.0
2637,,lh__superiorfrontal__83,Left,111,118,133,-21,-8,61,superiorfrontal,3859727,122,122.0
2638,,lh__superiorfrontal__84,Left,94,181,104,-4,55,32,superiorfrontal,15437245,188,188.0
2639,,lh__superiorfrontal__85,Left,96,176,97,-6,50,25,superiorfrontal,15486340,112,112.0
2640,,lh__superiorfrontal__86,Left,101,149,102,-11,23,30,superiorfrontal,9273399,51,51.0
2641,,lh__superiorfrontal__87,Left,95,129,132,-5,3,60,superiorfrontal,118622,146,146.0
2642,,lh__superiorfrontal__88,Left,102,179,73,-12,53,1,superiorfrontal,10667097,69,69.0
2643,,lh__superiorfrontal__89,Left,109,154,109,-19,28,37,superiorfrontal,14449524,62,62.0
2644,,lh__superiorfrontal__90,Left,100,178,88,-10,52,16,superiorfrontal,8242905,90,90.0
2645,,lh__superiorfrontal__91,Left,98,132,131,-8,6,59,superiorfrontal,7870304,112,112.0
2646,,lh__superiorfrontal__92,Left,109,159,108,-19,33,36,superiorfrontal,10951267,82,82.0
2647,,lh__superiorfrontal__93,Left,104,182,97,-14,56,25,superiorfrontal,9638301,76,76.0
2648,,lh__superiorfrontal__94,Left,93,119,125,-3,-7,53,superiorfrontal,9091295,202,202.0
2649,,lh__superiorfrontal__95,Left,109,135,122,-19,9,50,superiorfrontal,1097669,72,72.0
2650,,lh__superiorfrontal__96,Left,99,161,127,-9,35,55,superiorfrontal,12641572,121,121.0
2651,,lh__superiorfrontal__97,Left,95,168,103,-5,42,31,superiorfrontal,12056413,182,182.0
2652,,lh__superiorfrontal__98,Left,110,145,115,-20,19,43,superiorfrontal,5300183,99,99.0
2653,,lh__superiorfrontal__99,Left,113,120,126,-23,-6,54,superiorfrontal,3934631,155,155.0
2654,,lh__superiorfrontal__100,Left,94,113,122,-4,-13,50,superiorfrontal,8752722,87,87.0
2655,,lh__superiorfrontal__101,Left,93,166,121,-3,40,49,superiorfrontal,14166333,178,178.0
2656,,lh__superiorfrontal__102,Left,98,169,89,-8,43,17,superiorfrontal,13780024,180,180.0
2657,,lh__superiorfrontal__103,Left,98,149,135,-8,23,63,superiorfrontal,16301846,144,144.0
2658,,lh__superiorfrontal__104,Left,96,131,119,-6,5,47,superiorfrontal,7561018,300,300.0
2659,,lh__superiorfrontal__105,Left,99,173,77,-9,47,5,superiorfrontal,2639725,116,116.0
2660,,lh__superiorfrontal__106,Left,105,120,138,-15,-6,66,superiorfrontal,1758714,130,130.0
2661,,lh__superiorfrontal__107,Left,102,190,93,-12,64,21,superiorfrontal,5480487,132,132.0
2662,,lh__superiorfrontal__108,Left,95,164,125,-5,38,53,superiorfrontal,15522659,167,167.0
2663,,lh__superiorfrontal__109,Left,98,193,85,-8,67,13,superiorfrontal,15159804,142,142.0
2664,,lh__superiorfrontal__110,Left,109,140,122,-19,14,50,superiorfrontal,16457200,69,69.0
2665,,lh__superiorfrontal__111,Left,97,142,120,-7,16,48,superiorfrontal,12319446,121,121.0
2666,,lh__superiorfrontal__112,Left,100,120,139,-10,-6,67,superiorfrontal,14922190,85,85.0
2667,,lh__superiorfrontal__113,Left,97,175,73,-7,49,1,superiorfrontal,1178476,99,99.0
2668,,lh__superiorfrontal__114,Left,98,125,119,-8,-1,47,superiorfrontal,14409409,86,86.0
2669,,lh__superiorfrontal__115,Left,95,169,100,-5,43,28,superiorfrontal,12117632,207,207.0
2670,,lh__superiorfrontal__116,Left,114,120,133,-24,-6,61,superiorfrontal,11320069,293,293.0
2671,,lh__superiorfrontal__117,Left,95,186,73,-5,60,1,superiorfrontal,15961828,163,163.0
2672,,lh__superiorfrontal__118,Left,110,161,122,-20,35,50,superiorfrontal,11516753,188,188.0
2673,,lh__superiorfrontal__119,Left,98,143,110,-8,17,38,superiorfrontal,6864170,117,117.0
2674,,lh__superiorfrontal__120,Left,99,125,143,-9,-1,71,superiorfrontal,5960942,149,149.0
2675,,lh__superiorfrontal__121,Left,96,156,104,-6,30,32,superiorfrontal,94400,184,184.0
2676,,lh__superiorfrontal__122,Left,94,134,136,-4,8,64,superiorfrontal,13178012,189,189.0
2677,,lh__superiorfrontal__123,Left,106,137,135,-16,11,63,superiorfrontal,5839924,128,128.0
2678,,lh__superiorfrontal__124,Left,101,128,115,-11,2,43,superiorfrontal,6323745,49,49.0
2679,,lh__superiorfrontal__125,Left,107,162,115,-17,36,43,superiorfrontal,11213902,142,142.0
2680,,lh__superiorfrontal__126,Left,109,134,127,-19,8,55,superiorfrontal,630588,75,75.0
2681,,lh__superiorfrontal__127,Left,107,116,133,-17,-10,61,superiorfrontal,10617999,58,58.0
2682,,lh__superiorfrontal__128,Left,96,178,80,-6,52,8,superiorfrontal,14698136,152,152.0
2683,,lh__superiorfrontal__129,Left,99,129,118,-9,3,46,superiorfrontal,11273199,82,82.0
2684,,lh__superiorfrontal__130,Left,98,116,141,-8,-10,69,superiorfrontal,6454489,106,106.0
2685,,lh__superiorfrontal__131,Left,94,155,121,-4,29,49,superiorfrontal,10199091,149,149.0
2686,,lh__superiorfrontal__132,Left,98,182,78,-8,56,6,superiorfrontal,9209689,136,136.0
2687,,lh__superiorfrontal__133,Left,100,155,101,-10,29,29,superiorfrontal,8620221,92,92.0
2688,,lh__superiorfrontal__134,Left,103,169,114,-13,43,42,superiorfrontal,10110212,84,84.0
2689,,lh__superiorfrontal__135,Left,95,115,133,-5,-11,61,superiorfrontal,4592792,65,65.0
2690,,lh__superiorfrontal__136,Left,97,183,87,-7,57,15,superiorfrontal,15877903,141,141.0
2691,,lh__superiorfrontal__137,Left,96,119,131,-6,-7,59,superiorfrontal,13951323,121,121.0
2692,,lh__superiorfrontal__138,Left,104,181,99,-14,55,27,superiorfrontal,13562410,85,85.0
2693,,lh__superiorfrontal__139,Left,101,158,99,-11,32,27,superiorfrontal,11439847,82,82.0
2694,,lh__superiorfrontal__140,Left,108,173,114,-18,47,42,superiorfrontal,7958886,215,215.0
2695,,lh__superiorfrontal__141,Left,109,156,127,-19,30,55,superiorfrontal,190458,129,129.0
2696,,lh__superiorfrontal__142,Left,112,132,137,-22,6,65,superiorfrontal,7101199,241,241.0
2697,,lh__superiorfrontal__143,Left,112,117,129,-22,-9,57,superiorfrontal,5282167,117,117.0
2698,,lh__superiorfrontal__144,Left,93,126,129,-3,0,57,superiorfrontal,6021229,201,201.0
2699,,lh__superiorfrontal__145,Left,102,160,94,-12,34,22,superiorfrontal,2365545,41,41.0
2700,,lh__superiorfrontal__146,Left,95,132,141,-5,6,69,superiorfrontal,6474017,104,104.0
2701,,lh__superiorfrontal__147,Left,101,172,80,-11,46,8,superiorfrontal,7730033,100,100.0
2702,,lh__superiorfrontal__148,Left,111,132,122,-21,6,50,superiorfrontal,2708437,76,76.0
2703,,lh__superiorfrontal__149,Left,97,179,77,-7,53,5,superiorfrontal,7269783,130,130.0
2704,,lh__superiorfrontal__150,Left,94,144,133,-4,18,61,superiorfrontal,16303078,200,200.0
2705,,lh__superiorfrontal__151,Left,99,119,118,-9,-7,46,superiorfrontal,11382944,71,71.0
2706,,lh__superiorfrontal__152,Left,105,184,95,-15,58,23,superiorfrontal,3285532,101,101.0
2707,,lh__superiorfrontal__153,Left,108,157,110,-18,31,38,superiorfrontal,7082670,90,90.0
2708,,lh__superiorfrontal__154,Left,96,133,125,-6,7,53,superiorfrontal,9665928,146,146.0
2709,,lh__superiorfrontal__155,Left,97,168,95,-7,42,23,superiorfrontal,2155704,212,212.0
2710,,lh__superiorfrontal__156,Left,93,115,136,-3,-11,64,superiorfrontal,8669359,68,68.0
2711,,lh__superiorfrontal__157,Left,95,142,114,-5,16,42,superiorfrontal,270933,179,179.0
2712,,lh__superiorfrontal__158,Left,98,167,92,-8,41,20,superiorfrontal,5086034,148,148.0
2713,,lh__superiorfrontal__159,Left,99,177,91,-9,51,19,superiorfrontal,6997219,113,113.0
2714,,lh__superiorfrontal__160,Left,100,122,116,-10,-4,44,superiorfrontal,9931492,60,60.0
2715,,lh__superiorfrontal__161,Left,98,122,141,-8,-4,69,superiorfrontal,489554,162,162.0
2716,,lh__superiorfrontal__162,Left,96,135,115,-6,9,43,superiorfrontal,9158381,147,147.0
2717,,lh__superiorfrontal__163,Left,96,192,79,-6,66,7,superiorfrontal,15434051,144,144.0
2718,,lh__superiorfrontal__164,Left,112,157,123,-22,31,51,superiorfrontal,5033929,175,175.0
2719,,lh__superiorfrontal__165,Left,97,144,123,-7,18,51,superiorfrontal,14170873,114,114.0
2720,,lh__superiorfrontal__166,Left,95,158,110,-5,32,38,superiorfrontal,11759672,210,210.0
2721,,lh__superiorfrontal__167,Left,103,118,141,-13,-8,69,superiorfrontal,11921250,146,146.0
2722,,lh__superiorfrontal__168,Left,94,152,110,-4,26,38,superiorfrontal,821160,231,231.0
2723,,lh__superiorfrontal__169,Left,101,117,113,-11,-9,41,superiorfrontal,10022805,29,29.0
2724,,lh__superiorfrontal__170,Left,105,165,116,-15,39,44,superiorfrontal,5937013,102,102.0
2725,,lh__superiorfrontal__171,Left,100,186,99,-10,60,27,superiorfrontal,1324899,134,134.0
2726,,lh__superiorfrontal__172,Left,99,185,76,-9,59,4,superiorfrontal,440673,78,78.0
2727,,lh__superiorfrontal__173,Left,101,141,107,-11,15,35,superiorfrontal,10784283,91,91.0
2728,,lh__superiorfrontal__174,Left,95,167,106,-5,41,34,superiorfrontal,6951900,138,138.0
2729,,lh__superiorfrontal__175,Left,96,159,102,-6,33,30,superiorfrontal,16669715,199,199.0
2730,,lh__superiorfrontal__176,Left,97,117,139,-7,-9,67,superiorfrontal,5777234,58,58.0
2731,,lh__superiorfrontal__177,Left,95,120,120,-5,-6,48,superiorfrontal,7592882,134,134.0
2732,,lh__superiorfrontal__178,Left,100,166,123,-10,40,51,superiorfrontal,11257350,121,121.0
2733,,lh__superiorfrontal__179,Left,94,147,120,-4,21,48,superiorfrontal,8774328,168,168.0
2734,,lh__superiorfrontal__180,Left,111,141,134,-21,15,62,superiorfrontal,12381154,175,175.0
2735,,lh__superiorfrontal__181,Left,97,179,84,-7,53,12,superiorfrontal,6216201,159,159.0
2736,,lh__superiorfrontal__182,Left,110,152,117,-20,26,45,superiorfrontal,8859244,164,164.0
2737,,lh__superiorfrontal__183,Left,99,140,112,-9,14,40,superiorfrontal,790022,100,100.0
2738,,lh__superiorfrontal__184,Left,113,123,129,-23,-3,57,superiorfrontal,3661434,86,86.0
2739,,lh__superiorfrontal__185,Left,96,143,137,-6,17,65,superiorfrontal,12563345,143,143.0
2740,,lh__superiorfrontal__186,Left,109,168,114,-19,42,42,superiorfrontal,8627212,167,167.0
2741,,lh__superiorfrontal__187,Left,97,118,133,-7,-8,61,superiorfrontal,5002330,45,45.0
2742,,lh__superiorfrontal__188,Left,111,129,123,-21,3,51,superiorfrontal,10673589,63,63.0
2743,,lh__superiorfrontal__189,Left,97,172,88,-7,46,16,superiorfrontal,8247614,157,157.0
2744,,lh__superiorfrontal__190,Left,94,160,107,-4,34,35,superiorfrontal,1404763,185,185.0
2745,,lh__superiorfrontal__191,Left,109,126,140,-19,0,68,superiorfrontal,13500784,306,306.0
2746,,lh__superiorfrontal__192,Left,94,152,120,-4,26,48,superiorfrontal,16571180,185,185.0
2747,,lh__superiorfrontal__193,Left,97,191,90,-7,65,18,superiorfrontal,3307582,168,168.0
2748,,lh__superiorfrontal__194,Left,101,145,105,-11,19,33,superiorfrontal,13077308,60,60.0
2749,,lh__superiorfrontal__195,Left,95,116,127,-5,-10,55,superiorfrontal,15350421,136,136.0
2750,,lh__superiorfrontal__196,Left,98,187,78,-8,61,6,superiorfrontal,11357764,115,115.0
2751,,lh__superiorfrontal__197,Left,107,117,137,-17,-9,65,superiorfrontal,12403658,91,91.0
2752,,lh__superiorfrontal__198,Left,112,146,126,-22,20,54,superiorfrontal,3216861,155,155.0
2753,,lh__superiorfrontal__199,Left,96,186,90,-6,60,18,superiorfrontal,898344,146,146.0
2754,,lh__superiorfrontal__200,Left,106,131,139,-16,5,67,superiorfrontal,4603075,167,167.0
2755,,lh__superiorfrontal__201,Left,98,130,127,-8,4,55,superiorfrontal,16313261,107,107.0
2756,,lh__superiorfrontal__202,Left,107,158,124,-17,32,52,superiorfrontal,12181582,127,127.0
2757,,lh__superiorfrontal__203,Left,99,149,104,-9,23,32,superiorfrontal,11213907,89,89.0
2758,,lh__superiorfrontal__204,Left,93,176,112,-3,50,40,superiorfrontal,3606422,175,175.0
2759,,lh__superiorfrontal__205,Left,111,139,136,-21,13,64,superiorfrontal,12563619,136,136.0
2760,,lh__superiorfrontal__206,Left,96,192,73,-6,66,1,superiorfrontal,16017708,215,215.0
2761,,lh__superiorfrontal__207,Left,104,168,118,-14,42,46,superiorfrontal,5058106,101,101.0
2762,,lh__superiorfrontal__208,Left,100,133,113,-10,7,41,superiorfrontal,14999164,60,60.0
2763,,lh__superiorfrontal__209,Left,95,126,142,-5,0,70,superiorfrontal,8595290,104,104.0
2764,,lh__superiorfrontal__210,Left,97,165,98,-7,39,26,superiorfrontal,14101953,167,167.0
2765,,lh__superiorfrontal__211,Left,100,152,103,-10,26,31,superiorfrontal,14019156,97,97.0
2766,,lh__superiorfrontal__212,Left,111,119,137,-21,-7,65,superiorfrontal,10419055,135,135.0
2767,,lh__superiorfrontal__213,Left,93,168,118,-3,42,46,superiorfrontal,5438374,170,170.0
2768,,lh__superiorfrontal__214,Left,101,164,94,-11,38,22,superiorfrontal,10065805,106,106.0
2769,,lh__superiorfrontal__215,Left,96,128,126,-6,2,54,superiorfrontal,7627483,132,132.0
2770,,lh__superiorfrontal__216,Left,96,128,121,-6,2,49,superiorfrontal,15152733,106,106.0
2771,,lh__superiorfrontal__217,Left,94,158,127,-4,32,55,superiorfrontal,15013422,137,137.0
2772,,lh__superiorfrontal__218,Left,100,118,139,-10,-8,67,superiorfrontal,4088745,44,44.0
2773,,lh__superiorfrontal__219,Left,98,173,91,-8,47,19,superiorfrontal,3072217,129,129.0
2774,,lh__superiorfrontal__220,Left,101,135,138,-11,9,66,superiorfrontal,13030086,71,71.0
2775,,lh__superiorfrontal__221,Left,97,185,105,-7,59,33,superiorfrontal,3283463,176,176.0
2776,,lh__superiorfrontal__222,Left,95,140,115,-5,14,43,superiorfrontal,5452234,156,156.0
2777,,lh__superiorfrontal__223,Left,100,194,82,-10,68,10,superiorfrontal,7799250,168,168.0
2778,,lh__superiorfrontal__224,Left,101,137,111,-11,11,39,superiorfrontal,2704597,150,150.0
2779,,lh__superiorfrontal__225,Left,111,153,123,-21,27,51,superiorfrontal,9923088,218,218.0
2780,,lh__superiorfrontal__226,Left,106,163,111,-16,37,39,superiorfrontal,7593492,62,62.0
2781,,lh__superiorfrontal__227,Left,99,117,119,-9,-9,47,superiorfrontal,14205242,93,93.0
2782,,lh__superiorfrontal__228,Left,110,132,131,-20,6,59,superiorfrontal,13613014,147,147.0
2783,,lh__superiorfrontal__229,Left,110,142,129,-20,16,57,superiorfrontal,5023187,96,96.0
2784,,lh__superiorfrontal__230,Left,97,116,130,-7,-10,58,superiorfrontal,15331826,75,75.0
2785,,lh__superiorfrontal__231,Left,94,184,83,-4,58,11,superiorfrontal,16696525,215,215.0
2786,,lh__superiorfrontal__232,Left,93,123,139,-3,-3,67,superiorfrontal,5435621,99,99.0
2787,,lh__superiorfrontal__233,Left,96,173,119,-6,47,47,superiorfrontal,16004459,128,128.0
2788,,lh__superiorfrontal__234,Left,101,131,114,-11,5,42,superiorfrontal,1093322,63,63.0
2789,,lh__superiorfrontal__235,Left,97,171,93,-7,45,21,superiorfrontal,2492171,155,155.0
2790,,lh__superiorfrontal__236,Left,99,127,119,-9,1,47,superiorfrontal,10836272,88,88.0
2791,,lh__superiorfrontal__237,Left,105,143,133,-15,17,61,superiorfrontal,11367282,131,131.0
2792,,lh__superiorfrontal__238,Left,93,151,126,-3,25,54,superiorfrontal,13229195,193,193.0
2793,,lh__superiorfrontal__239,Left,108,156,115,-18,30,43,superiorfrontal,11727861,149,149.0
2794,,lh__superiorfrontal__240,Left,106,193,77,-16,67,5,superiorfrontal,4502733,172,172.0
2795,,lh__superiorfrontal__241,Left,93,173,115,-3,47,43,superiorfrontal,6232977,202,202.0
2796,,lh__superiorfrontal__242,Left,95,153,106,-5,27,34,superiorfrontal,6253680,174,174.0
2797,,lh__superiorfrontal__243,Left,102,161,97,-12,35,25,superiorfrontal,11828273,75,75.0
2798,,lh__superiorfrontal__244,Left,101,177,85,-11,51,13,superiorfrontal,14967523,76,76.0
2799,,lh__superiorfrontal__245,Left,109,137,129,-19,11,57,superiorfrontal,9218582,110,110.0
2800,,lh__superiorfrontal__246,Left,103,165,123,-13,39,51,superiorfrontal,5472237,105,105.0
2801,,lh__superiorfrontal__247,Left,94,135,129,-4,9,57,superiorfrontal,4885041,245,245.0
2802,,lh__superiorfrontal__248,Left,101,188,96,-11,62,24,superiorfrontal,13909511,128,128.0
2803,,lh__superiorfrontal__249,Left,95,145,118,-5,19,46,superiorfrontal,10573852,164,164.0
2804,,lh__superiorfrontal__250,Left,104,180,104,-14,54,32,superiorfrontal,13114725,114,114.0
2805,,lh__superiorfrontal__251,Left,112,129,139,-22,3,67,superiorfrontal,3188962,288,288.0
2806,,lh__superiorfrontal__252,Left,105,146,132,-15,20,60,superiorfrontal,4752624,132,132.0
2807,,lh__superiorfrontal__253,Left,109,123,139,-19,-3,67,superiorfrontal,736640,289,289.0
2808,,lh__superiorfrontal__254,Left,106,167,115,-16,41,43,superiorfrontal,1272922,84,84.0
2809,,lh__superiorfrontal__255,Left,99,132,141,-9,6,69,superiorfrontal,1863352,108,108.0
2810,,lh__superiorfrontal__256,Left,101,175,113,-11,49,41,superiorfrontal,3277216,101,101.0
2811,,lh__superiorfrontal__257,Left,97,140,123,-7,14,51,superiorfrontal,2471801,125,125.0
2812,,lh__superiorfrontal__258,Left,100,119,113,-10,-7,41,superiorfrontal,11608172,38,38.0
2813,,lh__superiorfrontal__259,Left,95,119,137,-5,-7,65,superiorfrontal,5736662,80,80.0
2814,,lh__superiorfrontal__260,Left,101,178,74,-11,52,2,superiorfrontal,9802572,171,171.0
2815,,lh__superiorfrontal__261,Left,97,148,107,-7,22,35,superiorfrontal,9818354,154,154.0
2816,,lh__superiorfrontal__262,Left,98,178,115,-8,52,43,superiorfrontal,1826794,172,172.0
2817,,lh__superiorfrontal__263,Left,94,137,137,-4,11,65,superiorfrontal,3603428,187,187.0
2818,,lh__superiorfrontal__264,Left,106,140,134,-16,14,62,superiorfrontal,6543301,172,172.0
2819,,lh__superiorfrontal__265,Left,98,145,108,-8,19,36,superiorfrontal,15969804,106,106.0
2820,,lh__superiorfrontal__266,Left,99,175,79,-9,49,7,superiorfrontal,1639852,154,154.0
2821,,lh__superiorfrontal__267,Left,105,178,107,-15,52,35,superiorfrontal,4292035,122,122.0
2822,,lh__superiorfrontal__268,Left,101,118,115,-11,-8,43,superiorfrontal,15252990,60,60.0
2823,,lh__superiorfrontal__269,Left,106,162,124,-16,36,52,superiorfrontal,9649570,133,133.0
2824,,lh__superiorfrontal__270,Left,103,123,137,-13,-3,65,superiorfrontal,614422,195,195.0
2825,,lh__superiorfrontal__271,Left,94,137,123,-4,11,51,superiorfrontal,9773249,176,176.0
2826,,lh__superiorfrontal__272,Left,93,116,121,-3,-10,49,superiorfrontal,5164813,145,145.0
2827,,lh__superiorfrontal__273,Left,101,168,120,-11,42,48,superiorfrontal,9345975,111,111.0
2828,,lh__superiorfrontal__274,Left,94,181,92,-4,55,20,superiorfrontal,10761199,302,302.0
2829,,lh__superiorfrontal__275,Left,94,139,127,-4,13,55,superiorfrontal,16230932,171,171.0
2830,,lh__superiorfrontal__276,Left,104,189,85,-14,63,13,superiorfrontal,2757911,118,118.0
2831,,lh__superiorfrontal__277,Left,93,122,129,-3,-4,57,superiorfrontal,13920822,183,183.0
2832,,lh__superiorfrontal__278,Left,111,136,136,-21,10,64,superiorfrontal,9598808,268,268.0
2833,,lh__superiorfrontal__279,Left,95,189,86,-5,63,14,superiorfrontal,6968027,198,198.0
2834,,lh__superiorfrontal__280,Left,94,111,127,-4,-15,55,superiorfrontal,1127210,101,101.0
2835,,lh__superiorfrontal__281,Left,101,130,142,-11,4,70,superiorfrontal,7436221,116,116.0
2836,,lh__superiorfrontal__282,Left,108,149,122,-18,23,50,superiorfrontal,8849014,143,143.0
2837,,lh__superiorfrontal__283,Left,93,126,136,-3,0,64,superiorfrontal,5774930,221,221.0
2838,,lh__superiorfrontal__284,Left,97,153,115,-7,27,43,superiorfrontal,12197468,155,155.0
2839,,lh__superiorfrontal__285,Left,97,175,94,-7,49,22,superiorfrontal,11447671,130,130.0
2840,,lh__superiorfrontal__286,Left,93,147,125,-3,21,53,superiorfrontal,12019501,208,208.0
2841,,lh__superiorfrontal__287,Left,94,151,132,-4,25,60,superiorfrontal,14760436,155,155.0
2842,,lh__superiorfrontal__288,Left,94,163,104,-4,37,32,superiorfrontal,3205191,214,214.0
2843,,lh__superiorfrontal__289,Left,103,175,111,-13,49,39,superiorfrontal,5483953,105,105.0
2844,,lh__superiorfrontal__290,Left,111,126,126,-21,0,54,superiorfrontal,13496362,76,76.0
2845,,lh__superiorfrontal__291,Left,95,126,122,-5,0,50,superiorfrontal,3153201,151,151.0
2846,,lh__superiorfrontal__292,Left,95,172,97,-5,46,25,superiorfrontal,2325111,154,154.0
2847,,lh__superiorfrontal__293,Left,102,144,131,-12,18,59,superiorfrontal,3750887,83,83.0
2848,,lh__superiorfrontal__294,Left,102,174,83,-12,48,11,superiorfrontal,5032362,78,78.0
2849,,lh__superiorfrontal__295,Left,97,170,122,-7,44,50,superiorfrontal,15338245,141,141.0
2850,,lh__superiorfrontal__296,Left,93,155,127,-3,29,55,superiorfrontal,16259997,152,152.0
2851,,lh__superiorfrontal__297,Left,95,174,100,-5,48,28,superiorfrontal,11685957,173,173.0
2852,,lh__superiorfrontal__298,Left,100,114,118,-10,-12,46,superiorfrontal,1478204,66,66.0
2853,,lh__superiorfrontal__299,Left,94,120,140,-4,-6,68,superiorfrontal,13956994,74,74.0
2854,,lh__superiorfrontal__300,Left,105,188,90,-15,62,18,superiorfrontal,9619054,117,117.0
2855,,lh__superiorfrontal__301,Left,102,114,115,-12,-12,43,superiorfrontal,8557341,76,76.0
2856,,lh__superiorfrontal__302,Left,112,120,122,-22,-6,50,superiorfrontal,12014296,82,82.0
2857,,lh__superiorfrontal__303,Left,93,160,124,-3,34,52,superiorfrontal,8397072,177,177.0
2858,,lh__superiorfrontal__304,Left,112,144,127,-22,18,55,superiorfrontal,10002504,142,142.0
2859,,lh__superiorfrontal__305,Left,107,176,110,-17,50,38,superiorfrontal,13628792,169,169.0
2860,,lh__superiorfrontal__306,Left,104,129,140,-14,3,68,superiorfrontal,11010410,128,128.0
2861,,lh__superiorfrontal__307,Left,99,140,137,-9,14,65,superiorfrontal,14358410,121,121.0
2862,,lh__superiorfrontal__308,Left,100,193,75,-10,67,3,superiorfrontal,13816144,142,142.0
2863,,lh__superiorfrontal__309,Left,96,190,94,-6,64,22,superiorfrontal,14580483,187,187.0
2864,,lh__superiorfrontal__310,Left,95,143,127,-5,17,55,superiorfrontal,9349332,150,150.0
2865,,lh__superiorfrontal__311,Left,94,145,112,-4,19,40,superiorfrontal,10293617,202,202.0
2866,,lh__superiorfrontal__312,Left,101,174,87,-11,48,15,superiorfrontal,16309617,72,72.0
2867,,lh__superiorfrontal__313,Left,103,126,140,-13,0,68,superiorfrontal,1256396,173,173.0
2868,,lh__superiorfrontal__314,Left,101,170,117,-11,44,45,superiorfrontal,1866196,102,102.0
2869,,lh__superiorfrontal__315,Left,97,122,119,-7,-4,47,superiorfrontal,9483538,112,112.0
2870,,lh__superiorfrontal__316,Left,101,155,126,-11,29,54,superiorfrontal,10052696,35,35.0
2871,,lh__superiorfrontal__317,Left,100,155,128,-10,29,56,superiorfrontal,15272371,50,50.0
2872,,lh__superiorfrontal__318,Left,102,151,129,-12,25,57,superiorfrontal,13997834,39,39.0
2873,,lh__superiorfrontal__319,Left,101,152,128,-11,26,56,superiorfrontal,10253596,45,45.0
2874,,lh__superiorfrontal__320,Left,105,154,126,-15,28,54,superiorfrontal,4135474,51,51.0
2875,,lh__superiorfrontal__321,Left,103,153,126,-13,27,54,superiorfrontal,14727636,46,46.0
2876,,lh__superiorfrontal__322,Left,104,155,125,-14,29,53,superiorfrontal,8507185,46,46.0
2877,,lh__superiorfrontal__323,Left,104,156,123,-14,30,51,superiorfrontal,9114851,38,38.0
2878,,lh__superiorfrontal__324,Left,94,161,117,-4,35,45,superiorfrontal,4876014,85,85.0
2879,,lh__superiorfrontal__325,Left,93,161,119,-3,35,47,superiorfrontal,3976974,125,125.0
2880,,lh__superiorfrontal__326,Left,94,164,116,-4,38,44,superiorfrontal,10142285,75,75.0
2881,,lh__superiorfrontal__327,Left,95,161,114,-5,35,42,superiorfrontal,10762010,65,65.0
2882,,lh__superiorfrontal__328,Left,115,125,136,-25,-1,64,superiorfrontal,9807783,136,136.0
2883,,lh__superiorfrontal__329,Left,115,123,136,-25,-3,64,superiorfrontal,1326287,174,174.0
2884,,lh__superiorfrontal__330,Left,101,158,126,-11,32,54,superiorfrontal,4179132,34,34.0
2885,,lh__superiorfrontal__331,Left,100,158,124,-10,32,52,superiorfrontal,2976466,42,42.0
2886,,lh__superiorfrontal__332,Left,94,171,111,-4,45,39,superiorfrontal,13068020,94,94.0
2887,,lh__superiorfrontal__333,Left,95,171,109,-5,45,37,superiorfrontal,2152070,79,79.0
2888,,lh__superiorfrontal__334,Left,101,142,134,-11,16,62,superiorfrontal,4097827,67,67.0
2889,,lh__superiorfrontal__335,Left,101,141,131,-11,15,59,superiorfrontal,16012107,21,21.0
2890,,lh__superiorfrontal__336,Left,101,139,133,-11,13,61,superiorfrontal,6916997,28,28.0
2891,,lh__superiorfrontal__337,Left,102,139,132,-12,13,60,superiorfrontal,9787537,30,30.0
2892,,lh__superiorfrontal__338,Left,106,165,120,-16,39,48,superiorfrontal,3983341,142,142.0
2893,,lh__superiorfrontal__339,Left,94,173,107,-4,47,35,superiorfrontal,5923646,105,105.0
2894,,lh__superiorfrontal__340,Left,95,171,105,-5,45,33,superiorfrontal,13405393,55,55.0
2895,,lh__superiorfrontal__341,Left,103,135,134,-13,9,62,superiorfrontal,1230963,27,27.0
2896,,lh__superiorfrontal__342,Left,99,180,111,-9,54,39,superiorfrontal,320073,81,81.0
2897,,lh__superiorfrontal__343,Left,101,178,111,-11,52,39,superiorfrontal,12715291,62,62.0
2898,,lh__superiorfrontal__344,Left,94,173,103,-4,47,31,superiorfrontal,11048287,103,103.0
2899,,lh__superiorfrontal__345,Left,94,176,104,-4,50,32,superiorfrontal,2482486,126,126.0
2900,,lh__superiorfrontal__346,Left,106,149,131,-16,23,59,superiorfrontal,3474381,95,95.0
2901,,lh__superiorfrontal__347,Left,93,169,113,-3,43,41,superiorfrontal,5450421,129,129.0
2902,,lh__superiorfrontal__348,Left,94,166,113,-4,40,41,superiorfrontal,15875834,85,85.0
2903,,lh__superiorfrontal__349,Left,102,148,130,-12,22,58,superiorfrontal,9469171,86,86.0
2904,,lh__superiorfrontal__350,Left,101,147,131,-11,21,59,superiorfrontal,15719172,54,54.0
2905,,lh__superiorfrontal__351,Left,97,155,132,-7,29,60,superiorfrontal,6778327,89,89.0
2906,,lh__superiorfrontal__352,Left,100,154,130,-10,28,58,superiorfrontal,6077297,62,62.0
2907,,lh__superiorfrontal__353,Left,96,178,100,-6,52,28,superiorfrontal,10061618,61,61.0
2908,,lh__superiorfrontal__354,Left,94,181,101,-4,55,29,superiorfrontal,12348495,119,119.0
2909,,lh__superiorfrontal__355,Left,111,150,127,-21,24,55,superiorfrontal,749861,101,101.0
2910,,lh__superiorfrontal__356,Left,111,151,130,-21,25,58,superiorfrontal,446639,70,70.0
2911,,lh__superiorfrontal__357,Left,103,158,123,-13,32,51,superiorfrontal,16479895,41,41.0
2912,,lh__superiorfrontal__358,Left,94,182,96,-4,56,24,superiorfrontal,11547706,125,125.0
2913,,lh__superiorfrontal__359,Left,94,178,95,-4,52,23,superiorfrontal,13426577,115,115.0
2914,,lh__superiorfrontal__360,Left,100,152,131,-10,26,59,superiorfrontal,16344246,57,57.0
2915,,lh__superiorfrontal__361,Left,99,151,132,-9,25,60,superiorfrontal,15149880,50,50.0
2916,,lh__superiorfrontal__362,Left,106,153,129,-16,27,57,superiorfrontal,1804538,126,126.0
2917,,lh__superiorfrontal__363,Left,111,153,127,-21,27,55,superiorfrontal,11284591,89,89.0
2918,,lh__superiorfrontal__364,Left,107,152,131,-17,26,59,superiorfrontal,13868098,58,58.0
2919,,lh__superiorfrontal__365,Left,95,156,112,-5,30,40,superiorfrontal,3948143,84,84.0
2920,,lh__superiorfrontal__366,Left,95,158,114,-5,32,42,superiorfrontal,2901508,118,118.0
2921,,lh__superiorfrontal__367,Left,105,134,136,-15,8,64,superiorfrontal,3628135,65,65.0
2922,,lh__superiorfrontal__368,Left,107,134,138,-17,8,66,superiorfrontal,3182096,103,103.0
2923,,lh__superiorfrontal__369,Left,99,158,128,-9,32,56,superiorfrontal,8447344,78,78.0
2924,,lh__superiorfrontal__370,Left,98,157,130,-8,31,58,superiorfrontal,7821130,45,45.0
2925,,lh__superiorfrontal__371,Left,102,161,124,-12,35,52,superiorfrontal,4585305,82,82.0
2926,,lh__superiorfrontal__372,Left,100,163,124,-10,37,52,superiorfrontal,13467442,72,72.0
2927,,lh__superiorfrontal__373,Left,99,145,135,-9,19,63,superiorfrontal,397032,99,99.0
2928,,lh__superiorfrontal__374,Left,101,146,134,-11,20,62,superiorfrontal,6683705,39,39.0
2929,,lh__superiorfrontal__375,Left,110,149,132,-20,23,60,superiorfrontal,5859620,97,97.0
2930,,lh__superiorfrontal__376,Left,111,147,133,-21,21,61,superiorfrontal,796945,80,80.0
2931,,lh__superiorfrontal__377,Left,101,137,135,-11,11,63,superiorfrontal,12535277,85,85.0
2932,,lh__superiorfrontal__378,Left,99,138,138,-9,12,66,superiorfrontal,12299700,59,59.0
2933,,lh__superiorparietal__1,Left,126,73,131,-36,-53,59,superiorparietal,15197531,240,240.0
2934,,lh__superiorparietal__2,Left,96,36,94,-6,-90,22,superiorparietal,1000445,169,169.0
2935,,lh__superiorparietal__3,Left,110,77,131,-20,-49,59,superiorparietal,10516083,59,59.0
2936,,lh__superiorparietal__4,Left,111,66,125,-21,-60,53,superiorparietal,12736965,79,79.0
2937,,lh__superiorparietal__5,Left,107,45,115,-17,-81,43,superiorparietal,14849275,149,149.0
2938,,lh__superiorparietal__6,Left,122,87,121,-32,-39,49,superiorparietal,11320275,38,38.0
2939,,lh__superiorparietal__7,Left,119,67,120,-29,-59,48,superiorparietal,8057638,388,388.0
2940,,lh__superiorparietal__8,Left,98,64,128,-8,-62,56,superiorparietal,4224457,131,131.0
2941,,lh__superiorparietal__9,Left,98,66,134,-8,-60,62,superiorparietal,10633161,208,208.0
2942,,lh__superiorparietal__10,Left,113,55,106,-23,-71,34,superiorparietal,11296371,163,163.0
2943,,lh__superiorparietal__11,Left,122,83,114,-32,-43,42,superiorparietal,301790,62,62.0
2944,,lh__superiorparietal__12,Left,97,51,119,-7,-75,47,superiorparietal,8788890,205,205.0
2945,,lh__superiorparietal__13,Left,125,91,117,-35,-35,45,superiorparietal,9292590,65,65.0
2946,,lh__superiorparietal__14,Left,101,37,98,-11,-89,26,superiorparietal,4137868,132,132.0
2947,,lh__superiorparietal__15,Left,112,84,128,-22,-42,56,superiorparietal,10667163,46,46.0
2948,,lh__superiorparietal__16,Left,125,87,124,-35,-39,52,superiorparietal,10576166,68,68.0
2949,,lh__superiorparietal__17,Left,120,75,108,-30,-51,36,superiorparietal,14116053,103,103.0
2950,,lh__superiorparietal__18,Left,112,63,120,-22,-63,48,superiorparietal,2424092,65,65.0
2951,,lh__superiorparietal__19,Left,97,65,131,-7,-61,59,superiorparietal,9825229,206,206.0
2952,,lh__superiorparietal__20,Left,121,89,115,-31,-37,43,superiorparietal,9255950,55,55.0
2953,,lh__superiorparietal__21,Left,110,84,134,-20,-42,62,superiorparietal,337564,94,94.0
2954,,lh__superiorparietal__22,Left,111,56,116,-21,-70,44,superiorparietal,2283182,239,239.0
2955,,lh__superiorparietal__23,Left,118,74,112,-28,-52,40,superiorparietal,13336927,176,176.0
2956,,lh__superiorparietal__24,Left,95,44,110,-5,-82,38,superiorparietal,9967448,189,189.0
2957,,lh__superiorparietal__25,Left,124,92,113,-34,-34,41,superiorparietal,15002213,43,43.0
2958,,lh__superiorparietal__26,Left,117,87,125,-27,-39,53,superiorparietal,2147863,45,45.0
2959,,lh__superiorparietal__27,Left,128,75,128,-38,-51,56,superiorparietal,11229088,236,236.0
2960,,lh__superiorparietal__28,Left,115,76,140,-25,-50,68,superiorparietal,16240755,309,309.0
2961,,lh__superiorparietal__29,Left,124,77,120,-34,-49,48,superiorparietal,4170580,169,169.0
2962,,lh__superiorparietal__30,Left,99,63,126,-9,-63,54,superiorparietal,5987080,111,111.0
2963,,lh__superiorparietal__31,Left,117,50,92,-27,-76,20,superiorparietal,2013532,97,97.0
2964,,lh__superiorparietal__32,Left,118,56,120,-28,-70,48,superiorparietal,1973319,124,124.0
2965,,lh__superiorparietal__33,Left,98,38,101,-8,-88,29,superiorparietal,11498687,191,191.0
2966,,lh__superiorparietal__34,Left,98,75,142,-8,-51,70,superiorparietal,15325259,184,184.0
2967,,lh__superiorparietal__35,Left,106,46,107,-16,-80,35,superiorparietal,15724212,172,172.0
2968,,lh__superiorparietal__36,Left,125,89,120,-35,-37,48,superiorparietal,11082509,64,64.0
2969,,lh__superiorparietal__37,Left,102,34,98,-12,-92,26,superiorparietal,1341668,150,150.0
2970,,lh__superiorparietal__38,Left,114,68,134,-24,-58,62,superiorparietal,4474023,306,306.0
2971,,lh__superiorparietal__39,Left,117,65,130,-27,-61,58,superiorparietal,3152070,104,104.0
2972,,lh__superiorparietal__40,Left,98,59,129,-8,-67,57,superiorparietal,6705459,315,315.0
2973,,lh__superiorparietal__41,Left,104,82,146,-14,-44,74,superiorparietal,7336310,158,158.0
2974,,lh__superiorparietal__42,Left,111,58,109,-21,-68,37,superiorparietal,4818287,143,143.0
2975,,lh__superiorparietal__43,Left,122,86,115,-32,-40,43,superiorparietal,3251860,100,100.0
2976,,lh__superiorparietal__44,Left,98,54,129,-8,-72,57,superiorparietal,2810848,237,237.0
2977,,lh__superiorparietal__45,Left,114,64,109,-24,-62,37,superiorparietal,721434,107,107.0
2978,,lh__superiorparietal__46,Left,117,85,123,-27,-41,51,superiorparietal,3542730,67,67.0
2979,,lh__superiorparietal__47,Left,121,70,128,-31,-56,56,superiorparietal,12672670,210,210.0
2980,,lh__superiorparietal__48,Left,121,84,116,-31,-42,44,superiorparietal,14530109,63,63.0
2981,,lh__superiorparietal__49,Left,97,71,137,-7,-55,65,superiorparietal,13958747,68,68.0
2982,,lh__superiorparietal__50,Left,102,57,122,-12,-69,50,superiorparietal,3576265,123,123.0
2983,,lh__superiorparietal__51,Left,124,83,113,-34,-43,41,superiorparietal,2221814,58,58.0
2984,,lh__superiorparietal__52,Left,121,88,124,-31,-38,52,superiorparietal,8971705,111,111.0
2985,,lh__superiorparietal__53,Left,117,56,97,-27,-70,25,superiorparietal,13120405,84,84.0
2986,,lh__superiorparietal__54,Left,110,83,138,-20,-43,66,superiorparietal,139502,196,196.0
2987,,lh__superiorparietal__55,Left,110,73,140,-20,-53,68,superiorparietal,3552019,223,223.0
2988,,lh__superiorparietal__56,Left,117,80,137,-27,-46,65,superiorparietal,996813,253,253.0
2989,,lh__superiorparietal__57,Left,104,38,95,-14,-88,23,superiorparietal,7639251,82,82.0
2990,,lh__superiorparietal__58,Left,123,79,116,-33,-47,44,superiorparietal,1355230,176,176.0
2991,,lh__superiorparietal__59,Left,98,73,138,-8,-53,66,superiorparietal,11836580,116,116.0
2992,,lh__superiorparietal__60,Left,103,53,122,-13,-73,50,superiorparietal,8128843,234,234.0
2993,,lh__superiorparietal__61,Left,115,61,114,-25,-65,42,superiorparietal,616698,193,193.0
2994,,lh__superiorparietal__62,Left,100,44,111,-10,-82,39,superiorparietal,3811482,350,350.0
2995,,lh__superiorparietal__63,Left,101,70,139,-11,-56,67,superiorparietal,16266781,143,143.0
2996,,lh__superiorparietal__64,Left,122,89,112,-32,-37,40,superiorparietal,14755448,54,54.0
2997,,lh__superiorparietal__65,Left,116,71,123,-26,-55,51,superiorparietal,9959899,63,63.0
2998,,lh__superiorparietal__66,Left,111,39,99,-21,-87,27,superiorparietal,227489,176,176.0
2999,,lh__superiorparietal__67,Left,102,78,144,-12,-48,72,superiorparietal,12662818,245,245.0
3000,,lh__superiorparietal__68,Left,124,83,111,-34,-43,39,superiorparietal,16265979,116,116.0
3001,,lh__superiorparietal__69,Left,114,86,127,-24,-40,55,superiorparietal,3279992,84,84.0
3002,,lh__superiorparietal__70,Left,106,61,133,-16,-65,61,superiorparietal,10948577,355,355.0
3003,,lh__superiorparietal__71,Left,93,39,104,-3,-87,32,superiorparietal,11754934,130,130.0
3004,,lh__superiorparietal__72,Left,124,81,107,-34,-45,35,superiorparietal,10544379,81,81.0
3005,,lh__superiorparietal__73,Left,102,62,130,-12,-64,58,superiorparietal,13995247,269,269.0
3006,,lh__superiorparietal__74,Left,118,53,94,-28,-73,22,superiorparietal,15611152,89,89.0
3007,,lh__superiorparietal__75,Left,110,62,111,-20,-64,39,superiorparietal,1378110,104,104.0
3008,,lh__superiorparietal__76,Left,92,39,100,-2,-87,28,superiorparietal,15675653,128,128.0
3009,,lh__superiorparietal__77,Left,119,86,121,-29,-40,49,superiorparietal,5359930,50,50.0
3010,,lh__superiorparietal__78,Left,97,52,122,-7,-74,50,superiorparietal,6195331,224,224.0
3011,,lh__superiorparietal__79,Left,116,75,122,-26,-51,50,superiorparietal,5071900,77,77.0
3012,,lh__superiorparietal__80,Left,115,82,132,-25,-44,60,superiorparietal,1368817,117,117.0
3013,,lh__superiorparietal__81,Left,105,46,119,-15,-80,47,superiorparietal,3684183,305,305.0
3014,,lh__superiorparietal__82,Left,120,71,114,-30,-55,42,superiorparietal,2073859,280,280.0
3015,,lh__superiorparietal__83,Left,94,41,107,-4,-85,35,superiorparietal,8790851,190,190.0
3016,,lh__superiorparietal__84,Left,116,70,126,-26,-56,54,superiorparietal,14975821,85,85.0
3017,,lh__superiorparietal__85,Left,128,77,126,-38,-49,54,superiorparietal,13402285,216,216.0
3018,,lh__superiorparietal__86,Left,97,68,137,-7,-58,65,superiorparietal,1007956,152,152.0
3019,,lh__superiorparietal__87,Left,116,76,116,-26,-50,44,superiorparietal,3775831,71,71.0
3020,,lh__superiorparietal__88,Left,115,47,90,-25,-79,18,superiorparietal,2312568,73,73.0
3021,,lh__superiorparietal__89,Left,114,52,104,-24,-74,32,superiorparietal,11364555,182,182.0
3022,,lh__superiorparietal__90,Left,107,48,110,-17,-78,38,superiorparietal,4963879,190,190.0
3023,,lh__superiorparietal__91,Left,114,70,138,-24,-56,66,superiorparietal,2371632,303,303.0
3024,,lh__superiorparietal__92,Left,97,34,102,-7,-92,30,superiorparietal,11141594,198,198.0
3025,,lh__superiorparietal__93,Left,112,75,135,-22,-51,63,superiorparietal,13055647,170,170.0
3026,,lh__superiorparietal__94,Left,114,63,105,-24,-63,33,superiorparietal,10115586,101,101.0
3027,,lh__superiorparietal__95,Left,119,69,136,-29,-57,64,superiorparietal,1291827,266,266.0
3028,,lh__superiorparietal__96,Left,105,55,127,-15,-71,55,superiorparietal,8946885,257,257.0
3029,,lh__superiorparietal__97,Left,111,44,92,-21,-82,20,superiorparietal,15068541,68,68.0
3030,,lh__superiorparietal__98,Left,126,81,131,-36,-45,59,superiorparietal,6514777,211,211.0
3031,,lh__superiorparietal__99,Left,114,67,127,-24,-59,55,superiorparietal,10283378,54,54.0
3032,,lh__superiorparietal__100,Left,115,61,102,-25,-65,30,superiorparietal,12749524,80,80.0
3033,,lh__superiorparietal__101,Left,122,88,118,-32,-38,46,superiorparietal,16411685,66,66.0
3034,,lh__superiorparietal__102,Left,115,62,119,-25,-64,47,superiorparietal,13108380,318,318.0
3035,,lh__superiorparietal__103,Left,96,33,99,-6,-93,27,superiorparietal,286999,167,167.0
3036,,lh__superiorparietal__104,Left,99,52,126,-9,-74,54,superiorparietal,632604,278,278.0
3037,,lh__superiorparietal__105,Left,110,41,96,-20,-85,24,superiorparietal,1358423,83,83.0
3038,,lh__superiorparietal__106,Left,111,62,133,-21,-64,61,superiorparietal,8771336,147,147.0
3039,,lh__superiorparietal__107,Left,110,81,132,-20,-45,60,superiorparietal,2790531,119,119.0
3040,,lh__superiorparietal__108,Left,106,70,139,-16,-56,67,superiorparietal,2670584,179,179.0
3041,,lh__superiorparietal__109,Left,117,66,132,-27,-60,60,superiorparietal,15722786,228,228.0
3042,,lh__superiorparietal__110,Left,123,83,121,-33,-43,49,superiorparietal,5902677,134,134.0
3043,,lh__superiorparietal__111,Left,111,38,108,-21,-88,36,superiorparietal,15033912,220,220.0
3044,,lh__superiorparietal__112,Left,114,69,124,-24,-57,52,superiorparietal,898399,92,92.0
3045,,lh__superiorparietal__113,Left,116,59,100,-26,-67,28,superiorparietal,8608293,99,99.0
3046,,lh__superiorparietal__114,Left,111,62,124,-21,-64,52,superiorparietal,16508431,50,50.0
3047,,lh__superiorparietal__115,Left,107,66,130,-17,-60,58,superiorparietal,9414169,181,181.0
3048,,lh__superiorparietal__116,Left,116,60,124,-26,-66,52,superiorparietal,14773806,160,160.0
3049,,lh__superiorparietal__117,Left,115,83,128,-25,-43,56,superiorparietal,15179584,45,45.0
3050,,lh__superiorparietal__118,Left,109,62,117,-19,-64,45,superiorparietal,13858385,96,96.0
3051,,lh__superiorparietal__119,Left,121,81,111,-31,-45,39,superiorparietal,10055550,102,102.0
3052,,lh__superiorparietal__120,Left,112,50,119,-22,-76,47,superiorparietal,6335830,305,305.0
3053,,lh__superiorparietal__121,Left,122,83,127,-32,-43,55,superiorparietal,9739410,155,155.0
3054,,lh__superiorparietal__122,Left,117,65,124,-27,-61,52,superiorparietal,2001573,264,264.0
3055,,lh__superiorparietal__123,Left,108,78,136,-18,-48,64,superiorparietal,1234745,168,168.0
3056,,lh__superiorparietal__124,Left,106,60,119,-16,-66,47,superiorparietal,11192415,57,57.0
3057,,lh__superiorparietal__125,Left,120,86,117,-30,-40,45,superiorparietal,12243730,72,72.0
3058,,lh__superiorparietal__126,Left,104,39,101,-14,-87,29,superiorparietal,12858078,88,88.0
3059,,lh__superiorparietal__127,Left,99,49,117,-9,-77,45,superiorparietal,11117551,271,271.0
3060,,lh__superiorparietal__128,Left,123,78,138,-33,-48,66,superiorparietal,1148574,250,250.0
3061,,lh__superiorparietal__129,Left,120,69,123,-30,-57,51,superiorparietal,12215128,130,130.0
3062,,lh__superiorparietal__130,Left,110,58,125,-20,-68,53,superiorparietal,8127007,185,185.0
3063,,lh__superiorparietal__131,Left,106,59,123,-16,-67,51,superiorparietal,8109524,70,70.0
3064,,lh__superiorparietal__132,Left,103,50,114,-13,-76,42,superiorparietal,16640682,268,268.0
3065,,lh__superiorparietal__133,Left,103,67,137,-13,-59,65,superiorparietal,905265,380,380.0
3066,,lh__superiorparietal__134,Left,114,64,125,-24,-62,53,superiorparietal,13554675,135,135.0
3067,,lh__superiorparietal__135,Left,117,83,126,-27,-43,54,superiorparietal,5431188,81,81.0
3068,,lh__superiorparietal__136,Left,117,72,125,-27,-54,53,superiorparietal,653875,62,62.0
3069,,lh__superiorparietal__137,Left,120,66,115,-30,-60,43,superiorparietal,10099502,194,194.0
3070,,lh__superiorparietal__138,Left,112,65,133,-22,-61,61,superiorparietal,9422899,219,219.0
3071,,lh__superiorparietal__139,Left,126,78,134,-36,-48,62,superiorparietal,13579039,219,219.0
3072,,lh__superiorparietal__140,Left,111,65,114,-21,-61,42,superiorparietal,16060475,96,96.0
3073,,lh__superiorparietal__141,Left,111,41,114,-21,-85,42,superiorparietal,13791945,235,235.0
3074,,lh__superiorparietal__142,Left,108,40,92,-18,-86,20,superiorparietal,13565103,130,130.0
3075,,lh__superiorparietal__143,Left,114,78,132,-24,-48,60,superiorparietal,6957921,146,146.0
3076,,lh__superiorparietal__144,Left,109,62,121,-19,-64,49,superiorparietal,7743432,100,100.0
3077,,lh__superiorparietal__145,Left,107,67,134,-17,-59,62,superiorparietal,104560,257,257.0
3078,,lh__superiorparietal__146,Left,118,73,119,-28,-53,47,superiorparietal,6941318,136,136.0
3079,,lh__superiorparietal__147,Left,111,45,118,-21,-81,46,superiorparietal,9710515,198,198.0
3080,,lh__superiorparietal__148,Left,127,82,127,-37,-44,55,superiorparietal,2007743,170,170.0
3081,,lh__superiorparietal__149,Left,126,80,122,-36,-46,50,superiorparietal,9857398,85,85.0
3082,,lh__superiorparietal__150,Left,111,59,132,-21,-67,60,superiorparietal,14143991,184,184.0
3083,,lh__superiorparietal__151,Left,103,73,136,-13,-53,64,superiorparietal,8699884,101,101.0
3084,,lh__superiorparietal__152,Left,107,41,93,-17,-85,21,superiorparietal,2505452,66,66.0
3085,,lh__superiorparietal__153,Left,112,51,113,-22,-75,41,superiorparietal,15840447,264,264.0
3086,,lh__superiorparietal__154,Left,119,61,120,-29,-65,48,superiorparietal,13724901,308,308.0
3087,,lh__superiorparietal__155,Left,110,55,129,-20,-71,57,superiorparietal,11594298,264,264.0
3088,,lh__superiorparietal__156,Left,122,84,124,-32,-42,52,superiorparietal,1700533,79,79.0
3089,,lh__superiorparietal__157,Left,97,34,91,-7,-92,19,superiorparietal,9359637,132,132.0
3090,,lh__superiorparietal__158,Left,93,38,95,-3,-88,23,superiorparietal,344771,126,126.0
3091,,lh__superiorparietal__159,Left,114,63,131,-24,-63,59,superiorparietal,10301734,77,77.0
3092,,lh__superiorparietal__160,Left,107,74,133,-17,-52,61,superiorparietal,6524284,82,82.0
3093,,lh__superiorparietal__161,Left,112,80,129,-22,-46,57,superiorparietal,6126618,52,52.0
3094,,lh__superiorparietal__162,Left,121,79,108,-31,-47,36,superiorparietal,8220284,83,83.0
3095,,lh__superiorparietal__163,Left,105,41,112,-15,-85,40,superiorparietal,3816739,270,270.0
3096,,lh__superiorparietal__164,Left,122,75,123,-32,-51,51,superiorparietal,1692241,154,154.0
3097,,lh__superiorparietal__165,Left,113,43,89,-23,-83,17,superiorparietal,10264858,94,94.0
3098,,lh__superiorparietal__166,Left,122,73,126,-32,-53,54,superiorparietal,4759181,165,165.0
3099,,lh__superiorparietal__167,Left,106,50,121,-16,-76,49,superiorparietal,15129244,520,520.0
3100,,lh__superiorparietal__168,Left,113,62,129,-23,-64,57,superiorparietal,7543202,71,71.0
3101,,lh__superiorparietal__169,Left,121,67,131,-31,-59,59,superiorparietal,3245268,194,194.0
3102,,lh__superiorparietal__170,Left,102,66,131,-12,-60,59,superiorparietal,5915385,161,161.0
3103,,lh__superiorparietal__171,Left,104,56,132,-14,-70,60,superiorparietal,3890198,279,279.0
3104,,lh__superiorparietal__172,Left,119,77,118,-29,-49,46,superiorparietal,4327400,90,90.0
3105,,lh__superiorparietal__173,Left,110,56,121,-20,-70,49,superiorparietal,13143150,255,255.0
3106,,lh__superiorparietal__174,Left,120,81,134,-30,-45,62,superiorparietal,7922692,169,169.0
3107,,lh__superiorparietal__175,Left,123,72,134,-33,-54,62,superiorparietal,15433842,290,290.0
3108,,lh__superiorparietal__176,Left,109,68,137,-19,-58,65,superiorparietal,13650324,348,348.0
3109,,lh__superiorparietal__177,Left,123,81,118,-33,-45,46,superiorparietal,2712335,45,45.0
3110,,lh__superiorparietal__178,Left,120,75,139,-30,-51,67,superiorparietal,13089985,279,279.0
3111,,lh__superiorparietal__179,Left,105,39,97,-15,-87,25,superiorparietal,7576067,91,91.0
3112,,lh__superiorparietal__180,Left,117,78,112,-27,-48,40,superiorparietal,10298151,102,102.0
3113,,lh__superiorparietal__181,Left,112,60,127,-22,-66,55,superiorparietal,6805982,155,155.0
3114,,lh__superiorparietal__182,Left,104,75,138,-14,-51,66,superiorparietal,15964065,123,123.0
3115,,lh__superiorparietal__183,Left,105,75,142,-15,-51,70,superiorparietal,9818670,149,149.0
3116,,lh__superiorparietal__184,Left,113,43,108,-23,-83,36,superiorparietal,5203620,139,139.0
3117,,lh__superiorparietal__185,Left,113,45,104,-23,-81,32,superiorparietal,8183856,139,139.0
3118,,lh__superiorparietal__186,Left,109,81,144,-19,-45,72,superiorparietal,11737627,131,131.0
3119,,lh__superiorparietal__187,Left,108,78,143,-18,-48,71,superiorparietal,6354063,148,148.0
3120,,lh__superiorparietal__188,Left,114,42,103,-24,-84,31,superiorparietal,12598944,111,111.0
3121,,lh__superiorparietal__189,Left,115,42,101,-25,-84,29,superiorparietal,9811939,125,125.0
3122,,lh__superiorparietal__190,Left,113,48,108,-23,-78,36,superiorparietal,14351087,122,122.0
3123,,lh__superiorparietal__191,Left,113,45,113,-23,-81,41,superiorparietal,1249193,152,152.0
3124,,lh__superiorparietal__192,Left,104,38,106,-14,-88,34,superiorparietal,11216440,189,189.0
3125,,lh__superiorparietal__193,Left,105,37,110,-15,-89,38,superiorparietal,2281770,153,153.0
3126,,lh__superiorparietal__194,Left,116,49,98,-26,-77,26,superiorparietal,191817,94,94.0
3127,,lh__superiorparietal__195,Left,115,50,101,-25,-76,29,superiorparietal,627740,112,112.0
3128,,lh__superiorparietal__196,Left,116,45,97,-26,-81,25,superiorparietal,272553,143,143.0
3129,,lh__superiorparietal__197,Left,114,45,94,-24,-81,22,superiorparietal,2324150,70,70.0
3130,,lh__superiorparietal__198,Left,121,81,130,-31,-45,58,superiorparietal,1739150,106,106.0
3131,,lh__superiorparietal__199,Left,118,82,131,-28,-44,59,superiorparietal,14818276,67,67.0
3132,,lh__superiorparietal__200,Left,99,40,104,-9,-86,32,superiorparietal,12324053,90,90.0
3133,,lh__superiorparietal__201,Left,100,38,107,-10,-88,35,superiorparietal,4444271,261,261.0
3134,,lh__superiorparietal__202,Left,111,38,103,-21,-88,31,superiorparietal,3547818,120,120.0
3135,,lh__superiorparietal__203,Left,107,37,102,-17,-89,30,superiorparietal,9493081,103,103.0
3136,,lh__superiortemporal__1,Left,140,114,64,-50,-12,-8,superiortemporal,10260043,86,86.0
3137,,lh__superiortemporal__2,Left,129,130,50,-39,4,-22,superiortemporal,11789880,94,94.0
3138,,lh__superiortemporal__3,Left,148,82,92,-58,-44,20,superiortemporal,10015136,110,110.0
3139,,lh__superiortemporal__4,Left,145,97,73,-55,-29,1,superiortemporal,11689503,68,68.0
3140,,lh__superiortemporal__5,Left,133,120,58,-43,-6,-14,superiortemporal,3130086,81,81.0
3141,,lh__superiortemporal__6,Left,132,108,67,-42,-18,-5,superiortemporal,9566734,59,59.0
3142,,lh__superiortemporal__7,Left,130,88,87,-40,-38,15,superiortemporal,13734734,50,50.0
3143,,lh__superiortemporal__8,Left,138,127,49,-48,1,-23,superiortemporal,7069622,98,98.0
3144,,lh__superiortemporal__9,Left,151,94,86,-61,-32,14,superiortemporal,14523480,127,127.0
3145,,lh__superiortemporal__10,Left,131,103,72,-41,-23,0,superiortemporal,14418307,86,86.0
3146,,lh__superiortemporal__11,Left,132,96,79,-42,-30,7,superiortemporal,14423027,52,52.0
3147,,lh__superiortemporal__12,Left,151,106,81,-61,-20,9,superiortemporal,4540047,169,169.0
3148,,lh__superiortemporal__13,Left,138,130,49,-48,4,-23,superiortemporal,15187428,64,64.0
3149,,lh__superiortemporal__14,Left,133,86,90,-43,-40,18,superiortemporal,14110977,68,68.0
3150,,lh__superiortemporal__15,Left,155,81,87,-65,-45,15,superiortemporal,13012351,123,123.0
3151,,lh__superiortemporal__16,Left,133,116,61,-43,-10,-11,superiortemporal,6051711,79,79.0
3152,,lh__superiortemporal__17,Left,138,110,61,-48,-16,-11,superiortemporal,2651567,88,88.0
3153,,lh__superiortemporal__18,Left,147,111,75,-57,-15,3,superiortemporal,4173428,90,90.0
3154,,lh__superiortemporal__19,Left,144,134,63,-54,8,-9,superiortemporal,5129988,205,205.0
3155,,lh__superiortemporal__20,Left,133,135,52,-43,9,-20,superiortemporal,11674385,149,149.0
3156,,lh__superiortemporal__21,Left,132,143,39,-42,17,-33,superiortemporal,13042588,170,170.0
3157,,lh__superiortemporal__22,Left,125,92,86,-35,-34,14,superiortemporal,16405080,43,43.0
3158,,lh__superiortemporal__23,Left,144,107,76,-54,-19,4,superiortemporal,8647195,58,58.0
3159,,lh__superiortemporal__24,Left,151,85,91,-61,-41,19,superiortemporal,11435284,167,167.0
3160,,lh__superiortemporal__25,Left,132,110,65,-42,-16,-7,superiortemporal,14493893,54,54.0
3161,,lh__superiortemporal__26,Left,139,96,72,-49,-30,0,superiortemporal,2964611,96,96.0
3162,,lh__superiortemporal__27,Left,153,74,93,-63,-52,21,superiortemporal,10514562,76,76.0
3163,,lh__superiortemporal__28,Left,140,118,61,-50,-8,-11,superiortemporal,7577094,70,70.0
3164,,lh__superiortemporal__29,Left,140,89,89,-50,-37,17,superiortemporal,13247387,150,150.0
3165,,lh__superiortemporal__30,Left,138,140,47,-48,14,-25,superiortemporal,10156776,161,161.0
3166,,lh__superiortemporal__31,Left,131,105,70,-41,-21,-2,superiortemporal,14282787,45,45.0
3167,,lh__superiortemporal__32,Left,154,79,88,-64,-47,16,superiortemporal,9253714,121,121.0
3168,,lh__superiortemporal__33,Left,131,129,51,-41,3,-21,superiortemporal,9445073,98,98.0
3169,,lh__superiortemporal__34,Left,130,92,81,-40,-34,9,superiortemporal,3984970,54,54.0
3170,,lh__superiortemporal__35,Left,144,111,68,-54,-15,-4,superiortemporal,1031323,85,85.0
3171,,lh__superiortemporal__36,Left,156,86,85,-66,-40,13,superiortemporal,12267602,151,151.0
3172,,lh__superiortemporal__37,Left,150,97,75,-60,-29,3,superiortemporal,8117462,112,112.0
3173,,lh__superiortemporal__38,Left,150,96,84,-60,-30,12,superiortemporal,6861057,147,147.0
3174,,lh__superiortemporal__39,Left,135,130,56,-45,4,-16,superiortemporal,8897472,125,125.0
3175,,lh__superiortemporal__40,Left,138,107,64,-48,-19,-8,superiortemporal,16709691,98,98.0
3176,,lh__superiortemporal__41,Left,133,118,59,-43,-8,-13,superiortemporal,2719893,81,81.0
3177,,lh__superiortemporal__42,Left,145,84,92,-55,-42,20,superiortemporal,12517693,109,109.0
3178,,lh__superiortemporal__43,Left,135,96,79,-45,-30,7,superiortemporal,2526196,53,53.0
3179,,lh__superiortemporal__44,Left,150,98,83,-60,-28,11,superiortemporal,8553884,171,171.0
3180,,lh__superiortemporal__45,Left,138,112,72,-48,-14,0,superiortemporal,6791855,67,67.0
3181,,lh__superiortemporal__46,Left,137,104,66,-47,-22,-6,superiortemporal,9210461,41,41.0
3182,,lh__superiortemporal__47,Left,128,134,48,-38,8,-24,superiortemporal,556777,141,141.0
3183,,lh__superiortemporal__48,Left,128,93,82,-38,-33,10,superiortemporal,2667932,51,51.0
3184,,lh__superiortemporal__49,Left,155,83,86,-65,-43,14,superiortemporal,14073485,122,122.0
3185,,lh__superiortemporal__50,Left,131,87,88,-41,-39,16,superiortemporal,15378574,53,53.0
3186,,lh__superiortemporal__51,Left,134,108,69,-44,-18,-3,superiortemporal,12339639,77,77.0
3187,,lh__superiortemporal__52,Left,132,127,52,-42,1,-20,superiortemporal,6649558,89,89.0
3188,,lh__superiortemporal__53,Left,155,100,83,-65,-26,11,superiortemporal,10440522,153,153.0
3189,,lh__superiortemporal__54,Left,148,116,76,-58,-10,4,superiortemporal,12036063,100,100.0
3190,,lh__superiortemporal__55,Left,130,143,48,-40,17,-24,superiortemporal,1776209,306,306.0
3191,,lh__superiortemporal__56,Left,137,101,66,-47,-25,-6,superiortemporal,13198020,58,58.0
3192,,lh__superiortemporal__57,Left,132,113,62,-42,-13,-10,superiortemporal,12991672,60,60.0
3193,,lh__superiortemporal__58,Left,154,75,89,-64,-51,17,superiortemporal,16267925,117,117.0
3194,,lh__superiortemporal__59,Left,135,131,54,-45,5,-18,superiortemporal,13846881,124,124.0
3195,,lh__superiortemporal__60,Left,148,113,76,-58,-13,4,superiortemporal,3334999,85,85.0
3196,,lh__superiortemporal__61,Left,140,86,92,-50,-40,20,superiortemporal,7461048,132,132.0
3197,,lh__superiortemporal__62,Left,126,90,85,-36,-36,13,superiortemporal,6902003,43,43.0
3198,,lh__superiortemporal__63,Left,145,104,69,-55,-22,-3,superiortemporal,2431136,117,117.0
3199,,lh__superiortemporal__64,Left,147,124,72,-57,-2,0,superiortemporal,15863562,178,178.0
3200,,lh__superiortemporal__65,Left,138,123,51,-48,-3,-21,superiortemporal,16270674,49,49.0
3201,,lh__superiortemporal__66,Left,127,89,86,-37,-37,14,superiortemporal,8355419,39,39.0
3202,,lh__superiortemporal__67,Left,145,105,79,-55,-21,7,superiortemporal,13039760,98,98.0
3203,,lh__superiortemporal__68,Left,133,123,56,-43,-3,-16,superiortemporal,4381825,90,90.0
3204,,lh__superiortemporal__69,Left,137,132,47,-47,6,-25,superiortemporal,5318585,69,69.0
3205,,lh__superiortemporal__70,Left,143,123,63,-53,-3,-9,superiortemporal,3939760,111,111.0
3206,,lh__superiortemporal__71,Left,156,93,81,-66,-33,9,superiortemporal,2432140,188,188.0
3207,,lh__superiortemporal__72,Left,125,136,43,-35,10,-29,superiortemporal,11240279,107,107.0
3208,,lh__superiortemporal__73,Left,146,90,88,-56,-36,16,superiortemporal,3515810,162,162.0
3209,,lh__superiortemporal__74,Left,135,108,71,-45,-18,-1,superiortemporal,11473147,54,54.0
3210,,lh__superiortemporal__75,Left,137,99,68,-47,-27,-4,superiortemporal,6116176,44,44.0
3211,,lh__superiortemporal__76,Left,138,121,54,-48,-5,-18,superiortemporal,1318751,114,114.0
3212,,lh__superiortemporal__77,Left,157,91,83,-67,-35,11,superiortemporal,15878348,139,139.0
3213,,lh__superiortemporal__78,Left,136,114,67,-46,-12,-5,superiortemporal,15357065,93,93.0
3214,,lh__superiortemporal__79,Left,149,108,79,-59,-18,7,superiortemporal,14323745,131,131.0
3215,,lh__superiortemporal__80,Left,132,124,55,-42,-2,-17,superiortemporal,9166201,90,90.0
3216,,lh__superiortemporal__81,Left,152,105,71,-62,-21,-1,superiortemporal,7791211,154,154.0
3217,,lh__superiortemporal__82,Left,153,79,93,-63,-47,21,superiortemporal,10589404,98,98.0
3218,,lh__superiortemporal__83,Left,138,96,81,-48,-30,9,superiortemporal,8072149,94,94.0
3219,,lh__superiortemporal__84,Left,133,139,42,-43,13,-30,superiortemporal,12542637,110,110.0
3220,,lh__superiortemporal__85,Left,141,118,73,-51,-8,1,superiortemporal,15646674,132,132.0
3221,,lh__superiortemporal__86,Left,152,87,90,-62,-39,18,superiortemporal,4309196,130,130.0
3222,,lh__superiortemporal__87,Left,135,99,78,-45,-27,6,superiortemporal,2319458,45,45.0
3223,,lh__superiortemporal__88,Left,148,124,66,-58,-2,-6,superiortemporal,4153430,196,196.0
3224,,lh__superiortemporal__89,Left,155,97,76,-65,-29,4,superiortemporal,5476306,124,124.0
3225,,lh__superiortemporal__90,Left,136,143,44,-46,17,-28,superiortemporal,9651518,187,187.0
3226,,lh__superiortemporal__91,Left,143,95,74,-53,-31,2,superiortemporal,12375440,66,66.0
3227,,lh__superiortemporal__92,Left,149,107,69,-59,-19,-3,superiortemporal,5792483,134,134.0
3228,,lh__superiortemporal__93,Left,128,140,45,-38,14,-27,superiortemporal,4205435,209,209.0
3229,,lh__superiortemporal__94,Left,139,91,85,-49,-35,13,superiortemporal,12900342,80,80.0
3230,,lh__superiortemporal__95,Left,152,118,72,-62,-8,0,superiortemporal,4000825,135,135.0
3231,,lh__superiortemporal__96,Left,156,103,78,-66,-23,6,superiortemporal,14545491,182,182.0
3232,,lh__superiortemporal__97,Left,153,82,91,-63,-44,19,superiortemporal,4743261,132,132.0
3233,,lh__superiortemporal__98,Left,138,120,69,-48,-6,-3,superiortemporal,384376,144,144.0
3234,,lh__superiortemporal__99,Left,138,117,56,-48,-9,-16,superiortemporal,6264277,52,52.0
3235,,lh__superiortemporal__100,Left,136,112,69,-46,-14,-3,superiortemporal,12411210,92,92.0
3236,,lh__superiortemporal__101,Left,156,89,85,-66,-37,13,superiortemporal,14875623,141,141.0
3237,,lh__superiortemporal__102,Left,145,93,84,-55,-33,12,superiortemporal,9901769,141,141.0
3238,,lh__superiortemporal__103,Left,157,96,79,-67,-30,7,superiortemporal,6817571,173,173.0
3239,,lh__superiortemporal__104,Left,144,136,60,-54,10,-12,superiortemporal,246866,259,259.0
3240,,lh__superiortemporal__105,Left,126,142,42,-36,16,-30,superiortemporal,4171478,148,148.0
3241,,lh__superiortemporal__106,Left,149,120,67,-59,-6,-5,superiortemporal,14418571,224,224.0
3242,,lh__superiortemporal__107,Left,146,109,75,-56,-17,3,superiortemporal,11960226,85,85.0
3243,,lh__superiortemporal__108,Left,147,100,73,-57,-26,1,superiortemporal,6305429,114,114.0
3244,,lh__superiortemporal__109,Left,155,101,80,-65,-25,8,superiortemporal,8447418,196,196.0
3245,,lh__superiortemporal__110,Left,126,134,47,-36,8,-25,superiortemporal,12706266,127,127.0
3246,,lh__superiortemporal__111,Left,141,116,64,-51,-10,-8,superiortemporal,10835005,89,89.0
3247,,lh__superiortemporal__112,Left,134,93,82,-44,-33,10,superiortemporal,10139146,71,71.0
3248,,lh__superiortemporal__113,Left,152,90,88,-62,-36,16,superiortemporal,97429,146,146.0
3249,,lh__superiortemporal__114,Left,136,128,59,-46,2,-13,superiortemporal,14541577,151,151.0
3250,,lh__superiortemporal__115,Left,153,113,75,-63,-13,3,superiortemporal,6981760,153,153.0
3251,,lh__superiortemporal__116,Left,136,135,46,-46,9,-26,superiortemporal,16666587,64,64.0
3252,,lh__superiortemporal__117,Left,138,99,78,-48,-27,6,superiortemporal,5052263,58,58.0
3253,,lh__superiortemporal__118,Left,139,118,71,-49,-8,-1,superiortemporal,13543517,138,138.0
3254,,lh__superiortemporal__119,Left,147,119,75,-57,-7,3,superiortemporal,8049581,143,143.0
3255,,lh__superiortemporal__120,Left,144,107,68,-54,-19,-4,superiortemporal,1759710,81,81.0
3256,,lh__superiortemporal__121,Left,140,123,59,-50,-3,-13,superiortemporal,15482653,78,78.0
3257,,lh__superiortemporal__122,Left,137,143,52,-47,17,-20,superiortemporal,8933176,240,240.0
3258,,lh__superiortemporal__123,Left,138,93,83,-48,-33,11,superiortemporal,14485811,106,106.0
3259,,lh__superiortemporal__124,Left,138,115,58,-48,-11,-14,superiortemporal,16686669,51,51.0
3260,,lh__superiortemporal__125,Left,136,119,64,-46,-7,-8,superiortemporal,4096818,128,128.0
3261,,lh__superiortemporal__126,Left,138,102,77,-48,-24,5,superiortemporal,13317544,55,55.0
3262,,lh__superiortemporal__127,Left,142,99,81,-52,-27,9,superiortemporal,15436495,122,122.0
3263,,lh__superiortemporal__128,Left,139,111,65,-49,-15,-7,superiortemporal,8761680,80,80.0
3264,,lh__superiortemporal__129,Left,132,146,43,-42,20,-29,superiortemporal,13111376,197,197.0
3265,,lh__superiortemporal__130,Left,148,128,66,-58,2,-6,superiortemporal,13967250,195,195.0
3266,,lh__superiortemporal__131,Left,141,130,54,-51,4,-18,superiortemporal,14998088,109,109.0
3267,,lh__superiortemporal__132,Left,146,87,90,-56,-39,18,superiortemporal,16454373,174,174.0
3268,,lh__superiortemporal__133,Left,138,137,61,-48,11,-11,superiortemporal,6225309,219,219.0
3269,,lh__superiortemporal__134,Left,141,90,86,-51,-36,14,superiortemporal,8290109,121,121.0
3270,,lh__superiortemporal__135,Left,141,101,69,-51,-25,-3,superiortemporal,9357700,80,80.0
3271,,lh__superiortemporal__136,Left,129,147,41,-39,21,-31,superiortemporal,5847338,223,223.0
3272,,lh__superiortemporal__137,Left,143,96,83,-53,-30,11,superiortemporal,7248665,121,121.0
3273,,lh__superiortemporal__138,Left,141,141,54,-51,15,-18,superiortemporal,14981096,208,208.0
3274,,lh__superiortemporal__139,Left,151,111,77,-61,-15,5,superiortemporal,7640711,137,137.0
3275,,lh__superiortemporal__140,Left,148,104,81,-58,-22,9,superiortemporal,10846443,174,174.0
3276,,lh__superiortemporal__141,Left,140,104,67,-50,-22,-5,superiortemporal,4253188,66,66.0
3277,,lh__superiortemporal__142,Left,151,73,90,-61,-53,18,superiortemporal,12879805,81,81.0
3278,,lh__superiortemporal__143,Left,139,120,59,-49,-6,-13,superiortemporal,1503153,82,82.0
3279,,lh__superiortemporal__144,Left,134,143,50,-44,17,-22,superiortemporal,5402956,288,288.0
3280,,lh__superiortemporal__145,Left,140,124,56,-50,-2,-16,superiortemporal,3689105,70,70.0
3281,,lh__superiortemporal__146,Left,144,119,64,-54,-7,-8,superiortemporal,8198811,133,133.0
3282,,lh__superiortemporal__147,Left,136,88,87,-46,-38,15,superiortemporal,4703444,94,94.0
3283,,lh__superiortemporal__148,Left,150,119,69,-60,-7,-3,superiortemporal,11633547,159,159.0
3284,,lh__superiortemporal__149,Left,141,128,67,-51,2,-5,superiortemporal,7855053,196,196.0
3285,,lh__superiortemporal__150,Left,147,101,81,-57,-25,9,superiortemporal,15356269,147,147.0
3286,,lh__superiortemporal__151,Left,134,90,84,-44,-36,12,superiortemporal,3248472,89,89.0
3287,,lh__superiortemporal__152,Left,143,137,57,-53,11,-15,superiortemporal,11914545,194,194.0
3288,,lh__superiortemporal__153,Left,138,113,60,-48,-13,-12,superiortemporal,16212477,51,51.0
3289,,lh__superiortemporal__154,Left,153,99,74,-63,-27,2,superiortemporal,7016585,115,115.0
3290,,lh__superiortemporal__155,Left,156,105,76,-66,-21,4,superiortemporal,16195832,181,181.0
3291,,lh__superiortemporal__156,Left,147,109,68,-57,-17,-4,superiortemporal,8445668,102,102.0
3292,,lh__superiortemporal__157,Left,140,124,68,-50,-2,-4,superiortemporal,14460301,198,198.0
3293,,lh__superiortemporal__158,Left,136,87,91,-46,-39,19,superiortemporal,10335023,129,129.0
3294,,lh__superiortemporal__159,Left,136,125,61,-46,-1,-11,superiortemporal,2894233,140,140.0
3295,,lh__superiortemporal__160,Left,140,108,67,-50,-18,-5,superiortemporal,15161669,60,60.0
3296,,lh__superiortemporal__161,Left,135,137,44,-45,11,-28,superiortemporal,1994783,90,90.0
3297,,lh__superiortemporal__162,Left,153,116,72,-63,-10,0,superiortemporal,864184,143,143.0
3298,,lh__superiortemporal__163,Left,155,108,76,-65,-18,4,superiortemporal,7660162,158,158.0
3299,,lh__superiortemporal__164,Left,131,136,50,-41,10,-22,superiortemporal,764914,169,169.0
3300,,lh__superiortemporal__165,Left,149,115,68,-59,-11,-4,superiortemporal,12497144,134,134.0
3301,,lh__superiortemporal__166,Left,155,110,72,-65,-16,0,superiortemporal,12223164,163,163.0
3302,,lh__superiortemporal__167,Left,145,126,70,-55,0,-2,superiortemporal,13566970,164,164.0
3303,,lh__superiortemporal__168,Left,137,123,63,-47,-3,-9,superiortemporal,12467785,144,144.0
3304,,lh__superiortemporal__169,Left,141,131,52,-51,5,-20,superiortemporal,12964965,103,103.0
3305,,lh__superiortemporal__170,Left,139,126,53,-49,0,-19,superiortemporal,15735792,69,69.0
3306,,lh__superiortemporal__171,Left,150,112,67,-60,-14,-5,superiortemporal,6609885,134,134.0
3307,,lh__superiortemporal__172,Left,147,102,71,-57,-24,-1,superiortemporal,1781910,113,113.0
3308,,lh__superiortemporal__173,Left,149,92,86,-59,-34,14,superiortemporal,15570303,157,157.0
3309,,lh__superiortemporal__174,Left,144,113,67,-54,-13,-5,superiortemporal,7425060,96,96.0
3310,,lh__superiortemporal__175,Left,148,122,74,-58,-4,2,superiortemporal,7324150,174,174.0
3311,,lh__superiortemporal__176,Left,145,116,66,-55,-10,-6,superiortemporal,3651692,110,110.0
3312,,lh__superiortemporal__177,Left,143,102,78,-53,-24,6,superiortemporal,10968903,73,73.0
3313,,lh__superiortemporal__178,Left,141,99,71,-51,-27,-1,superiortemporal,15433481,82,82.0
3314,,lh__superiortemporal__179,Left,141,104,76,-51,-22,4,superiortemporal,14504894,68,68.0
3315,,lh__superiortemporal__180,Left,152,102,73,-62,-24,1,superiortemporal,15087001,114,114.0
3316,,lh__superiortemporal__181,Left,135,115,65,-45,-11,-7,superiortemporal,7377207,97,97.0
3317,,lh__superiortemporal__182,Left,153,111,69,-63,-15,-3,superiortemporal,13124901,128,128.0
3318,,lh__superiortemporal__183,Left,131,90,83,-41,-36,11,superiortemporal,2266074,61,61.0
3319,,lh__superiortemporal__184,Left,138,131,63,-48,5,-9,superiortemporal,3833614,138,138.0
3320,,lh__superiortemporal__185,Left,139,134,63,-49,8,-9,superiortemporal,14409532,133,133.0
3321,,lh__superiortemporal__186,Left,139,135,49,-49,9,-23,superiortemporal,14302836,52,52.0
3322,,lh__superiortemporal__187,Left,139,138,49,-49,12,-23,superiortemporal,13274221,62,62.0
3323,,lh__superiortemporal__188,Left,142,135,52,-52,9,-20,superiortemporal,11295727,75,75.0
3324,,lh__superiortemporal__189,Left,139,134,50,-49,8,-22,superiortemporal,5317923,44,44.0
3325,,lh__superiortemporal__190,Left,137,138,58,-47,12,-14,superiortemporal,1658989,184,184.0
3326,,lh__superiortemporal__191,Left,141,140,57,-51,14,-15,superiortemporal,1934816,101,101.0
3327,,lh__superiortemporal__192,Left,142,126,60,-52,0,-12,superiortemporal,3853905,62,62.0
3328,,lh__superiortemporal__193,Left,145,129,61,-55,3,-11,superiortemporal,12281234,110,110.0
3329,,lh__superiortemporal__194,Left,140,130,65,-50,4,-7,superiortemporal,13305594,150,150.0
3330,,lh__superiortemporal__195,Left,145,133,66,-55,7,-6,superiortemporal,1743983,153,153.0
3331,,lh__superiortemporal__196,Left,144,125,62,-54,-1,-10,superiortemporal,7226994,75,75.0
3332,,lh__superiortemporal__197,Left,148,129,64,-58,3,-8,superiortemporal,14885443,130,130.0
3333,,lh__superiortemporal__198,Left,141,128,57,-51,2,-15,superiortemporal,11040179,55,55.0
3334,,lh__superiortemporal__199,Left,143,129,57,-53,3,-15,superiortemporal,3038404,75,75.0
3335,,lh__superiortemporal__200,Left,135,139,55,-45,13,-17,superiortemporal,4876231,243,243.0
3336,,lh__supramarginal__1,Left,134,91,110,-44,-35,38,supramarginal,1603885,144,144.0
3337,,lh__supramarginal__2,Left,128,94,92,-38,-32,20,supramarginal,7601118,77,77.0
3338,,lh__supramarginal__3,Left,148,88,102,-58,-38,30,supramarginal,5897139,142,142.0
3339,,lh__supramarginal__4,Left,145,99,89,-55,-27,17,supramarginal,13799572,123,123.0
3340,,lh__supramarginal__5,Left,141,72,94,-51,-54,22,supramarginal,12952200,125,125.0
3341,,lh__supramarginal__6,Left,147,105,90,-57,-21,18,supramarginal,10984008,150,150.0
3342,,lh__supramarginal__7,Left,130,76,114,-40,-50,42,supramarginal,5909249,116,116.0
3343,,lh__supramarginal__8,Left,128,88,91,-38,-38,19,supramarginal,11569372,64,64.0
3344,,lh__supramarginal__9,Left,148,69,100,-58,-57,28,supramarginal,15677308,155,155.0
3345,,lh__supramarginal__10,Left,136,86,115,-46,-40,43,supramarginal,6375018,172,172.0
3346,,lh__supramarginal__11,Left,152,81,110,-62,-45,38,supramarginal,9804437,257,257.0
3347,,lh__supramarginal__12,Left,132,87,114,-42,-39,42,supramarginal,10861836,293,293.0
3348,,lh__supramarginal__13,Left,152,99,113,-62,-27,41,supramarginal,16344949,151,151.0
3349,,lh__supramarginal__14,Left,145,75,91,-55,-51,19,supramarginal,1485633,99,99.0
3350,,lh__supramarginal__15,Left,151,78,94,-61,-48,22,supramarginal,14900838,109,109.0
3351,,lh__supramarginal__16,Left,140,71,97,-50,-55,25,supramarginal,4066585,116,116.0
3352,,lh__supramarginal__17,Left,143,105,107,-53,-21,35,supramarginal,15577578,93,93.0
3353,,lh__supramarginal__18,Left,133,74,119,-43,-52,47,supramarginal,4059797,137,137.0
3354,,lh__supramarginal__19,Left,150,106,96,-60,-20,24,supramarginal,5159109,70,70.0
3355,,lh__supramarginal__20,Left,134,104,93,-44,-22,21,supramarginal,4998642,83,83.0
3356,,lh__supramarginal__21,Left,138,105,93,-48,-21,21,supramarginal,6399071,63,63.0
3357,,lh__supramarginal__22,Left,127,84,118,-37,-42,46,supramarginal,1561504,131,131.0
3358,,lh__supramarginal__23,Left,152,72,94,-62,-54,22,supramarginal,7015677,132,132.0
3359,,lh__supramarginal__24,Left,149,97,117,-59,-29,45,supramarginal,5198430,200,200.0
3360,,lh__supramarginal__25,Left,130,102,92,-40,-24,20,supramarginal,4144323,78,78.0
3361,,lh__supramarginal__26,Left,147,87,99,-57,-39,27,supramarginal,6791458,117,117.0
3362,,lh__supramarginal__27,Left,142,74,93,-52,-52,21,supramarginal,968098,149,149.0
3363,,lh__supramarginal__28,Left,146,106,101,-56,-20,29,supramarginal,16146159,114,114.0
3364,,lh__supramarginal__29,Left,130,74,117,-40,-52,45,supramarginal,530426,121,121.0
3365,,lh__supramarginal__30,Left,135,94,114,-45,-32,42,supramarginal,14001237,224,224.0
3366,,lh__supramarginal__31,Left,133,87,95,-43,-39,23,supramarginal,15918751,84,84.0
3367,,lh__supramarginal__32,Left,143,81,121,-53,-45,49,supramarginal,13445166,357,357.0
3368,,lh__supramarginal__33,Left,154,103,106,-64,-23,34,supramarginal,3660323,262,262.0
3369,,lh__supramarginal__34,Left,146,92,121,-56,-34,49,supramarginal,3512658,262,262.0
3370,,lh__supramarginal__35,Left,151,106,92,-61,-20,20,supramarginal,7096007,51,51.0
3371,,lh__supramarginal__36,Left,155,101,99,-65,-25,27,supramarginal,1084897,297,297.0
3372,,lh__supramarginal__37,Left,135,84,96,-45,-42,24,supramarginal,7407864,92,92.0
3373,,lh__supramarginal__38,Left,135,74,124,-45,-52,52,supramarginal,9453271,143,143.0
3374,,lh__supramarginal__39,Left,146,107,99,-56,-19,27,supramarginal,4240015,75,75.0
3375,,lh__supramarginal__40,Left,144,82,101,-54,-44,29,supramarginal,16288611,127,127.0
3376,,lh__supramarginal__41,Left,127,92,109,-37,-34,37,supramarginal,9857484,70,70.0
3377,,lh__supramarginal__42,Left,142,96,110,-52,-30,38,supramarginal,12483445,119,119.0
3378,,lh__supramarginal__43,Left,152,84,104,-62,-42,32,supramarginal,9256114,306,306.0
3379,,lh__supramarginal__44,Left,126,90,110,-36,-36,38,supramarginal,10229899,109,109.0
3380,,lh__supramarginal__45,Left,140,97,89,-50,-29,17,supramarginal,9954441,143,143.0
3381,,lh__supramarginal__46,Left,140,83,95,-50,-43,23,supramarginal,13413801,130,130.0
3382,,lh__supramarginal__47,Left,125,92,91,-35,-34,19,supramarginal,5740240,69,69.0
3383,,lh__supramarginal__48,Left,138,95,111,-48,-31,39,supramarginal,8705657,174,174.0
3384,,lh__supramarginal__49,Left,145,73,105,-55,-53,33,supramarginal,15965643,259,259.0
3385,,lh__supramarginal__50,Left,128,100,93,-38,-26,21,supramarginal,389277,76,76.0
3386,,lh__supramarginal__51,Left,142,103,107,-52,-23,35,supramarginal,397000,92,92.0
3387,,lh__supramarginal__52,Left,149,80,98,-59,-46,26,supramarginal,10349354,79,79.0
3388,,lh__supramarginal__53,Left,140,74,120,-50,-52,48,supramarginal,9018154,354,354.0
3389,,lh__supramarginal__54,Left,151,77,97,-61,-49,25,supramarginal,14150621,154,154.0
3390,,lh__supramarginal__55,Left,145,98,111,-55,-28,39,supramarginal,10546157,163,163.0
3391,,lh__supramarginal__56,Left,139,100,87,-49,-26,15,supramarginal,8960444,123,123.0
3392,,lh__supramarginal__57,Left,140,78,120,-50,-48,48,supramarginal,16530564,302,302.0
3393,,lh__supramarginal__58,Left,148,72,92,-58,-54,20,supramarginal,1497709,122,122.0
3394,,lh__supramarginal__59,Left,135,99,89,-45,-27,17,supramarginal,4988301,122,122.0
3395,,lh__supramarginal__60,Left,145,89,98,-55,-37,26,supramarginal,4434005,154,154.0
3396,,lh__supramarginal__61,Left,147,68,106,-57,-58,34,supramarginal,14708896,142,142.0
3397,,lh__supramarginal__62,Left,136,99,107,-46,-27,35,supramarginal,2176953,54,54.0
3398,,lh__supramarginal__63,Left,148,82,117,-58,-44,45,supramarginal,15281394,322,322.0
3399,,lh__supramarginal__64,Left,148,89,113,-58,-37,41,supramarginal,7821612,257,257.0
3400,,lh__supramarginal__65,Left,147,108,107,-57,-18,35,supramarginal,12951680,181,181.0
3401,,lh__supramarginal__66,Left,144,73,109,-54,-53,37,supramarginal,3492920,258,258.0
3402,,lh__supramarginal__67,Left,139,99,107,-49,-27,35,supramarginal,10066727,92,92.0
3403,,lh__supramarginal__68,Left,152,101,90,-62,-25,18,supramarginal,8056617,130,130.0
3404,,lh__supramarginal__69,Left,134,80,120,-44,-46,48,supramarginal,3584196,219,219.0
3405,,lh__supramarginal__70,Left,131,83,120,-41,-43,48,supramarginal,9960883,223,223.0
3406,,lh__supramarginal__71,Left,141,101,107,-51,-25,35,supramarginal,13460500,96,96.0
3407,,lh__supramarginal__72,Left,150,70,97,-60,-56,25,supramarginal,6711190,154,154.0
3408,,lh__supramarginal__73,Left,151,104,92,-61,-22,20,supramarginal,10108807,180,180.0
3409,,lh__supramarginal__74,Left,143,86,124,-53,-40,52,supramarginal,5540729,273,273.0
3410,,lh__supramarginal__75,Left,130,89,94,-40,-37,22,supramarginal,9346414,86,86.0
3411,,lh__supramarginal__76,Left,131,90,109,-41,-36,37,supramarginal,4574081,186,186.0
3412,,lh__supramarginal__77,Left,147,87,120,-57,-39,48,supramarginal,6950532,274,274.0
3413,,lh__supramarginal__78,Left,145,79,97,-55,-47,25,supramarginal,11656507,115,115.0
3414,,lh__supramarginal__79,Left,138,102,91,-48,-24,19,supramarginal,11738527,140,140.0
3415,,lh__supramarginal__80,Left,146,68,97,-56,-58,25,supramarginal,12156962,149,149.0
3416,,lh__supramarginal__81,Left,132,80,114,-42,-46,42,supramarginal,3610926,133,133.0
3417,,lh__supramarginal__82,Left,145,97,91,-55,-29,19,supramarginal,15885493,165,165.0
3418,,lh__supramarginal__83,Left,154,96,101,-64,-30,29,supramarginal,2868017,346,346.0
3419,,lh__supramarginal__84,Left,141,76,114,-51,-50,42,supramarginal,9953897,303,303.0
3420,,lh__supramarginal__85,Left,133,97,108,-43,-29,36,supramarginal,4003987,65,65.0
3421,,lh__supramarginal__86,Left,141,82,99,-51,-44,27,supramarginal,2640876,117,117.0
3422,,lh__supramarginal__87,Left,137,80,125,-47,-46,53,supramarginal,2152736,181,181.0
3423,,lh__supramarginal__88,Left,131,98,93,-41,-28,21,supramarginal,566822,103,103.0
3424,,lh__supramarginal__89,Left,152,100,108,-62,-26,36,supramarginal,14297203,200,200.0
3425,,lh__supramarginal__90,Left,151,94,111,-61,-32,39,supramarginal,14556305,301,301.0
3426,,lh__supramarginal__91,Left,153,78,101,-63,-48,29,supramarginal,5988832,141,141.0
3427,,lh__supramarginal__92,Left,147,74,102,-57,-52,30,supramarginal,10962404,227,227.0
3428,,lh__supramarginal__93,Left,142,103,90,-52,-23,18,supramarginal,11266063,169,169.0
3429,,lh__supramarginal__94,Left,140,93,118,-50,-33,46,supramarginal,10231892,222,222.0
3430,,lh__supramarginal__95,Left,140,85,102,-50,-41,30,supramarginal,125416,89,89.0
3431,,lh__supramarginal__96,Left,126,90,90,-36,-36,18,supramarginal,3491121,53,53.0
3432,,lh__supramarginal__97,Left,135,84,122,-45,-42,50,supramarginal,6423689,168,168.0
3433,,lh__supramarginal__98,Left,128,81,108,-38,-45,36,supramarginal,14904770,96,96.0
3434,,lh__supramarginal__99,Left,146,70,94,-56,-56,22,supramarginal,4881629,166,166.0
3435,,lh__supramarginal__100,Left,149,104,110,-59,-22,38,supramarginal,9443701,214,214.0
3436,,lh__supramarginal__101,Left,133,101,93,-43,-25,21,supramarginal,11580338,107,107.0
3437,,lh__supramarginal__102,Left,148,101,112,-58,-25,40,supramarginal,3289786,170,170.0
3438,,lh__supramarginal__103,Left,147,103,96,-57,-23,24,supramarginal,1406572,130,130.0
3439,,lh__supramarginal__104,Left,148,76,106,-58,-50,34,supramarginal,3805759,186,186.0
3440,,lh__supramarginal__105,Left,142,78,108,-52,-48,36,supramarginal,6822150,148,148.0
3441,,lh__supramarginal__106,Left,143,96,117,-53,-30,45,supramarginal,15436612,255,255.0
3442,,lh__supramarginal__107,Left,152,102,96,-62,-24,24,supramarginal,5288617,219,219.0
3443,,lh__supramarginal__108,Left,152,76,99,-62,-50,27,supramarginal,15034486,156,156.0
3444,,lh__supramarginal__109,Left,152,98,91,-62,-28,19,supramarginal,7073871,150,150.0
3445,,lh__supramarginal__110,Left,142,90,121,-52,-36,49,supramarginal,16546765,213,213.0
3446,,lh__supramarginal__111,Left,153,80,103,-63,-46,31,supramarginal,4780284,207,207.0
3447,,lh__supramarginal__112,Left,146,85,100,-56,-41,28,supramarginal,12604715,133,133.0
3448,,lh__supramarginal__113,Left,142,88,101,-52,-38,29,supramarginal,781145,83,83.0
3449,,lh__supramarginal__114,Left,154,96,95,-64,-30,23,supramarginal,9741259,212,212.0
3450,,lh__supramarginal__115,Left,139,87,119,-49,-39,47,supramarginal,7233886,196,196.0
3451,,lh__supramarginal__116,Left,131,95,109,-41,-31,37,supramarginal,13561745,87,87.0
3452,,lh__supramarginal__117,Left,129,92,90,-39,-34,18,supramarginal,10483112,89,89.0
3453,,lh__supramarginal__118,Left,151,86,112,-61,-40,40,supramarginal,16662695,355,355.0
3454,,lh__supramarginal__119,Left,147,90,104,-57,-36,32,supramarginal,14545678,172,172.0
3455,,lh__supramarginal__120,Left,148,91,109,-58,-35,37,supramarginal,10320968,202,202.0
3456,,lh__supramarginal__121,Left,145,107,94,-55,-19,22,supramarginal,8756543,55,55.0
3457,,lh__supramarginal__122,Left,149,82,100,-59,-44,28,supramarginal,4657480,215,215.0
3458,,lh__supramarginal__123,Left,150,104,102,-60,-22,30,supramarginal,1539664,391,391.0
3459,,lh__supramarginal__124,Left,149,94,117,-59,-32,45,supramarginal,5147749,224,224.0
3460,,lh__supramarginal__125,Left,132,96,90,-42,-30,18,supramarginal,16492241,105,105.0
3461,,lh__supramarginal__126,Left,127,87,114,-37,-39,42,supramarginal,8019040,262,262.0
3462,,lh__supramarginal__127,Left,150,86,101,-60,-40,29,supramarginal,1998682,221,221.0
3463,,lh__supramarginal__128,Left,135,95,89,-45,-31,17,supramarginal,10827760,146,146.0
3464,,lh__supramarginal__129,Left,138,84,123,-48,-42,51,supramarginal,6604296,211,211.0
3465,,lh__supramarginal__130,Left,136,77,126,-46,-49,54,supramarginal,5940723,186,186.0
3466,,lh__supramarginal__131,Left,151,87,106,-61,-39,34,supramarginal,6164182,385,385.0
3467,,lh__supramarginal__132,Left,149,92,101,-59,-34,29,supramarginal,2560849,265,265.0
3468,,lh__supramarginal__133,Left,133,92,92,-43,-34,20,supramarginal,14321662,136,136.0
3469,,lh__supramarginal__134,Left,129,82,114,-39,-44,42,supramarginal,12196627,293,293.0
3470,,lh__supramarginal__135,Left,142,106,94,-52,-20,22,supramarginal,10461819,64,64.0
3471,,lh__supramarginal__136,Left,134,77,118,-44,-49,46,supramarginal,16404398,111,111.0
3472,,lh__supramarginal__137,Left,143,80,114,-53,-46,42,supramarginal,8638198,301,301.0
3473,,lh__supramarginal__138,Left,138,89,114,-48,-37,42,supramarginal,1708407,170,170.0
3474,,lh__supramarginal__139,Left,147,67,103,-57,-59,31,supramarginal,4739439,135,135.0
3475,,lh__supramarginal__140,Left,148,78,110,-58,-48,38,supramarginal,15838765,320,320.0
3476,,lh__supramarginal__141,Left,151,95,106,-61,-31,34,supramarginal,1725286,379,379.0
3477,,lh__supramarginal__142,Left,148,106,107,-58,-20,35,supramarginal,8171794,186,186.0
3478,,lh__supramarginal__143,Left,146,102,87,-56,-24,15,supramarginal,1528714,141,141.0
3479,,lh__supramarginal__144,Left,126,96,94,-36,-30,22,supramarginal,4962980,67,67.0
3480,,lh__supramarginal__145,Left,143,93,96,-53,-33,24,supramarginal,14523139,95,95.0
3481,,lh__supramarginal__146,Left,142,90,97,-52,-36,25,supramarginal,7091640,179,179.0
3482,,lh__supramarginal__147,Left,138,95,92,-48,-31,20,supramarginal,8237674,94,94.0
3483,,lh__supramarginal__148,Left,137,94,94,-47,-32,22,supramarginal,3077176,65,65.0
3484,,lh__supramarginal__149,Left,138,94,97,-48,-32,25,supramarginal,3978253,46,46.0
3485,,lh__supramarginal__150,Left,139,92,96,-49,-34,24,supramarginal,172879,65,65.0
3486,,lh__supramarginal__151,Left,138,89,98,-48,-37,26,supramarginal,14985467,74,74.0
3487,,lh__supramarginal__152,Left,143,96,96,-53,-30,24,supramarginal,3572772,54,54.0
3488,,lh__supramarginal__153,Left,143,96,94,-53,-30,22,supramarginal,14952897,73,73.0
3489,,lh__supramarginal__154,Left,135,93,95,-45,-33,23,supramarginal,13650928,56,56.0
3490,,lh__supramarginal__155,Left,151,93,96,-61,-33,24,supramarginal,15890582,90,90.0
3491,,lh__supramarginal__156,Left,149,92,95,-59,-34,23,supramarginal,14682963,96,96.0
3492,,lh__supramarginal__157,Left,149,96,93,-59,-30,21,supramarginal,15511526,78,78.0
3493,,lh__supramarginal__158,Left,148,95,94,-58,-31,22,supramarginal,14854455,112,112.0
3494,,lh__supramarginal__159,Left,137,84,100,-47,-42,28,supramarginal,14744766,47,47.0
3495,,lh__supramarginal__160,Left,136,85,99,-46,-41,27,supramarginal,12989083,46,46.0
3496,,lh__supramarginal__161,Left,136,90,98,-46,-36,26,supramarginal,15820548,55,55.0
3497,,lh__supramarginal__162,Left,133,89,97,-43,-37,25,supramarginal,14339436,90,90.0
3498,,lh__supramarginal__163,Left,145,82,94,-55,-44,22,supramarginal,12270714,55,55.0
3499,,lh__supramarginal__164,Left,146,80,94,-56,-46,22,supramarginal,2798406,59,59.0
3500,,lh__frontalpole__1,Left,100,194,67,-10,68,-5,frontalpole,7743313,124,124.0
3501,,lh__frontalpole__2,Left,99,189,59,-9,63,-13,frontalpole,4646350,82,82.0
3502,,lh__frontalpole__3,Left,94,191,69,-4,65,-3,frontalpole,12825802,169,169.0
3503,,lh__frontalpole__4,Left,100,192,64,-10,66,-8,frontalpole,11800124,122,122.0
3504,,lh__frontalpole__5,Left,94,190,58,-4,64,-14,frontalpole,4572306,126,126.0
3505,,lh__frontalpole__6,Left,100,190,62,-10,64,-10,frontalpole,13860747,86,86.0
3506,,lh__frontalpole__7,Left,97,194,70,-7,68,-2,frontalpole,11967629,129,129.0
3507,,lh__frontalpole__8,Left,97,189,55,-7,63,-17,frontalpole,10183701,142,142.0
3508,,lh__frontalpole__9,Left,95,192,65,-5,66,-7,frontalpole,1073141,159,159.0
3509,,lh__frontalpole__10,Left,95,192,61,-5,66,-11,frontalpole,8169454,138,138.0
3510,,lh__temporalpole__1,Left,116,132,42,-26,6,-30,temporalpole,10195226,142,142.0
3511,,lh__temporalpole__2,Left,113,131,39,-23,5,-33,temporalpole,8147260,139,139.0
3512,,lh__temporalpole__3,Left,126,143,32,-36,17,-40,temporalpole,8139155,270,270.0
3513,,lh__temporalpole__4,Left,117,135,30,-27,9,-42,temporalpole,12424052,147,147.0
3514,,lh__temporalpole__5,Left,115,137,40,-25,11,-32,temporalpole,6799700,179,179.0
3515,,lh__temporalpole__6,Left,124,135,43,-34,9,-29,temporalpole,8934391,94,94.0
3516,,lh__temporalpole__7,Left,121,134,32,-31,8,-40,temporalpole,290972,80,80.0
3517,,lh__temporalpole__8,Left,128,145,36,-38,19,-36,temporalpole,10746230,202,202.0
3518,,lh__temporalpole__9,Left,115,142,35,-25,16,-37,temporalpole,14124644,265,265.0
3519,,lh__temporalpole__10,Left,118,132,45,-28,6,-27,temporalpole,10782771,116,116.0
3520,,lh__temporalpole__11,Left,121,141,32,-31,15,-40,temporalpole,14566690,207,207.0
3521,,lh__temporalpole__12,Left,112,133,31,-22,7,-41,temporalpole,12158030,221,221.0
3522,,lh__temporalpole__13,Left,120,144,37,-30,18,-35,temporalpole,2132839,335,335.0
3523,,lh__temporalpole__14,Left,119,137,33,-29,11,-39,temporalpole,8760473,100,100.0
3524,,lh__temporalpole__15,Left,122,134,43,-32,8,-29,temporalpole,7534096,102,102.0
3525,,lh__temporalpole__16,Left,125,138,33,-35,12,-39,temporalpole,14983665,169,169.0
3526,,lh__temporalpole__17,Left,123,140,41,-33,14,-31,temporalpole,10820938,133,133.0
3527,,lh__temporalpole__18,Left,114,138,32,-24,12,-40,temporalpole,2946175,257,257.0
3528,,lh__temporalpole__19,Left,119,139,41,-29,13,-31,temporalpole,4786231,193,193.0
3529,,lh__temporalpole__20,Left,122,134,36,-32,8,-36,temporalpole,3017381,55,55.0
3530,,lh__temporalpole__21,Left,124,146,39,-34,20,-33,temporalpole,16154760,231,231.0
3531,,lh__temporalpole__22,Left,121,137,35,-31,11,-37,temporalpole,3327642,96,96.0
3532,,lh__temporalpole__23,Left,119,133,43,-29,7,-29,temporalpole,5790525,121,121.0
3533,,lh__temporalpole__24,Left,113,135,37,-23,9,-35,temporalpole,14641379,180,180.0
3534,,lh__transversetemporal__1,Left,143,110,78,-53,-16,6,transversetemporal,11788722,71,71.0
3535,,lh__transversetemporal__2,Left,132,105,80,-42,-21,8,transversetemporal,514813,158,158.0
3536,,lh__transversetemporal__3,Left,132,105,75,-42,-21,3,transversetemporal,11067986,103,103.0
3537,,lh__transversetemporal__4,Left,127,102,79,-37,-24,7,transversetemporal,15906152,105,105.0
3538,,lh__transversetemporal__5,Left,132,98,81,-42,-28,9,transversetemporal,12110278,72,72.0
3539,,lh__transversetemporal__6,Left,144,112,79,-54,-14,7,transversetemporal,6940518,107,107.0
3540,,lh__transversetemporal__7,Left,129,102,76,-39,-24,4,transversetemporal,11222258,84,84.0
3541,,lh__transversetemporal__8,Left,135,101,79,-45,-25,7,transversetemporal,10648519,64,64.0
3542,,lh__transversetemporal__9,Left,135,109,75,-45,-17,3,transversetemporal,3785530,129,129.0
3543,,lh__transversetemporal__10,Left,129,95,83,-39,-31,11,transversetemporal,12460925,88,88.0
3544,,lh__transversetemporal__11,Left,125,99,85,-35,-27,13,transversetemporal,6763126,88,88.0
3545,,lh__transversetemporal__12,Left,141,116,75,-51,-10,3,transversetemporal,15914853,104,104.0
3546,,lh__transversetemporal__13,Left,131,99,85,-41,-27,13,transversetemporal,1582185,152,152.0
3547,,lh__transversetemporal__14,Left,143,115,77,-53,-11,5,transversetemporal,14647851,86,86.0
3548,,lh__transversetemporal__15,Left,141,107,78,-51,-19,6,transversetemporal,5155896,68,68.0
3549,,lh__transversetemporal__16,Left,132,103,84,-42,-23,12,transversetemporal,10134668,198,198.0
3550,,lh__transversetemporal__17,Left,126,100,82,-36,-26,10,transversetemporal,9271130,95,95.0
3551,,lh__transversetemporal__18,Left,138,105,77,-48,-21,5,transversetemporal,16475147,64,64.0
3552,,lh__transversetemporal__19,Left,135,109,80,-45,-17,8,transversetemporal,3573543,149,149.0
3553,,lh__transversetemporal__20,Left,137,113,75,-47,-13,3,transversetemporal,13673857,134,134.0
3554,,lh__transversetemporal__21,Left,138,105,82,-48,-21,10,transversetemporal,6078034,87,87.0
3555,,lh__transversetemporal__22,Left,140,109,81,-50,-17,9,transversetemporal,10341925,78,78.0
3556,,lh__transversetemporal__23,Left,125,94,86,-35,-32,14,transversetemporal,2562671,76,76.0
3557,,lh__transversetemporal__24,Left,136,101,82,-46,-25,10,transversetemporal,159535,108,108.0
3558,,lh__transversetemporal__25,Left,138,112,79,-48,-14,7,transversetemporal,6683425,132,132.0
3559,,lh__transversetemporal__26,Left,125,97,87,-35,-29,15,transversetemporal,11695967,101,101.0
3560,,lh__insula__1,Left,122,140,76,-32,14,4,insula,14177366,108,108.0
3561,,lh__insula__2,Left,128,113,65,-38,-13,-7,insula,11453670,68,68.0
3562,,lh__insula__3,Left,121,101,88,-31,-25,16,insula,5094664,58,58.0
3563,,lh__insula__4,Left,126,130,52,-36,4,-20,insula,10848415,89,89.0
3564,,lh__insula__5,Left,129,124,59,-39,-2,-13,insula,1785976,103,103.0
3565,,lh__insula__6,Left,123,127,83,-33,1,11,insula,1926934,65,65.0
3566,,lh__insula__7,Left,120,140,79,-30,14,7,insula,559554,96,96.0
3567,,lh__insula__8,Left,129,110,65,-39,-16,-7,insula,8545339,53,53.0
3568,,lh__insula__9,Left,127,104,72,-37,-22,0,insula,1057517,59,59.0
3569,,lh__insula__10,Left,121,98,86,-31,-28,14,insula,10499381,61,61.0
3570,,lh__insula__11,Left,130,120,72,-40,-6,0,insula,13688717,157,157.0
3571,,lh__insula__12,Left,128,108,68,-38,-18,-4,insula,7861761,77,77.0
3572,,lh__insula__13,Left,123,101,80,-33,-25,8,insula,3712466,53,53.0
3573,,lh__insula__14,Left,118,150,79,-28,24,7,insula,8969774,80,80.0
3574,,lh__insula__15,Left,129,113,92,-39,-13,20,insula,14595096,37,37.0
3575,,lh__insula__16,Left,127,103,91,-37,-23,19,insula,12382931,63,63.0
3576,,lh__insula__17,Left,123,93,91,-33,-33,19,insula,3011289,52,52.0
3577,,lh__insula__18,Left,127,141,71,-37,15,-1,insula,10241935,199,199.0
3578,,lh__insula__19,Left,122,137,58,-32,11,-14,insula,3765366,198,198.0
3579,,lh__insula__20,Left,124,147,70,-34,21,-2,insula,2825568,255,255.0
3580,,lh__insula__21,Left,125,103,75,-35,-23,3,insula,9936671,58,58.0
3581,,lh__insula__22,Left,129,119,62,-39,-7,-10,insula,1901462,91,91.0
3582,,lh__insula__23,Left,128,120,89,-38,-6,17,insula,4054769,61,61.0
3583,,lh__insula__24,Left,119,141,59,-29,15,-13,insula,8231647,111,111.0
3584,,lh__insula__25,Left,125,128,86,-35,2,14,insula,8424229,54,54.0
3585,,lh__insula__26,Left,120,142,62,-30,16,-10,insula,4902028,137,137.0
3586,,lh__insula__27,Left,127,109,92,-37,-17,20,insula,7541038,50,50.0
3587,,lh__insula__28,Left,131,124,72,-41,-2,0,insula,2573766,172,172.0
3588,,lh__insula__29,Left,119,143,83,-29,17,11,insula,2138715,60,60.0
3589,,lh__insula__30,Left,127,123,89,-37,-3,17,insula,3269592,44,44.0
3590,,lh__insula__31,Left,129,120,77,-39,-6,5,insula,11646736,115,115.0
3591,,lh__insula__32,Left,123,96,92,-33,-30,20,insula,2065938,50,50.0
3592,,lh__insula__33,Left,128,128,55,-38,2,-17,insula,16240022,115,115.0
3593,,lh__insula__34,Left,128,117,88,-38,-9,16,insula,16710325,62,62.0
3594,,lh__insula__35,Left,128,106,69,-38,-20,-3,insula,13393789,60,60.0
3595,,lh__insula__36,Left,125,101,76,-35,-25,4,insula,7765405,46,46.0
3596,,lh__insula__37,Left,122,149,74,-32,23,2,insula,309762,182,182.0
3597,,lh__insula__38,Left,115,136,52,-25,10,-20,insula,3384634,99,99.0
3598,,lh__insula__39,Left,128,115,63,-38,-11,-9,insula,16517072,65,65.0
3599,,lh__insula__40,Left,127,114,90,-37,-12,18,insula,8588918,53,53.0
3600,,lh__insula__41,Left,124,104,92,-34,-22,20,insula,8562273,75,75.0
3601,,lh__insula__42,Left,125,145,67,-35,19,-5,insula,1697564,247,247.0
3602,,lh__insula__43,Left,129,111,83,-39,-15,11,insula,14581534,158,158.0
3603,,lh__insula__44,Left,118,146,81,-28,20,9,insula,14881221,88,88.0
3604,,lh__insula__45,Left,126,130,58,-36,4,-14,insula,512009,51,51.0
3605,,lh__insula__46,Left,129,122,62,-39,-4,-10,insula,12571770,131,131.0
3606,,lh__insula__47,Left,125,124,85,-35,-2,13,insula,9107777,68,68.0
3607,,lh__insula__48,Left,123,131,49,-33,5,-23,insula,10568835,103,103.0
3608,,lh__insula__49,Left,121,136,83,-31,10,11,insula,1659353,67,67.0
3609,,lh__insula__50,Left,130,134,64,-40,8,-8,insula,10693886,337,337.0
3610,,lh__insula__51,Left,124,131,85,-34,5,13,insula,2410026,58,58.0
3611,,lh__insula__52,Left,121,100,83,-31,-26,11,insula,4171288,59,59.0
3612,,lh__insula__53,Left,129,117,62,-39,-9,-10,insula,6648336,77,77.0
3613,,lh__insula__54,Left,122,132,84,-32,6,12,insula,612140,62,62.0
3614,,lh__insula__55,Left,126,129,78,-36,3,6,insula,3619393,97,97.0
3615,,lh__insula__56,Left,127,119,82,-37,-7,10,insula,13789142,97,97.0
3616,,lh__insula__57,Left,127,107,83,-37,-19,11,insula,8190061,110,110.0
3617,,lh__insula__58,Left,130,111,80,-40,-15,8,insula,7338526,141,141.0
3618,,lh__insula__59,Left,125,136,73,-35,10,1,insula,9958308,136,136.0
3619,,lh__insula__60,Left,129,126,57,-39,0,-15,insula,14065394,99,99.0
3620,,lh__insula__61,Left,123,105,80,-33,-21,8,insula,10169086,64,64.0
3621,,lh__insula__62,Left,131,129,68,-41,3,-4,insula,9576944,232,232.0
3622,,lh__insula__63,Left,125,106,86,-35,-20,14,insula,16154483,117,117.0
3623,,lh__insula__64,Left,129,117,78,-39,-9,6,insula,10087991,97,97.0
3624,,lh__insula__65,Left,124,115,88,-34,-11,16,insula,14130512,58,58.0
3625,,lh__insula__66,Left,125,125,87,-35,-1,15,insula,2590554,54,54.0
3626,,lh__insula__67,Left,124,101,92,-34,-25,20,insula,14760900,70,70.0
3627,,lh__insula__68,Left,128,129,61,-38,3,-11,insula,76768,113,113.0
3628,,lh__insula__69,Left,132,117,73,-42,-9,1,insula,1663802,167,167.0
3629,,lh__insula__70,Left,124,129,80,-34,3,8,insula,390623,84,84.0
3630,,lh__insula__71,Left,126,139,61,-36,13,-11,insula,11577766,252,252.0
3631,,lh__insula__72,Left,129,124,80,-39,-2,8,insula,3467486,96,96.0
3632,,lh__insula__73,Left,129,127,63,-39,1,-9,insula,16620758,130,130.0
3633,,lh__insula__74,Left,124,99,92,-34,-27,20,insula,14647446,65,65.0
3634,,lh__insula__75,Left,120,139,83,-30,13,11,insula,13874712,71,71.0
3635,,lh__insula__76,Left,127,108,74,-37,-18,2,insula,12971872,105,105.0
3636,,lh__insula__77,Left,122,143,65,-32,17,-7,insula,13388328,143,143.0
3637,,lh__insula__78,Left,128,129,75,-38,3,3,insula,7406227,121,121.0
3638,,lh__insula__79,Left,130,114,75,-40,-12,3,insula,14361768,130,130.0
3639,,lh__insula__80,Left,124,143,74,-34,17,2,insula,3756884,170,170.0
3640,,lh__insula__81,Left,124,116,84,-34,-10,12,insula,13255970,64,64.0
3641,,lh__insula__82,Left,129,125,68,-39,-1,-4,insula,4273708,154,154.0
3642,,lh__insula__83,Left,125,110,91,-35,-16,19,insula,14834079,83,83.0
3643,,lh__insula__84,Left,128,123,82,-38,-3,10,insula,13719046,126,126.0
3644,,lh__insula__85,Left,129,140,66,-39,14,-6,insula,7568457,375,375.0
3645,,lh__insula__86,Left,129,121,68,-39,-5,-4,insula,14161177,172,172.0
3646,,lh__insula__87,Left,119,130,49,-29,4,-23,insula,3725267,116,116.0
3647,,lh__insula__88,Left,125,106,77,-35,-20,5,insula,8572174,73,73.0
3648,,lh__insula__89,Left,130,124,77,-40,-2,5,insula,16115114,145,145.0
3649,,lh__insula__90,Left,121,97,89,-31,-29,17,insula,6180008,65,65.0
3650,,lh__insula__91,Left,125,121,86,-35,-5,14,insula,6841607,79,79.0
3651,,lh__insula__92,Left,128,117,68,-38,-9,-4,insula,561581,150,150.0
3652,,lh__insula__93,Left,121,130,49,-31,4,-23,insula,9776574,112,112.0
3653,,lh__insula__94,Left,125,111,89,-35,-15,17,insula,5640171,85,85.0
3654,,lh__insula__95,Left,126,116,82,-36,-10,10,insula,748173,77,77.0
3655,,lh__insula__96,Left,123,105,89,-33,-21,17,insula,13052712,73,73.0
3656,,lh__insula__97,Left,128,111,70,-38,-15,-2,insula,818735,105,105.0
3657,,lh__insula__98,Left,128,111,74,-38,-15,2,insula,1035879,121,121.0
3658,,lh__insula__99,Left,129,134,70,-39,8,-2,insula,10251188,212,212.0
3659,,lh__insula__100,Left,120,146,77,-30,20,5,insula,15581662,172,172.0
3660,,lh__insula__101,Left,124,135,77,-34,9,5,insula,15540838,142,142.0
3661,,lh__insula__102,Left,126,133,60,-36,7,-12,insula,14965077,107,107.0
3662,,lh__insula__103,Left,130,115,80,-40,-11,8,insula,5624169,129,129.0
3663,,lh__insula__104,Left,123,134,80,-33,8,8,insula,7229331,96,96.0
3664,,lh__insula__105,Left,123,103,85,-33,-23,13,insula,13498424,67,67.0
3665,,lh__insula__106,Left,126,112,86,-36,-14,14,insula,5700047,100,100.0
3666,,lh__insula__107,Left,128,114,69,-38,-12,-3,insula,15912532,109,109.0
3667,,lh__insula__108,Left,125,119,88,-35,-7,16,insula,9380425,53,53.0
3668,,lh__insula__109,Left,127,109,80,-37,-17,8,insula,1178481,83,83.0
3669,,lh__insula__110,Left,128,107,92,-38,-19,20,insula,9581905,52,52.0
3670,,lh__insula__111,Left,130,129,72,-40,3,0,insula,16376199,175,175.0
3671,,rh__bankssts__1,Right,37,93,76,53,-33,4,bankssts,14566878,119,119.0
3672,,rh__bankssts__2,Right,33,88,84,57,-38,12,bankssts,605388,92,92.0
3673,,rh__bankssts__3,Right,38,85,89,52,-41,17,bankssts,605968,90,90.0
3674,,rh__bankssts__4,Right,29,87,74,61,-39,2,bankssts,2159485,178,178.0
3675,,rh__bankssts__5,Right,30,79,83,60,-47,11,bankssts,8902099,141,141.0
3676,,rh__bankssts__6,Right,37,77,82,53,-49,10,bankssts,2934314,164,164.0
3677,,rh__bankssts__7,Right,29,83,80,61,-43,8,bankssts,8565296,140,140.0
3678,,rh__bankssts__8,Right,37,84,91,53,-42,19,bankssts,10380036,59,59.0
3679,,rh__bankssts__9,Right,29,92,78,61,-34,6,bankssts,9116549,119,119.0
3680,,rh__bankssts__10,Right,28,80,82,62,-46,10,bankssts,8882030,154,154.0
3681,,rh__bankssts__11,Right,31,88,72,59,-38,0,bankssts,13628214,188,188.0
3682,,rh__bankssts__12,Right,34,91,71,56,-35,-1,bankssts,9838365,150,150.0
3683,,rh__bankssts__13,Right,45,91,74,45,-35,2,bankssts,8296064,69,69.0
3684,,rh__bankssts__14,Right,32,87,86,58,-39,14,bankssts,10674598,86,86.0
3685,,rh__bankssts__15,Right,41,91,70,49,-35,-2,bankssts,12564868,99,99.0
3686,,rh__bankssts__16,Right,29,85,78,61,-41,6,bankssts,11170691,156,156.0
3687,,rh__bankssts__17,Right,34,97,73,56,-29,1,bankssts,8620707,111,111.0
3688,,rh__bankssts__18,Right,40,80,88,50,-46,16,bankssts,2071952,61,61.0
3689,,rh__bankssts__19,Right,39,95,74,51,-31,2,bankssts,6582148,124,124.0
3690,,rh__bankssts__20,Right,30,86,76,60,-40,4,bankssts,13730389,140,140.0
3691,,rh__bankssts__21,Right,31,96,75,59,-30,3,bankssts,4275012,96,96.0
3692,,rh__bankssts__22,Right,33,85,90,57,-41,18,bankssts,10257412,56,56.0
3693,,rh__bankssts__23,Right,42,84,84,48,-42,12,bankssts,4119359,88,88.0
3694,,rh__bankssts__24,Right,41,81,87,49,-45,15,bankssts,15016631,126,126.0
3695,,rh__bankssts__25,Right,31,90,82,59,-36,10,bankssts,14805329,91,91.0
3696,,rh__bankssts__26,Right,42,93,71,48,-33,-1,bankssts,13800884,75,75.0
3697,,rh__bankssts__27,Right,33,77,82,57,-49,10,bankssts,11273902,129,129.0
3698,,rh__bankssts__28,Right,40,88,72,50,-38,0,bankssts,2085728,151,151.0
3699,,rh__bankssts__29,Right,42,87,85,48,-39,13,bankssts,3200356,59,59.0
3700,,rh__bankssts__30,Right,42,84,90,48,-42,18,bankssts,10575581,79,79.0
3701,,rh__bankssts__31,Right,44,95,73,46,-31,1,bankssts,2928023,74,74.0
3702,,rh__bankssts__32,Right,30,91,80,60,-35,8,bankssts,8437101,127,127.0
3703,,rh__bankssts__33,Right,33,86,88,57,-40,16,bankssts,15222652,69,69.0
3704,,rh__bankssts__34,Right,41,88,82,49,-38,10,bankssts,15979245,69,69.0
3705,,rh__bankssts__35,Right,37,91,81,53,-35,9,bankssts,8758673,99,99.0
3706,,rh__bankssts__36,Right,36,81,85,54,-45,13,bankssts,12698710,183,183.0
3707,,rh__bankssts__37,Right,43,82,86,47,-44,14,bankssts,16254466,89,89.0
3708,,rh__bankssts__38,Right,42,92,77,48,-34,5,bankssts,11995215,81,81.0
3709,,rh__bankssts__39,Right,38,85,77,52,-41,5,bankssts,12705963,179,179.0
3710,,rh__bankssts__40,Right,42,90,79,48,-36,7,bankssts,121181,81,81.0
3711,,rh__bankssts__41,Right,37,89,83,53,-37,11,bankssts,12383376,78,78.0
3712,,rh__bankssts__42,Right,43,86,82,47,-40,10,bankssts,7660775,73,73.0
3713,,rh__bankssts__43,Right,35,83,83,55,-43,11,bankssts,4515118,202,202.0
3714,,rh__bankssts__44,Right,37,92,79,53,-34,7,bankssts,14427140,109,109.0
3715,,rh__bankssts__45,Right,39,86,74,51,-40,2,bankssts,9099795,159,159.0
3716,,rh__bankssts__46,Right,43,87,78,47,-39,6,bankssts,3518664,96,96.0
3717,,rh__bankssts__47,Right,36,84,80,54,-42,8,bankssts,10495594,227,227.0
3718,,rh__bankssts__48,Right,36,79,86,54,-47,14,bankssts,10267572,47,47.0
3719,,rh__bankssts__49,Right,45,96,71,45,-30,-1,bankssts,91543,53,53.0
3720,,rh__bankssts__50,Right,43,86,87,47,-40,15,bankssts,3881346,63,63.0
3721,,rh__bankssts__51,Right,43,88,76,47,-38,4,bankssts,12213598,88,88.0
3722,,rh__bankssts__52,Right,37,87,87,53,-39,15,bankssts,2568985,93,93.0
3723,,rh__bankssts__53,Right,29,94,77,61,-32,5,bankssts,12923504,95,95.0
3724,,rh__caudalanteriorcingulate__1,Right,82,143,106,8,17,34,caudalanteriorcingulate,12084733,126,126.0
3725,,rh__caudalanteriorcingulate__2,Right,86,135,101,4,9,29,caudalanteriorcingulate,16196698,110,110.0
3726,,rh__caudalanteriorcingulate__3,Right,87,156,93,3,30,21,caudalanteriorcingulate,16699399,193,193.0
3727,,rh__caudalanteriorcingulate__4,Right,84,131,113,6,5,41,caudalanteriorcingulate,15513592,163,163.0
3728,,rh__caudalanteriorcingulate__5,Right,86,153,99,4,27,27,caudalanteriorcingulate,10375310,254,254.0
3729,,rh__caudalanteriorcingulate__6,Right,86,145,104,4,19,32,caudalanteriorcingulate,10111752,211,211.0
3730,,rh__caudalanteriorcingulate__7,Right,83,151,102,7,25,30,caudalanteriorcingulate,4103776,185,185.0
3731,,rh__caudalanteriorcingulate__8,Right,85,157,87,5,31,15,caudalanteriorcingulate,8706254,98,98.0
3732,,rh__caudalanteriorcingulate__9,Right,86,132,103,4,6,31,caudalanteriorcingulate,6001108,70,70.0
3733,,rh__caudalanteriorcingulate__10,Right,81,139,107,9,13,35,caudalanteriorcingulate,2742526,88,88.0
3734,,rh__caudalanteriorcingulate__11,Right,85,155,89,5,29,17,caudalanteriorcingulate,4516705,127,127.0
3735,,rh__caudalanteriorcingulate__12,Right,85,156,98,5,30,26,caudalanteriorcingulate,9430208,215,215.0
3736,,rh__caudalanteriorcingulate__13,Right,85,161,92,5,35,20,caudalanteriorcingulate,4630668,242,242.0
3737,,rh__caudalanteriorcingulate__14,Right,87,133,110,3,7,38,caudalanteriorcingulate,16103375,171,171.0
3738,,rh__caudalanteriorcingulate__15,Right,86,142,106,4,16,34,caudalanteriorcingulate,2831671,212,212.0
3739,,rh__caudalanteriorcingulate__16,Right,86,139,100,4,13,28,caudalanteriorcingulate,11709448,100,100.0
3740,,rh__caudalanteriorcingulate__17,Right,82,136,109,8,10,37,caudalanteriorcingulate,3974095,117,117.0
3741,,rh__caudalanteriorcingulate__18,Right,86,142,98,4,16,26,caudalanteriorcingulate,14450927,134,134.0
3742,,rh__caudalanteriorcingulate__19,Right,86,138,108,4,12,36,caudalanteriorcingulate,9955409,165,165.0
3743,,rh__caudalanteriorcingulate__20,Right,86,149,94,4,23,22,caudalanteriorcingulate,3719196,127,127.0
3744,,rh__caudalanteriorcingulate__21,Right,86,146,97,4,20,25,caudalanteriorcingulate,1759931,120,120.0
3745,,rh__caudalanteriorcingulate__22,Right,86,152,92,4,26,20,caudalanteriorcingulate,5488089,98,98.0
3746,,rh__caudalanteriorcingulate__23,Right,82,147,104,8,21,32,caudalanteriorcingulate,16597386,149,149.0
3747,,rh__caudalanteriorcingulate__24,Right,84,160,96,6,34,24,caudalanteriorcingulate,11671086,257,257.0
3748,,rh__caudalanteriorcingulate__25,Right,82,134,111,8,8,39,caudalanteriorcingulate,10599844,130,130.0
3749,,rh__caudalanteriorcingulate__26,Right,87,149,100,3,23,28,caudalanteriorcingulate,2590600,206,206.0
3750,,rh__caudalanteriorcingulate__27,Right,87,136,104,3,10,32,caudalanteriorcingulate,7256874,148,148.0
3751,,rh__caudalmiddlefrontal__1,Right,65,139,117,25,13,45,caudalmiddlefrontal,5487531,66,66.0
3752,,rh__caudalmiddlefrontal__2,Right,57,122,117,33,-4,45,caudalmiddlefrontal,8352709,56,56.0
3753,,rh__caudalmiddlefrontal__3,Right,56,132,104,34,6,32,caudalmiddlefrontal,13889927,81,81.0
3754,,rh__caudalmiddlefrontal__4,Right,53,131,113,37,5,41,caudalmiddlefrontal,5490746,108,108.0
3755,,rh__caudalmiddlefrontal__5,Right,53,148,111,37,22,39,caudalmiddlefrontal,16352614,144,144.0
3756,,rh__caudalmiddlefrontal__6,Right,65,121,118,25,-5,46,caudalmiddlefrontal,8352007,60,60.0
3757,,rh__caudalmiddlefrontal__7,Right,55,144,99,35,18,27,caudalmiddlefrontal,13985228,44,44.0
3758,,rh__caudalmiddlefrontal__8,Right,62,140,120,28,14,48,caudalmiddlefrontal,4259528,139,139.0
3759,,rh__caudalmiddlefrontal__9,Right,54,154,117,36,28,45,caudalmiddlefrontal,9343832,231,231.0
3760,,rh__caudalmiddlefrontal__10,Right,51,132,129,39,6,57,caudalmiddlefrontal,16075803,338,338.0
3761,,rh__caudalmiddlefrontal__11,Right,56,154,122,34,28,50,caudalmiddlefrontal,2910140,181,181.0
3762,,rh__caudalmiddlefrontal__12,Right,57,124,123,33,-2,51,caudalmiddlefrontal,3093089,196,196.0
3763,,rh__caudalmiddlefrontal__13,Right,65,152,115,25,26,43,caudalmiddlefrontal,7234589,147,147.0
3764,,rh__caudalmiddlefrontal__14,Right,65,149,113,25,23,41,caudalmiddlefrontal,13464497,96,96.0
3765,,rh__caudalmiddlefrontal__15,Right,55,133,99,35,7,27,caudalmiddlefrontal,16343724,58,58.0
3766,,rh__caudalmiddlefrontal__16,Right,53,133,107,37,7,35,caudalmiddlefrontal,9381500,182,182.0
3767,,rh__caudalmiddlefrontal__17,Right,46,131,122,44,5,50,caudalmiddlefrontal,14834255,290,290.0
3768,,rh__caudalmiddlefrontal__18,Right,60,144,117,30,18,45,caudalmiddlefrontal,1356425,105,105.0
3769,,rh__caudalmiddlefrontal__19,Right,47,143,104,43,17,32,caudalmiddlefrontal,5578573,131,131.0
3770,,rh__caudalmiddlefrontal__20,Right,62,121,116,28,-5,44,caudalmiddlefrontal,16628430,71,71.0
3771,,rh__caudalmiddlefrontal__21,Right,47,133,117,43,7,45,caudalmiddlefrontal,3213478,157,157.0
3772,,rh__caudalmiddlefrontal__22,Right,65,130,119,25,4,47,caudalmiddlefrontal,3910981,57,57.0
3773,,rh__caudalmiddlefrontal__23,Right,59,121,117,31,-5,45,caudalmiddlefrontal,2010062,52,52.0
3774,,rh__caudalmiddlefrontal__24,Right,44,139,113,46,13,41,caudalmiddlefrontal,7932596,421,421.0
3775,,rh__caudalmiddlefrontal__25,Right,56,135,132,34,9,60,caudalmiddlefrontal,7314664,410,410.0
3776,,rh__caudalmiddlefrontal__26,Right,41,142,107,49,16,35,caudalmiddlefrontal,3553145,127,127.0
3777,,rh__caudalmiddlefrontal__27,Right,65,125,118,25,-1,46,caudalmiddlefrontal,13340782,70,70.0
3778,,rh__caudalmiddlefrontal__28,Right,54,124,118,36,-2,46,caudalmiddlefrontal,10867427,110,110.0
3779,,rh__caudalmiddlefrontal__29,Right,54,130,102,36,4,30,caudalmiddlefrontal,4637733,77,77.0
3780,,rh__caudalmiddlefrontal__30,Right,60,148,117,30,22,45,caudalmiddlefrontal,6837610,115,115.0
3781,,rh__caudalmiddlefrontal__31,Right,54,141,103,36,15,31,caudalmiddlefrontal,11557455,141,141.0
3782,,rh__caudalmiddlefrontal__32,Right,50,127,120,40,1,48,caudalmiddlefrontal,7193478,204,204.0
3783,,rh__caudalmiddlefrontal__33,Right,64,146,113,26,20,41,caudalmiddlefrontal,12672884,62,62.0
3784,,rh__caudalmiddlefrontal__34,Right,58,135,101,32,9,29,caudalmiddlefrontal,16101655,59,59.0
3785,,rh__caudalmiddlefrontal__35,Right,64,134,119,26,8,47,caudalmiddlefrontal,14393176,82,82.0
3786,,rh__caudalmiddlefrontal__36,Right,51,151,120,39,25,48,caudalmiddlefrontal,12927463,299,299.0
3787,,rh__caudalmiddlefrontal__37,Right,53,127,105,37,1,33,caudalmiddlefrontal,2127535,88,88.0
3788,,rh__caudalmiddlefrontal__38,Right,65,137,118,25,11,46,caudalmiddlefrontal,4011127,103,103.0
3789,,rh__caudalmiddlefrontal__39,Right,52,140,128,38,14,56,caudalmiddlefrontal,6271574,463,463.0
3790,,rh__caudalmiddlefrontal__40,Right,47,140,117,43,14,45,caudalmiddlefrontal,12254406,262,262.0
3791,,rh__caudalmiddlefrontal__41,Right,53,143,102,37,17,30,caudalmiddlefrontal,1092848,89,89.0
3792,,rh__caudalmiddlefrontal__42,Right,51,150,115,39,24,43,caudalmiddlefrontal,7235283,254,254.0
3793,,rh__caudalmiddlefrontal__43,Right,60,141,124,30,15,52,caudalmiddlefrontal,1372291,193,193.0
3794,,rh__caudalmiddlefrontal__44,Right,52,127,109,38,1,37,caudalmiddlefrontal,556978,124,124.0
3795,,rh__caudalmiddlefrontal__45,Right,62,151,118,28,25,46,caudalmiddlefrontal,12959019,198,198.0
3796,,rh__caudalmiddlefrontal__46,Right,57,137,99,33,11,27,caudalmiddlefrontal,14662649,47,47.0
3797,,rh__caudalmiddlefrontal__47,Right,61,133,128,29,7,56,caudalmiddlefrontal,2021143,262,262.0
3798,,rh__caudalmiddlefrontal__48,Right,52,137,116,38,11,44,caudalmiddlefrontal,8898282,151,151.0
3799,,rh__caudalmiddlefrontal__49,Right,62,127,121,28,1,49,caudalmiddlefrontal,9974239,96,96.0
3800,,rh__caudalmiddlefrontal__50,Right,53,133,111,37,7,39,caudalmiddlefrontal,8581501,109,109.0
3801,,rh__caudalmiddlefrontal__51,Right,60,156,120,30,30,48,caudalmiddlefrontal,2874682,260,260.0
3802,,rh__caudalmiddlefrontal__52,Right,64,143,114,26,17,42,caudalmiddlefrontal,12845476,79,79.0
3803,,rh__caudalmiddlefrontal__53,Right,49,135,112,41,9,40,caudalmiddlefrontal,5466873,261,261.0
3804,,rh__caudalmiddlefrontal__54,Right,54,150,124,36,24,52,caudalmiddlefrontal,11781864,210,210.0
3805,,rh__caudalmiddlefrontal__55,Right,51,133,118,39,7,46,caudalmiddlefrontal,2073351,149,149.0
3806,,rh__caudalmiddlefrontal__56,Right,44,146,112,46,20,40,caudalmiddlefrontal,7169734,217,217.0
3807,,rh__caudalmiddlefrontal__57,Right,46,145,119,44,19,47,caudalmiddlefrontal,15367287,305,305.0
3808,,rh__caudalmiddlefrontal__58,Right,60,139,128,30,13,56,caudalmiddlefrontal,6782874,259,259.0
3809,,rh__caudalmiddlefrontal__59,Right,60,127,126,30,1,54,caudalmiddlefrontal,7291884,237,237.0
3810,,rh__caudalmiddlefrontal__60,Right,48,132,126,42,6,54,caudalmiddlefrontal,5760183,258,258.0
3811,,rh__caudalmiddlefrontal__61,Right,48,141,123,42,15,51,caudalmiddlefrontal,1589223,362,362.0
3812,,rh__caudalmiddlefrontal__62,Right,63,140,116,27,14,44,caudalmiddlefrontal,6181866,77,77.0
3813,,rh__caudalmiddlefrontal__63,Right,58,144,122,32,18,50,caudalmiddlefrontal,13564024,134,134.0
3814,,rh__caudalmiddlefrontal__64,Right,47,136,109,43,10,37,caudalmiddlefrontal,8247546,254,254.0
3815,,rh__caudalmiddlefrontal__65,Right,50,146,123,40,20,51,caudalmiddlefrontal,4369354,269,269.0
3816,,rh__caudalmiddlefrontal__66,Right,48,141,105,42,15,33,caudalmiddlefrontal,9621638,134,134.0
3817,,rh__caudalmiddlefrontal__67,Right,45,146,115,45,20,43,caudalmiddlefrontal,11994894,473,473.0
3818,,rh__caudalmiddlefrontal__68,Right,55,130,108,35,4,36,caudalmiddlefrontal,15186209,102,102.0
3819,,rh__caudalmiddlefrontal__69,Right,55,145,127,35,19,55,caudalmiddlefrontal,10485372,204,204.0
3820,,rh__caudalmiddlefrontal__70,Right,42,140,109,48,14,37,caudalmiddlefrontal,7827467,224,224.0
3821,,rh__caudalmiddlefrontal__71,Right,61,123,120,29,-3,48,caudalmiddlefrontal,16630211,145,145.0
3822,,rh__caudalmiddlefrontal__72,Right,62,131,123,28,5,51,caudalmiddlefrontal,4563704,165,165.0
3823,,rh__caudalmiddlefrontal__73,Right,49,129,112,41,3,40,caudalmiddlefrontal,3458528,160,160.0
3824,,rh__caudalmiddlefrontal__74,Right,54,133,122,36,7,50,caudalmiddlefrontal,2685810,118,118.0
3825,,rh__caudalmiddlefrontal__75,Right,51,140,106,39,14,34,caudalmiddlefrontal,12828994,302,302.0
3826,,rh__caudalmiddlefrontal__76,Right,53,127,126,37,1,54,caudalmiddlefrontal,8944594,302,302.0
3827,,rh__caudalmiddlefrontal__77,Right,58,146,122,32,20,50,caudalmiddlefrontal,15598927,154,154.0
3828,,rh__caudalmiddlefrontal__78,Right,55,136,104,35,10,32,caudalmiddlefrontal,8902625,182,182.0
3829,,rh__caudalmiddlefrontal__79,Right,52,137,122,38,11,50,caudalmiddlefrontal,8370912,243,243.0
3830,,rh__caudalmiddlefrontal__80,Right,55,134,116,35,8,44,caudalmiddlefrontal,15632948,77,77.0
3831,,rh__caudalmiddlefrontal__81,Right,56,128,131,34,2,59,caudalmiddlefrontal,4964619,354,354.0
3832,,rh__caudalmiddlefrontal__82,Right,58,151,123,32,25,51,caudalmiddlefrontal,10064558,188,188.0
3833,,rh__caudalmiddlefrontal__83,Right,57,141,100,33,15,28,caudalmiddlefrontal,5574554,107,107.0
3834,,rh__caudalmiddlefrontal__84,Right,63,137,123,27,11,51,caudalmiddlefrontal,9509605,171,171.0
3835,,rh__cuneus__1,Right,84,33,89,6,-93,17,cuneus,11842599,140,140.0
3836,,rh__cuneus__2,Right,70,64,84,20,-62,12,cuneus,5780408,88,88.0
3837,,rh__cuneus__3,Right,85,51,105,5,-75,33,cuneus,5675660,135,135.0
3838,,rh__cuneus__4,Right,77,48,108,13,-78,36,cuneus,15973951,195,195.0
3839,,rh__cuneus__5,Right,77,65,87,13,-61,15,cuneus,16311256,155,155.0
3840,,rh__cuneus__6,Right,87,39,79,3,-87,7,cuneus,8182486,56,56.0
3841,,rh__cuneus__7,Right,76,62,90,14,-64,18,cuneus,9440928,169,169.0
3842,,rh__cuneus__8,Right,87,46,84,3,-80,12,cuneus,11694330,72,72.0
3843,,rh__cuneus__9,Right,83,32,85,7,-94,13,cuneus,14203822,145,145.0
3844,,rh__cuneus__10,Right,86,46,106,4,-80,34,cuneus,2667778,107,107.0
3845,,rh__cuneus__11,Right,82,62,88,8,-64,16,cuneus,945767,96,96.0
3846,,rh__cuneus__12,Right,83,48,108,7,-78,36,cuneus,11640436,149,149.0
3847,,rh__cuneus__13,Right,73,48,104,17,-78,32,cuneus,11188379,118,118.0
3848,,rh__cuneus__14,Right,73,66,86,17,-60,14,cuneus,7739676,156,156.0
3849,,rh__cuneus__15,Right,87,49,86,3,-77,14,cuneus,2469618,73,73.0
3850,,rh__cuneus__16,Right,87,52,89,3,-74,17,cuneus,9514519,92,92.0
3851,,rh__cuneus__17,Right,77,55,98,13,-71,26,cuneus,12968801,153,153.0
3852,,rh__cuneus__18,Right,85,37,88,5,-89,16,cuneus,13455794,137,137.0
3853,,rh__cuneus__19,Right,78,50,104,12,-76,32,cuneus,7908831,207,207.0
3854,,rh__cuneus__20,Right,86,34,80,4,-92,8,cuneus,2975627,124,124.0
3855,,rh__cuneus__21,Right,83,46,92,7,-80,20,cuneus,3361619,173,173.0
3856,,rh__cuneus__22,Right,86,43,82,4,-83,10,cuneus,2539330,70,70.0
3857,,rh__cuneus__23,Right,73,51,97,17,-75,25,cuneus,3633043,101,101.0
3858,,rh__cuneus__24,Right,86,44,102,4,-82,30,cuneus,6200938,98,98.0
3859,,rh__cuneus__25,Right,73,50,100,17,-76,28,cuneus,12786315,103,103.0
3860,,rh__cuneus__26,Right,84,38,92,6,-88,20,cuneus,1480828,108,108.0
3861,,rh__cuneus__27,Right,83,31,80,7,-95,8,cuneus,13378403,120,120.0
3862,,rh__cuneus__28,Right,72,57,92,18,-69,20,cuneus,880485,117,117.0
3863,,rh__cuneus__29,Right,88,59,89,2,-67,17,cuneus,15981483,78,78.0
3864,,rh__cuneus__30,Right,86,43,98,4,-83,26,cuneus,14657256,126,126.0
3865,,rh__cuneus__31,Right,84,41,85,6,-85,13,cuneus,5561333,176,176.0
3866,,rh__cuneus__32,Right,85,50,93,5,-76,21,cuneus,7641421,123,123.0
3867,,rh__cuneus__33,Right,72,47,106,18,-79,34,cuneus,12379029,106,106.0
3868,,rh__cuneus__34,Right,73,54,95,17,-72,23,cuneus,7620470,123,123.0
3869,,rh__cuneus__35,Right,71,60,90,19,-66,18,cuneus,11470711,107,107.0
3870,,rh__cuneus__36,Right,83,53,100,7,-73,28,cuneus,1655279,122,122.0
3871,,rh__cuneus__37,Right,78,52,101,12,-74,29,cuneus,12258611,144,144.0
3872,,rh__cuneus__38,Right,83,45,87,7,-81,15,cuneus,13038547,175,175.0
3873,,rh__cuneus__39,Right,86,40,95,4,-86,23,cuneus,1082646,101,101.0
3874,,rh__cuneus__40,Right,84,55,96,6,-71,24,cuneus,13562276,120,120.0
3875,,rh__cuneus__41,Right,71,63,89,19,-63,17,cuneus,11629117,114,114.0
3876,,rh__cuneus__42,Right,86,37,83,4,-89,11,cuneus,10924554,119,119.0
3877,,rh__cuneus__43,Right,77,57,95,13,-69,23,cuneus,10525614,181,181.0
3878,,rh__cuneus__44,Right,86,49,100,4,-77,28,cuneus,6407896,122,122.0
3879,,rh__cuneus__45,Right,85,41,90,5,-85,18,cuneus,16646951,153,153.0
3880,,rh__cuneus__46,Right,84,58,91,6,-68,19,cuneus,13371675,173,173.0
3881,,rh__cuneus__47,Right,77,59,92,13,-67,20,cuneus,13585443,173,173.0
3882,,rh__cuneus__48,Right,85,43,93,5,-83,21,cuneus,15940950,129,129.0
3883,,rh__cuneus__49,Right,85,49,90,5,-77,18,cuneus,7210311,130,130.0
3884,,rh__cuneus__50,Right,84,47,97,6,-79,25,cuneus,12074991,119,119.0
3885,,rh__cuneus__51,Right,82,35,91,8,-91,19,cuneus,69588,110,110.0
3886,,rh__cuneus__52,Right,86,50,102,4,-76,30,cuneus,8653313,101,101.0
3887,,rh__cuneus__53,Right,69,64,87,21,-62,15,cuneus,12190423,76,76.0
3888,,rh__cuneus__54,Right,87,55,93,3,-71,21,cuneus,15069239,123,123.0
3889,,rh__cuneus__55,Right,87,52,97,3,-74,25,cuneus,10905385,117,117.0
3890,,rh__entorhinal__1,Right,72,118,42,18,-8,-30,entorhinal,10068505,311,311.0
3891,,rh__entorhinal__2,Right,65,131,47,25,5,-25,entorhinal,15951376,192,192.0
3892,,rh__entorhinal__3,Right,65,129,34,25,3,-38,entorhinal,1074163,142,142.0
3893,,rh__entorhinal__4,Right,71,125,42,19,-1,-30,entorhinal,218286,83,83.0
3894,,rh__entorhinal__5,Right,68,114,40,22,-12,-32,entorhinal,9646989,238,238.0
3895,,rh__entorhinal__6,Right,60,114,41,30,-12,-31,entorhinal,6576500,100,100.0
3896,,rh__entorhinal__7,Right,72,120,47,18,-6,-25,entorhinal,6935444,14,14.0
3897,,rh__entorhinal__8,Right,73,116,47,17,-10,-25,entorhinal,9083949,56,56.0
3898,,rh__entorhinal__9,Right,70,128,42,20,2,-30,entorhinal,9258016,346,346.0
3899,,rh__entorhinal__10,Right,68,131,43,22,5,-29,entorhinal,13507358,293,293.0
3900,,rh__entorhinal__11,Right,67,125,37,23,-1,-35,entorhinal,4644032,221,221.0
3901,,rh__entorhinal__12,Right,70,111,49,20,-15,-23,entorhinal,3468929,20,20.0
3902,,rh__entorhinal__13,Right,63,124,37,27,-2,-35,entorhinal,8598042,147,147.0
3903,,rh__entorhinal__14,Right,63,117,39,27,-9,-33,entorhinal,9752151,201,201.0
3904,,rh__entorhinal__15,Right,68,131,34,22,5,-38,entorhinal,7237694,195,195.0
3905,,rh__entorhinal__16,Right,62,121,38,28,-5,-34,entorhinal,2589053,178,178.0
3906,,rh__entorhinal__17,Right,70,122,39,20,-4,-33,entorhinal,16481960,130,130.0
3907,,rh__entorhinal__18,Right,70,120,40,20,-6,-32,entorhinal,8595810,179,179.0
3908,,rh__fusiform__1,Right,64,77,56,26,-49,-16,fusiform,12598757,218,218.0
3909,,rh__fusiform__2,Right,51,100,45,39,-26,-27,fusiform,13154965,168,168.0
3910,,rh__fusiform__3,Right,62,132,26,28,6,-46,fusiform,9652989,247,247.0
3911,,rh__fusiform__4,Right,46,71,57,44,-55,-15,fusiform,13116325,306,306.0
3912,,rh__fusiform__5,Right,55,109,40,35,-17,-32,fusiform,1739138,165,165.0
3913,,rh__fusiform__6,Right,48,79,50,42,-47,-22,fusiform,4595837,318,318.0
3914,,rh__fusiform__7,Right,47,63,58,43,-63,-14,fusiform,10269761,360,360.0
3915,,rh__fusiform__8,Right,63,126,26,27,0,-46,fusiform,5995379,417,417.0
3916,,rh__fusiform__9,Right,59,93,47,31,-33,-25,fusiform,10582974,214,214.0
3917,,rh__fusiform__10,Right,61,49,64,29,-77,-8,fusiform,12360224,115,115.0
3918,,rh__fusiform__11,Right,51,114,39,39,-12,-33,fusiform,12571522,281,281.0
3919,,rh__fusiform__12,Right,51,86,49,39,-40,-23,fusiform,657060,290,290.0
3920,,rh__fusiform__13,Right,47,74,53,43,-52,-19,fusiform,13755899,434,434.0
3921,,rh__fusiform__14,Right,54,105,45,36,-21,-27,fusiform,8456041,162,162.0
3922,,rh__fusiform__15,Right,49,109,45,41,-17,-27,fusiform,11041688,192,192.0
3923,,rh__fusiform__16,Right,61,55,59,29,-71,-13,fusiform,1850085,240,240.0
3924,,rh__fusiform__17,Right,59,118,36,31,-8,-36,fusiform,7877113,256,256.0
3925,,rh__fusiform__18,Right,61,56,64,29,-70,-8,fusiform,3306117,207,207.0
3926,,rh__fusiform__19,Right,56,97,51,34,-29,-21,fusiform,2924569,181,181.0
3927,,rh__fusiform__20,Right,44,78,55,46,-48,-17,fusiform,3727350,280,280.0
3928,,rh__fusiform__21,Right,58,76,64,32,-50,-8,fusiform,16151938,116,116.0
3929,,rh__fusiform__22,Right,60,51,58,30,-75,-14,fusiform,561643,240,240.0
3930,,rh__fusiform__23,Right,56,100,49,34,-26,-23,fusiform,7349842,190,190.0
3931,,rh__fusiform__24,Right,48,106,48,42,-20,-24,fusiform,4161494,152,152.0
3932,,rh__fusiform__25,Right,61,66,63,29,-60,-9,fusiform,12852338,103,103.0
3933,,rh__fusiform__26,Right,55,83,52,35,-43,-20,fusiform,3515353,368,368.0
3934,,rh__fusiform__27,Right,63,92,51,27,-34,-21,fusiform,15452790,178,178.0
3935,,rh__fusiform__28,Right,43,67,56,47,-59,-16,fusiform,5533161,227,227.0
3936,,rh__fusiform__29,Right,55,103,46,35,-23,-26,fusiform,577221,188,188.0
3937,,rh__fusiform__30,Right,58,84,60,32,-42,-12,fusiform,10808835,187,187.0
3938,,rh__fusiform__31,Right,57,115,37,33,-11,-35,fusiform,11889225,242,242.0
3939,,rh__fusiform__32,Right,47,91,49,43,-35,-23,fusiform,15139342,247,247.0
3940,,rh__fusiform__33,Right,64,128,31,26,2,-41,fusiform,14034594,206,206.0
3941,,rh__fusiform__34,Right,58,80,63,32,-46,-9,fusiform,2992622,137,137.0
3942,,rh__fusiform__35,Right,50,59,58,40,-67,-14,fusiform,12783849,376,376.0
3943,,rh__fusiform__36,Right,52,71,54,38,-55,-18,fusiform,6769350,474,474.0
3944,,rh__fusiform__37,Right,62,51,66,28,-75,-6,fusiform,5838211,158,158.0
3945,,rh__fusiform__38,Right,56,94,53,34,-32,-19,fusiform,8195201,186,186.0
3946,,rh__fusiform__39,Right,44,74,59,46,-52,-13,fusiform,7363976,212,212.0
3947,,rh__fusiform__40,Right,60,71,63,30,-55,-9,fusiform,15450825,143,143.0
3948,,rh__fusiform__41,Right,48,102,51,42,-24,-21,fusiform,9891732,122,122.0
3949,,rh__fusiform__42,Right,50,111,42,40,-15,-30,fusiform,15247216,277,277.0
3950,,rh__fusiform__43,Right,57,90,55,33,-36,-17,fusiform,10177127,184,184.0
3951,,rh__fusiform__44,Right,46,84,50,44,-42,-22,fusiform,11671555,371,371.0
3952,,rh__fusiform__45,Right,60,72,56,30,-54,-16,fusiform,1599996,362,362.0
3953,,rh__fusiform__46,Right,50,103,45,40,-23,-27,fusiform,9510700,202,202.0
3954,,rh__fusiform__47,Right,55,55,57,35,-71,-15,fusiform,9732635,344,344.0
3955,,rh__fusiform__48,Right,48,94,51,42,-32,-21,fusiform,10498998,178,178.0
3956,,rh__fusiform__49,Right,48,97,52,42,-29,-20,fusiform,8715403,123,123.0
3957,,rh__fusiform__50,Right,44,70,58,46,-56,-14,fusiform,12808419,253,253.0
3958,,rh__fusiform__51,Right,64,87,55,26,-39,-17,fusiform,7830250,206,206.0
3959,,rh__fusiform__52,Right,61,62,62,29,-64,-10,fusiform,346753,125,125.0
3960,,rh__fusiform__53,Right,56,121,30,34,-5,-42,fusiform,3218928,274,274.0
3961,,rh__fusiform__54,Right,67,131,28,23,5,-44,fusiform,1273412,279,279.0
3962,,rh__fusiform__55,Right,61,60,57,29,-66,-15,fusiform,1898250,310,310.0
3963,,rh__fusiform__56,Right,52,92,49,38,-34,-23,fusiform,2390718,134,134.0
3964,,rh__fusiform__57,Right,56,112,39,34,-14,-33,fusiform,5389825,187,187.0
3965,,rh__fusiform__58,Right,55,78,54,35,-48,-18,fusiform,277066,470,470.0
3966,,rh__fusiform__59,Right,62,75,60,28,-51,-12,fusiform,13024192,178,178.0
3967,,rh__fusiform__60,Right,57,87,59,33,-39,-13,fusiform,448074,179,179.0
3968,,rh__fusiform__61,Right,51,66,57,39,-60,-15,fusiform,11342257,484,484.0
3969,,rh__fusiform__62,Right,63,67,61,27,-59,-11,fusiform,8562152,167,167.0
3970,,rh__fusiform__63,Right,61,125,33,29,-1,-39,fusiform,7273738,227,227.0
3971,,rh__fusiform__64,Right,62,81,59,28,-45,-13,fusiform,14248997,249,249.0
3972,,rh__fusiform__65,Right,50,97,49,40,-29,-23,fusiform,2471990,150,150.0
3973,,rh__fusiform__66,Right,60,120,33,30,-6,-39,fusiform,15051165,311,311.0
3974,,rh__fusiform__67,Right,64,83,54,26,-43,-18,fusiform,11174136,227,227.0
3975,,rh__fusiform__68,Right,54,60,57,36,-66,-15,fusiform,10861199,328,328.0
3976,,rh__fusiform__69,Right,54,107,42,36,-19,-30,fusiform,15262939,163,163.0
3977,,rh__fusiform__70,Right,54,118,33,36,-8,-39,fusiform,13000123,335,335.0
3978,,rh__fusiform__71,Right,61,66,57,29,-60,-15,fusiform,6595202,330,330.0
3979,,rh__fusiform__72,Right,56,89,49,34,-37,-23,fusiform,2310803,202,202.0
3980,,rh__fusiform__73,Right,45,81,53,45,-45,-19,fusiform,12205057,234,234.0
3981,,rh__fusiform__74,Right,52,116,36,38,-10,-36,fusiform,931131,296,296.0
3982,,rh__fusiform__75,Right,60,122,26,30,-4,-46,fusiform,7833308,377,377.0
3983,,rh__fusiform__76,Right,46,88,49,44,-38,-23,fusiform,8680498,280,280.0
3984,,rh__fusiform__77,Right,55,96,45,35,-30,-27,fusiform,6700499,211,211.0
3985,,rh__fusiform__78,Right,61,85,51,29,-41,-21,fusiform,9217943,127,127.0
3986,,rh__fusiform__79,Right,60,87,50,30,-39,-22,fusiform,9993064,109,109.0
3987,,rh__inferiorparietal__1,Right,39,64,97,51,-62,25,inferiorparietal,9532601,215,215.0
3988,,rh__inferiorparietal__2,Right,45,77,125,45,-49,53,inferiorparietal,12054408,151,151.0
3989,,rh__inferiorparietal__3,Right,43,60,117,47,-66,45,inferiorparietal,6517068,202,202.0
3990,,rh__inferiorparietal__4,Right,44,57,95,46,-69,23,inferiorparietal,12336098,89,89.0
3991,,rh__inferiorparietal__5,Right,36,73,84,54,-53,12,inferiorparietal,3788308,160,160.0
3992,,rh__inferiorparietal__6,Right,52,48,111,38,-78,39,inferiorparietal,3175877,107,107.0
3993,,rh__inferiorparietal__7,Right,59,57,114,31,-69,42,inferiorparietal,4296086,378,378.0
3994,,rh__inferiorparietal__8,Right,46,53,86,44,-73,14,inferiorparietal,8327778,113,113.0
3995,,rh__inferiorparietal__9,Right,33,79,93,57,-47,21,inferiorparietal,11380425,265,265.0
3996,,rh__inferiorparietal__10,Right,37,80,101,53,-46,29,inferiorparietal,9745986,104,104.0
3997,,rh__inferiorparietal__11,Right,40,81,90,50,-45,18,inferiorparietal,6387131,194,194.0
3998,,rh__inferiorparietal__12,Right,55,73,110,35,-53,38,inferiorparietal,6311875,155,155.0
3999,,rh__inferiorparietal__13,Right,34,77,107,56,-49,35,inferiorparietal,10617692,241,241.0
4000,,rh__inferiorparietal__14,Right,55,44,92,35,-82,20,inferiorparietal,10684323,74,74.0
4001,,rh__inferiorparietal__15,Right,53,43,98,37,-83,26,inferiorparietal,3636904,91,91.0
4002,,rh__inferiorparietal__16,Right,40,67,106,50,-59,34,inferiorparietal,2694291,132,132.0
4003,,rh__inferiorparietal__17,Right,57,60,122,33,-66,50,inferiorparietal,207708,271,271.0
4004,,rh__inferiorparietal__18,Right,43,60,96,47,-66,24,inferiorparietal,14520642,119,119.0
4005,,rh__inferiorparietal__19,Right,44,55,88,46,-71,16,inferiorparietal,8672683,75,75.0
4006,,rh__inferiorparietal__20,Right,41,78,124,49,-48,52,inferiorparietal,10491972,176,176.0
4007,,rh__inferiorparietal__21,Right,58,46,93,32,-80,21,inferiorparietal,4631925,87,87.0
4008,,rh__inferiorparietal__22,Right,51,60,118,39,-66,46,inferiorparietal,9683616,118,118.0
4009,,rh__inferiorparietal__23,Right,35,82,90,55,-44,18,inferiorparietal,12323502,107,107.0
4010,,rh__inferiorparietal__24,Right,32,68,83,58,-58,11,inferiorparietal,16426187,94,94.0
4011,,rh__inferiorparietal__25,Right,54,77,111,36,-49,39,inferiorparietal,14254294,124,124.0
4012,,rh__inferiorparietal__26,Right,45,67,84,45,-59,12,inferiorparietal,11635909,114,114.0
4013,,rh__inferiorparietal__27,Right,41,65,108,49,-61,36,inferiorparietal,8669186,142,142.0
4014,,rh__inferiorparietal__28,Right,37,80,107,53,-46,35,inferiorparietal,7608342,87,87.0
4015,,rh__inferiorparietal__29,Right,44,55,108,46,-71,36,inferiorparietal,733963,143,143.0
4016,,rh__inferiorparietal__30,Right,55,58,107,35,-68,35,inferiorparietal,8122415,241,241.0
4017,,rh__inferiorparietal__31,Right,41,77,84,49,-49,12,inferiorparietal,4722275,115,115.0
4018,,rh__inferiorparietal__32,Right,51,44,92,39,-82,20,inferiorparietal,387888,203,203.0
4019,,rh__inferiorparietal__33,Right,48,75,122,42,-51,50,inferiorparietal,3318386,204,204.0
4020,,rh__inferiorparietal__34,Right,45,67,80,45,-59,8,inferiorparietal,6097556,191,191.0
4021,,rh__inferiorparietal__35,Right,55,80,114,35,-46,42,inferiorparietal,12169311,144,144.0
4022,,rh__inferiorparietal__36,Right,59,58,118,31,-68,46,inferiorparietal,13301076,477,477.0
4023,,rh__inferiorparietal__37,Right,38,69,80,52,-57,8,inferiorparietal,1518159,140,140.0
4024,,rh__inferiorparietal__38,Right,42,68,97,48,-58,25,inferiorparietal,7722050,167,167.0
4025,,rh__inferiorparietal__39,Right,54,44,89,36,-82,17,inferiorparietal,6290643,130,130.0
4026,,rh__inferiorparietal__40,Right,54,70,115,36,-56,43,inferiorparietal,6315362,183,183.0
4027,,rh__inferiorparietal__41,Right,51,77,116,39,-49,44,inferiorparietal,9871738,153,153.0
4028,,rh__inferiorparietal__42,Right,48,59,89,42,-67,17,inferiorparietal,4471547,91,91.0
4029,,rh__inferiorparietal__43,Right,56,58,110,34,-68,38,inferiorparietal,12511575,255,255.0
4030,,rh__inferiorparietal__44,Right,37,78,114,53,-48,42,inferiorparietal,13381853,152,152.0
4031,,rh__inferiorparietal__45,Right,45,49,99,45,-77,27,inferiorparietal,8974406,193,193.0
4032,,rh__inferiorparietal__46,Right,32,70,110,58,-56,38,inferiorparietal,450895,191,191.0
4033,,rh__inferiorparietal__47,Right,37,69,87,53,-57,15,inferiorparietal,13567480,231,231.0
4034,,rh__inferiorparietal__48,Right,37,68,114,53,-58,42,inferiorparietal,9517722,342,342.0
4035,,rh__inferiorparietal__49,Right,46,49,86,44,-77,14,inferiorparietal,10452791,110,110.0
4036,,rh__inferiorparietal__50,Right,54,46,97,36,-80,25,inferiorparietal,14415972,231,231.0
4037,,rh__inferiorparietal__51,Right,40,76,89,50,-50,17,inferiorparietal,4413476,178,178.0
4038,,rh__inferiorparietal__52,Right,42,69,103,48,-57,31,inferiorparietal,4624063,115,115.0
4039,,rh__inferiorparietal__53,Right,42,57,89,48,-69,17,inferiorparietal,9476275,97,97.0
4040,,rh__inferiorparietal__54,Right,39,71,101,51,-55,29,inferiorparietal,5934004,171,171.0
4041,,rh__inferiorparietal__55,Right,54,64,119,36,-62,47,inferiorparietal,14399626,168,168.0
4042,,rh__inferiorparietal__56,Right,38,78,119,52,-48,47,inferiorparietal,10031625,198,198.0
4043,,rh__inferiorparietal__57,Right,42,63,91,48,-63,19,inferiorparietal,8495562,195,195.0
4044,,rh__inferiorparietal__58,Right,33,78,95,57,-48,23,inferiorparietal,935541,261,261.0
4045,,rh__inferiorparietal__59,Right,42,70,78,48,-56,6,inferiorparietal,7414504,92,92.0
4046,,rh__inferiorparietal__60,Right,46,57,111,44,-69,39,inferiorparietal,6234640,191,191.0
4047,,rh__inferiorparietal__61,Right,50,45,87,40,-81,15,inferiorparietal,11340211,112,112.0
4048,,rh__inferiorparietal__62,Right,53,52,116,37,-74,44,inferiorparietal,13270122,73,73.0
4049,,rh__inferiorparietal__63,Right,54,52,98,36,-74,26,inferiorparietal,7028857,182,182.0
4050,,rh__inferiorparietal__64,Right,39,58,102,51,-68,30,inferiorparietal,9656494,142,142.0
4051,,rh__inferiorparietal__65,Right,39,75,120,51,-51,48,inferiorparietal,14919784,342,342.0
4052,,rh__inferiorparietal__66,Right,38,72,85,52,-54,13,inferiorparietal,5540378,255,255.0
4053,,rh__inferiorparietal__67,Right,46,46,94,44,-80,22,inferiorparietal,8309852,240,240.0
4054,,rh__inferiorparietal__68,Right,39,65,94,51,-61,22,inferiorparietal,14952852,191,191.0
4055,,rh__inferiorparietal__69,Right,42,62,111,48,-64,39,inferiorparietal,2493316,193,193.0
4056,,rh__inferiorparietal__70,Right,39,78,87,51,-48,15,inferiorparietal,9960091,67,67.0
4057,,rh__inferiorparietal__71,Right,35,79,99,55,-47,27,inferiorparietal,15787471,245,245.0
4058,,rh__inferiorparietal__72,Right,56,48,92,34,-78,20,inferiorparietal,12192595,147,147.0
4059,,rh__inferiorparietal__73,Right,43,70,122,47,-56,50,inferiorparietal,5619237,272,272.0
4060,,rh__inferiorparietal__74,Right,47,65,85,43,-61,13,inferiorparietal,14560449,76,76.0
4061,,rh__inferiorparietal__75,Right,37,76,91,53,-50,19,inferiorparietal,6309565,169,169.0
4062,,rh__inferiorparietal__76,Right,53,44,105,37,-82,33,inferiorparietal,7845813,94,94.0
4063,,rh__inferiorparietal__77,Right,55,50,95,35,-76,23,inferiorparietal,2649139,172,172.0
4064,,rh__inferiorparietal__78,Right,44,54,102,46,-72,30,inferiorparietal,13942876,112,112.0
4065,,rh__inferiorparietal__79,Right,36,79,104,54,-47,32,inferiorparietal,16392239,145,145.0
4066,,rh__inferiorparietal__80,Right,43,69,95,47,-57,23,inferiorparietal,6989873,212,212.0
4067,,rh__inferiorparietal__81,Right,46,45,87,44,-81,15,inferiorparietal,15655368,76,76.0
4068,,rh__inferiorparietal__82,Right,49,65,117,41,-61,45,inferiorparietal,3952115,137,137.0
4069,,rh__inferiorparietal__83,Right,49,72,112,41,-54,40,inferiorparietal,6146630,141,141.0
4070,,rh__inferiorparietal__84,Right,36,68,106,54,-58,34,inferiorparietal,15517416,243,243.0
4071,,rh__inferiorparietal__85,Right,41,74,96,49,-52,24,inferiorparietal,2844197,177,177.0
4072,,rh__inferiorparietal__86,Right,47,60,93,43,-66,21,inferiorparietal,928587,71,71.0
4073,,rh__inferiorparietal__87,Right,33,75,103,57,-51,31,inferiorparietal,4635124,247,247.0
4074,,rh__inferiorparietal__88,Right,43,60,109,47,-66,37,inferiorparietal,3831789,195,195.0
4075,,rh__inferiorparietal__89,Right,43,71,90,47,-55,18,inferiorparietal,14325915,212,212.0
4076,,rh__inferiorparietal__90,Right,53,54,101,37,-72,29,inferiorparietal,2934516,174,174.0
4077,,rh__inferiorparietal__91,Right,53,48,108,37,-78,36,inferiorparietal,16310871,68,68.0
4078,,rh__inferiorparietal__92,Right,46,62,88,44,-64,16,inferiorparietal,13158629,86,86.0
4079,,rh__inferiorparietal__93,Right,43,73,125,47,-53,53,inferiorparietal,3908593,208,208.0
4080,,rh__inferiorparietal__94,Right,55,57,123,35,-69,51,inferiorparietal,3797486,116,116.0
4081,,rh__inferiorparietal__95,Right,41,65,101,49,-61,29,inferiorparietal,13492474,241,241.0
4082,,rh__inferiorparietal__96,Right,43,53,98,47,-73,26,inferiorparietal,2360224,120,120.0
4083,,rh__inferiorparietal__97,Right,37,69,103,53,-57,31,inferiorparietal,12047506,193,193.0
4084,,rh__inferiorparietal__98,Right,52,64,116,38,-62,44,inferiorparietal,11292921,134,134.0
4085,,rh__inferiorparietal__99,Right,41,55,102,49,-71,30,inferiorparietal,11319419,114,114.0
4086,,rh__inferiorparietal__100,Right,35,67,84,55,-59,12,inferiorparietal,6809463,154,154.0
4087,,rh__inferiorparietal__101,Right,54,51,106,36,-75,34,inferiorparietal,14985238,242,242.0
4088,,rh__inferiorparietal__102,Right,47,46,90,43,-80,18,inferiorparietal,11742437,199,199.0
4089,,rh__inferiorparietal__103,Right,48,52,113,42,-74,41,inferiorparietal,13622953,151,151.0
4090,,rh__inferiorparietal__104,Right,44,49,90,46,-77,18,inferiorparietal,14194244,206,206.0
4091,,rh__inferiorparietal__105,Right,43,55,92,47,-71,20,inferiorparietal,2892041,147,147.0
4092,,rh__inferiorparietal__106,Right,48,73,119,42,-53,47,inferiorparietal,5714110,274,274.0
4093,,rh__inferiorparietal__107,Right,53,57,121,37,-69,49,inferiorparietal,509920,82,82.0
4094,,rh__inferiorparietal__108,Right,33,75,97,57,-51,25,inferiorparietal,13504508,178,178.0
4095,,rh__inferiorparietal__109,Right,44,65,123,46,-61,51,inferiorparietal,2147412,202,202.0
4096,,rh__inferiorparietal__110,Right,54,45,92,36,-81,20,inferiorparietal,4353765,77,77.0
4097,,rh__inferiorparietal__111,Right,45,66,87,45,-60,15,inferiorparietal,14341666,230,230.0
4098,,rh__inferiorparietal__112,Right,48,53,115,42,-73,43,inferiorparietal,14861580,148,148.0
4099,,rh__inferiorparietal__113,Right,32,70,100,58,-56,28,inferiorparietal,14496885,173,173.0
4100,,rh__inferiorparietal__114,Right,48,67,118,42,-59,46,inferiorparietal,7645596,140,140.0
4101,,rh__inferiorparietal__115,Right,49,45,102,41,-81,30,inferiorparietal,5591173,157,157.0
4102,,rh__inferiorparietal__116,Right,40,62,93,50,-64,21,inferiorparietal,11855494,155,155.0
4103,,rh__inferiorparietal__117,Right,41,63,106,49,-63,34,inferiorparietal,11845471,173,173.0
4104,,rh__inferiorparietal__118,Right,45,57,91,45,-69,19,inferiorparietal,5484301,120,120.0
4105,,rh__inferiorparietal__119,Right,51,81,114,39,-45,42,inferiorparietal,8184150,216,216.0
4106,,rh__inferiorparietal__120,Right,35,73,95,55,-53,23,inferiorparietal,2607682,147,147.0
4107,,rh__inferiorparietal__121,Right,38,80,91,52,-46,19,inferiorparietal,15438382,201,201.0
4108,,rh__inferiorparietal__122,Right,40,68,84,50,-58,12,inferiorparietal,15909678,204,204.0
4109,,rh__inferiorparietal__123,Right,53,48,102,37,-78,30,inferiorparietal,11207376,167,167.0
4110,,rh__inferiorparietal__124,Right,35,74,111,55,-52,39,inferiorparietal,7061930,431,431.0
4111,,rh__inferiorparietal__125,Right,44,53,90,46,-73,18,inferiorparietal,375069,203,203.0
4112,,rh__inferiorparietal__126,Right,53,67,117,37,-59,45,inferiorparietal,10325116,174,174.0
4113,,rh__inferiorparietal__127,Right,51,67,113,39,-59,41,inferiorparietal,3799227,87,87.0
4114,,rh__inferiorparietal__128,Right,38,65,90,52,-61,18,inferiorparietal,2648602,219,219.0
4115,,rh__inferiorparietal__129,Right,43,76,87,47,-50,15,inferiorparietal,4892334,106,106.0
4116,,rh__inferiorparietal__130,Right,47,70,120,43,-56,48,inferiorparietal,13389267,188,188.0
4117,,rh__inferiorparietal__131,Right,40,61,103,50,-65,31,inferiorparietal,12045752,221,221.0
4118,,rh__inferiorparietal__132,Right,48,61,120,42,-65,48,inferiorparietal,10528885,152,152.0
4119,,rh__inferiorparietal__133,Right,45,73,94,45,-53,22,inferiorparietal,9725489,128,128.0
4120,,rh__inferiorparietal__134,Right,49,55,118,41,-71,46,inferiorparietal,3072002,150,150.0
4121,,rh__inferiorparietal__135,Right,41,69,92,49,-57,20,inferiorparietal,8249377,222,222.0
4122,,rh__inferiorparietal__136,Right,43,69,81,47,-57,9,inferiorparietal,3876565,113,113.0
4123,,rh__inferiorparietal__137,Right,33,76,100,57,-50,28,inferiorparietal,1438221,256,256.0
4124,,rh__inferiorparietal__138,Right,56,75,110,34,-51,38,inferiorparietal,9409401,128,128.0
4125,,rh__inferiorparietal__139,Right,50,43,97,40,-83,25,inferiorparietal,15569989,200,200.0
4126,,rh__inferiorparietal__140,Right,43,70,100,47,-56,28,inferiorparietal,15876287,90,90.0
4127,,rh__inferiorparietal__141,Right,38,66,110,52,-60,38,inferiorparietal,8080082,203,203.0
4128,,rh__inferiorparietal__142,Right,40,58,98,50,-68,26,inferiorparietal,10233761,175,175.0
4129,,rh__inferiorparietal__143,Right,32,71,104,58,-55,32,inferiorparietal,6420483,231,231.0
4130,,rh__inferiorparietal__144,Right,55,56,104,35,-70,32,inferiorparietal,7879227,202,202.0
4131,,rh__inferiorparietal__145,Right,48,50,109,42,-76,37,inferiorparietal,10478618,164,164.0
4132,,rh__inferiorparietal__146,Right,34,74,92,56,-52,20,inferiorparietal,2442934,173,173.0
4133,,rh__inferiorparietal__147,Right,45,53,106,45,-73,34,inferiorparietal,12441947,156,156.0
4134,,rh__inferiorparietal__148,Right,47,63,84,43,-63,12,inferiorparietal,1536125,113,113.0
4135,,rh__inferiorparietal__149,Right,43,74,89,47,-52,17,inferiorparietal,6570944,145,145.0
4136,,rh__inferiorparietal__150,Right,45,72,98,45,-54,26,inferiorparietal,4856051,95,95.0
4137,,rh__inferiorparietal__151,Right,46,62,90,44,-64,18,inferiorparietal,13935723,111,111.0
4138,,rh__inferiorparietal__152,Right,33,72,97,57,-54,25,inferiorparietal,1534514,136,136.0
4139,,rh__inferiorparietal__153,Right,37,71,118,53,-55,46,inferiorparietal,14454623,360,360.0
4140,,rh__inferiorparietal__154,Right,45,50,103,45,-76,31,inferiorparietal,8802734,134,134.0
4141,,rh__inferiorparietal__155,Right,41,58,106,49,-68,34,inferiorparietal,15200785,216,216.0
4142,,rh__inferiorparietal__156,Right,42,67,122,48,-59,50,inferiorparietal,10183194,230,230.0
4143,,rh__inferiorparietal__157,Right,49,70,112,41,-56,40,inferiorparietal,4733273,118,118.0
4144,,rh__inferiorparietal__158,Right,40,63,114,50,-63,42,inferiorparietal,4380349,193,193.0
4145,,rh__inferiorparietal__159,Right,33,79,91,57,-47,19,inferiorparietal,9915014,186,186.0
4146,,rh__inferiorparietal__160,Right,38,67,88,52,-59,16,inferiorparietal,14589940,153,153.0
4147,,rh__inferiorparietal__161,Right,45,63,121,45,-63,49,inferiorparietal,14198577,199,199.0
4148,,rh__inferiorparietal__162,Right,44,58,95,46,-68,23,inferiorparietal,1437513,62,62.0
4149,,rh__inferiorparietal__163,Right,49,58,120,41,-68,48,inferiorparietal,5361773,133,133.0
4150,,rh__inferiorparietal__164,Right,41,67,99,49,-59,27,inferiorparietal,3491795,141,141.0
4151,,rh__inferiorparietal__165,Right,43,57,98,47,-69,26,inferiorparietal,15649689,74,74.0
4152,,rh__inferiorparietal__166,Right,50,75,113,40,-51,41,inferiorparietal,2088050,136,136.0
4153,,rh__inferiorparietal__167,Right,45,61,93,45,-65,21,inferiorparietal,4563164,128,128.0
4154,,rh__inferiorparietal__168,Right,43,67,104,47,-59,32,inferiorparietal,10001411,108,108.0
4155,,rh__inferiorparietal__169,Right,38,61,98,52,-65,26,inferiorparietal,820844,281,281.0
4156,,rh__inferiorparietal__170,Right,39,65,115,51,-61,43,inferiorparietal,1357832,122,122.0
4157,,rh__inferiorparietal__171,Right,40,72,99,50,-54,27,inferiorparietal,8826719,163,163.0
4158,,rh__inferiorparietal__172,Right,42,52,95,48,-74,23,inferiorparietal,3725221,215,215.0
4159,,rh__inferiorparietal__173,Right,45,54,100,45,-72,28,inferiorparietal,13463424,97,97.0
4160,,rh__inferiorparietal__174,Right,49,47,106,41,-79,34,inferiorparietal,15677213,148,148.0
4161,,rh__inferiorparietal__175,Right,53,60,122,37,-66,50,inferiorparietal,4344887,105,105.0
4162,,rh__inferiorparietal__176,Right,45,59,87,45,-67,15,inferiorparietal,16326201,134,134.0
4163,,rh__inferiorparietal__177,Right,36,76,114,54,-50,42,inferiorparietal,7113336,210,210.0
4164,,rh__inferiorparietal__178,Right,54,54,116,36,-72,44,inferiorparietal,1255783,68,68.0
4165,,rh__inferiorparietal__179,Right,54,55,117,36,-71,45,inferiorparietal,13526386,49,49.0
4166,,rh__inferiorparietal__180,Right,52,56,118,38,-70,46,inferiorparietal,13684135,96,96.0
4167,,rh__inferiorparietal__181,Right,54,55,111,36,-71,39,inferiorparietal,11500554,99,99.0
4168,,rh__inferiorparietal__182,Right,54,53,110,36,-73,38,inferiorparietal,267392,89,89.0
4169,,rh__inferiorparietal__183,Right,44,59,115,46,-67,43,inferiorparietal,15790585,96,96.0
4170,,rh__inferiorparietal__184,Right,45,58,114,45,-68,42,inferiorparietal,8103165,70,70.0
4171,,rh__inferiorparietal__185,Right,54,51,113,36,-75,41,inferiorparietal,4943557,69,69.0
4172,,rh__inferiorparietal__186,Right,53,50,112,37,-76,40,inferiorparietal,1302836,32,32.0
4173,,rh__inferiorparietal__187,Right,45,75,92,45,-51,20,inferiorparietal,11779129,67,67.0
4174,,rh__inferiorparietal__188,Right,43,75,93,47,-51,21,inferiorparietal,7723672,117,117.0
4175,,rh__inferiorparietal__189,Right,55,56,116,35,-70,44,inferiorparietal,15514847,109,109.0
4176,,rh__inferiortemporal__1,Right,34,64,69,56,-62,-3,inferiortemporal,3872482,95,95.0
4177,,rh__inferiortemporal__2,Right,51,131,36,39,5,-36,inferiortemporal,2915452,91,91.0
4178,,rh__inferiortemporal__3,Right,30,82,52,60,-44,-20,inferiortemporal,6590926,184,184.0
4179,,rh__inferiortemporal__4,Right,36,69,62,54,-57,-10,inferiortemporal,11844841,146,146.0
4180,,rh__inferiortemporal__5,Right,39,69,60,51,-57,-12,inferiortemporal,1581615,121,121.0
4181,,rh__inferiortemporal__6,Right,57,132,29,33,6,-43,inferiortemporal,2641070,207,207.0
4182,,rh__inferiortemporal__7,Right,34,98,46,56,-28,-26,inferiortemporal,4142902,325,325.0
4183,,rh__inferiortemporal__8,Right,37,79,53,53,-47,-19,inferiortemporal,12389365,261,261.0
4184,,rh__inferiortemporal__9,Right,42,124,29,48,-2,-43,inferiortemporal,8551872,366,366.0
4185,,rh__inferiortemporal__10,Right,31,107,45,59,-19,-27,inferiortemporal,1051843,372,372.0
4186,,rh__inferiortemporal__11,Right,47,118,31,43,-8,-41,inferiortemporal,14023800,252,252.0
4187,,rh__inferiortemporal__12,Right,30,93,58,60,-33,-14,inferiortemporal,602456,144,144.0
4188,,rh__inferiortemporal__13,Right,38,70,60,52,-56,-12,inferiortemporal,9591614,113,113.0
4189,,rh__inferiortemporal__14,Right,55,138,34,35,12,-38,inferiortemporal,12714480,128,128.0
4190,,rh__inferiortemporal__15,Right,28,87,59,62,-39,-13,inferiortemporal,10500704,176,176.0
4191,,rh__inferiortemporal__16,Right,55,129,26,35,3,-46,inferiortemporal,1464538,211,211.0
4192,,rh__inferiortemporal__17,Right,30,100,55,60,-26,-17,inferiortemporal,6452527,140,140.0
4193,,rh__inferiortemporal__18,Right,48,129,34,42,3,-38,inferiortemporal,5158407,150,150.0
4194,,rh__inferiortemporal__19,Right,37,94,47,53,-32,-25,inferiortemporal,11456969,360,360.0
4195,,rh__inferiortemporal__20,Right,36,68,66,54,-58,-6,inferiortemporal,13391713,191,191.0
4196,,rh__inferiortemporal__21,Right,37,76,54,53,-50,-18,inferiortemporal,10527612,232,232.0
4197,,rh__inferiortemporal__22,Right,41,75,59,49,-51,-13,inferiortemporal,934790,170,170.0
4198,,rh__inferiortemporal__23,Right,42,111,37,48,-15,-35,inferiortemporal,6110385,280,280.0
4199,,rh__inferiortemporal__24,Right,31,107,51,59,-19,-21,inferiortemporal,5669689,169,169.0
4200,,rh__inferiortemporal__25,Right,41,79,58,49,-47,-14,inferiortemporal,8115001,157,157.0
4201,,rh__inferiortemporal__26,Right,32,79,64,58,-47,-8,inferiortemporal,7349920,109,109.0
4202,,rh__inferiortemporal__27,Right,52,122,30,38,-4,-42,inferiortemporal,5098606,150,150.0
4203,,rh__inferiortemporal__28,Right,41,94,49,49,-32,-23,inferiortemporal,13786033,252,252.0
4204,,rh__inferiortemporal__29,Right,34,111,45,56,-15,-27,inferiortemporal,1627101,262,262.0
4205,,rh__inferiortemporal__30,Right,39,68,63,51,-58,-9,inferiortemporal,5245385,94,94.0
4206,,rh__inferiortemporal__31,Right,55,131,33,35,5,-39,inferiortemporal,15193106,147,147.0
4207,,rh__inferiortemporal__32,Right,32,72,66,58,-54,-6,inferiortemporal,5375351,258,258.0
4208,,rh__inferiortemporal__33,Right,42,124,36,48,-2,-36,inferiortemporal,6181103,230,230.0
4209,,rh__inferiortemporal__34,Right,31,80,61,59,-46,-11,inferiortemporal,3189346,238,238.0
4210,,rh__inferiortemporal__35,Right,27,89,56,63,-37,-16,inferiortemporal,1819806,115,115.0
4211,,rh__inferiortemporal__36,Right,42,92,51,48,-34,-21,inferiortemporal,593846,236,236.0
4212,,rh__inferiortemporal__37,Right,31,85,61,59,-41,-11,inferiortemporal,10987457,198,198.0
4213,,rh__inferiortemporal__38,Right,30,97,56,60,-29,-16,inferiortemporal,9379663,116,116.0
4214,,rh__inferiortemporal__39,Right,36,115,42,54,-11,-30,inferiortemporal,1364957,243,243.0
4215,,rh__inferiortemporal__40,Right,50,122,34,40,-4,-38,inferiortemporal,947849,116,116.0
4216,,rh__inferiortemporal__41,Right,32,88,48,58,-38,-24,inferiortemporal,12308842,259,259.0
4217,,rh__inferiortemporal__42,Right,38,118,40,52,-8,-32,inferiortemporal,5448808,268,268.0
4218,,rh__inferiortemporal__43,Right,31,69,58,59,-57,-14,inferiortemporal,10674162,183,183.0
4219,,rh__inferiortemporal__44,Right,48,115,44,42,-11,-28,inferiortemporal,7577001,83,83.0
4220,,rh__inferiortemporal__45,Right,37,65,68,53,-61,-4,inferiortemporal,89967,97,97.0
4221,,rh__inferiortemporal__46,Right,42,88,52,48,-38,-20,inferiortemporal,5126058,238,238.0
4222,,rh__inferiortemporal__47,Right,45,106,48,45,-20,-24,inferiortemporal,2142227,124,124.0
4223,,rh__inferiortemporal__48,Right,52,124,26,38,-2,-46,inferiortemporal,12334394,220,220.0
4224,,rh__inferiortemporal__49,Right,42,82,56,48,-44,-16,inferiortemporal,10906255,143,143.0
4225,,rh__inferiortemporal__50,Right,32,76,65,58,-50,-7,inferiortemporal,2257740,172,172.0
4226,,rh__inferiortemporal__51,Right,39,119,31,51,-7,-41,inferiortemporal,15694840,370,370.0
4227,,rh__inferiortemporal__52,Right,33,69,68,57,-57,-4,inferiortemporal,12894950,215,215.0
4228,,rh__inferiortemporal__53,Right,30,78,52,60,-48,-20,inferiortemporal,4947359,197,197.0
4229,,rh__inferiortemporal__54,Right,51,130,30,39,4,-42,inferiortemporal,10633113,180,180.0
4230,,rh__inferiortemporal__55,Right,32,68,63,58,-58,-9,inferiortemporal,8122761,174,174.0
4231,,rh__inferiortemporal__56,Right,43,102,48,47,-24,-24,inferiortemporal,9027140,188,188.0
4232,,rh__inferiortemporal__57,Right,32,98,53,58,-28,-19,inferiortemporal,3287901,178,178.0
4233,,rh__inferiortemporal__58,Right,48,118,40,42,-8,-32,inferiortemporal,7620520,105,105.0
4234,,rh__inferiortemporal__59,Right,53,135,35,37,9,-37,inferiortemporal,10262702,118,118.0
4235,,rh__inferiortemporal__60,Right,46,111,46,44,-15,-26,inferiortemporal,4025654,107,107.0
4236,,rh__inferiortemporal__61,Right,33,112,38,57,-14,-34,inferiortemporal,3438327,471,471.0
4237,,rh__inferiortemporal__62,Right,29,73,57,61,-53,-15,inferiortemporal,73765,224,224.0
4238,,rh__inferiortemporal__63,Right,44,99,50,46,-27,-22,inferiortemporal,483951,194,194.0
4239,,rh__inferiortemporal__64,Right,29,79,57,61,-47,-15,inferiortemporal,11836547,261,261.0
4240,,rh__inferiortemporal__65,Right,32,103,53,58,-23,-19,inferiortemporal,12631775,166,166.0
4241,,rh__inferiortemporal__66,Right,46,128,28,44,2,-44,inferiortemporal,14266800,297,297.0
4242,,rh__inferiortemporal__67,Right,36,82,50,54,-44,-22,inferiortemporal,622356,294,294.0
4243,,rh__inferiortemporal__68,Right,35,63,72,55,-63,0,inferiortemporal,11059431,82,82.0
4244,,rh__inferiortemporal__69,Right,49,120,37,41,-6,-35,inferiortemporal,13221350,95,95.0
4245,,rh__inferiortemporal__70,Right,32,73,52,58,-53,-20,inferiortemporal,8357076,181,181.0
4246,,rh__inferiortemporal__71,Right,31,88,56,59,-38,-16,inferiortemporal,8009144,190,190.0
4247,,rh__inferiortemporal__72,Right,36,116,34,54,-10,-38,inferiortemporal,8297412,428,428.0
4248,,rh__inferiortemporal__73,Right,34,70,55,56,-56,-17,inferiortemporal,3828006,218,218.0
4249,,rh__inferiortemporal__74,Right,43,109,43,47,-17,-29,inferiortemporal,2103771,220,220.0
4250,,rh__inferiortemporal__75,Right,40,121,37,50,-5,-35,inferiortemporal,12937543,274,274.0
4251,,rh__inferiortemporal__76,Right,45,126,35,45,0,-37,inferiortemporal,4284739,167,167.0
4252,,rh__inferiortemporal__77,Right,31,93,52,59,-33,-20,inferiortemporal,14399036,287,287.0
4253,,rh__inferiortemporal__78,Right,41,103,44,49,-23,-28,inferiortemporal,10079290,288,288.0
4254,,rh__inferiortemporal__79,Right,32,83,49,58,-43,-23,inferiortemporal,1268677,172,172.0
4255,,rh__inferiortemporal__80,Right,35,69,58,55,-57,-14,inferiortemporal,16063756,117,117.0
4256,,rh__inferiortemporal__81,Right,31,75,62,59,-51,-10,inferiortemporal,4539143,272,272.0
4257,,rh__inferiortemporal__82,Right,45,115,35,45,-11,-37,inferiortemporal,9331764,252,252.0
4258,,rh__inferiortemporal__83,Right,31,102,49,59,-24,-23,inferiortemporal,15449005,347,347.0
4259,,rh__inferiortemporal__84,Right,45,114,41,45,-12,-31,inferiortemporal,8893808,143,143.0
4260,,rh__inferiortemporal__85,Right,32,88,54,58,-38,-18,inferiortemporal,5828382,127,127.0
4261,,rh__inferiortemporal__86,Right,34,110,49,56,-16,-23,inferiortemporal,3992549,128,128.0
4262,,rh__inferiortemporal__87,Right,42,85,54,48,-41,-18,inferiortemporal,14463997,208,208.0
4263,,rh__inferiortemporal__88,Right,37,87,48,53,-39,-24,inferiortemporal,13258073,327,327.0
4264,,rh__inferiortemporal__89,Right,31,93,55,59,-33,-17,inferiortemporal,6647447,137,137.0
4265,,rh__inferiortemporal__90,Right,30,95,49,60,-31,-23,inferiortemporal,14288882,282,282.0
4266,,rh__inferiortemporal__91,Right,38,74,58,52,-52,-14,inferiortemporal,11425079,162,162.0
4267,,rh__inferiortemporal__92,Right,48,121,27,42,-5,-45,inferiortemporal,6476191,319,319.0
4268,,rh__inferiortemporal__93,Right,35,106,41,55,-20,-31,inferiortemporal,12904491,395,395.0
4269,,rh__inferiortemporal__94,Right,41,72,60,49,-54,-12,inferiortemporal,4103016,133,133.0
4270,,rh__inferiortemporal__95,Right,58,134,34,32,8,-38,inferiortemporal,6513244,114,114.0
4271,,rh__inferiortemporal__96,Right,31,102,44,59,-24,-28,inferiortemporal,10632202,315,315.0
4272,,rh__inferiortemporal__97,Right,39,69,66,51,-57,-6,inferiortemporal,7957685,150,150.0
4273,,rh__inferiortemporal__98,Right,27,83,57,63,-43,-15,inferiortemporal,16219683,123,123.0
4274,,rh__inferiortemporal__99,Right,27,84,54,63,-42,-18,inferiortemporal,3053688,96,96.0
4275,,rh__inferiortemporal__100,Right,35,76,51,55,-50,-21,inferiortemporal,13955289,103,103.0
4276,,rh__inferiortemporal__101,Right,33,77,49,57,-49,-23,inferiortemporal,16617565,114,114.0
4277,,rh__isthmuscingulate__1,Right,80,80,103,10,-46,31,isthmuscingulate,16362517,121,121.0
4278,,rh__isthmuscingulate__2,Right,75,76,77,15,-50,5,isthmuscingulate,6471569,162,162.0
4279,,rh__isthmuscingulate__3,Right,87,91,103,3,-35,31,isthmuscingulate,11838240,125,125.0
4280,,rh__isthmuscingulate__4,Right,85,75,88,5,-51,16,isthmuscingulate,10703597,142,142.0
4281,,rh__isthmuscingulate__5,Right,86,87,105,4,-39,33,isthmuscingulate,3735997,144,144.0
4282,,rh__isthmuscingulate__6,Right,86,79,91,4,-47,19,isthmuscingulate,14069712,97,97.0
4283,,rh__isthmuscingulate__7,Right,87,78,97,3,-48,25,isthmuscingulate,10253636,204,204.0
4284,,rh__isthmuscingulate__8,Right,80,83,73,10,-43,1,isthmuscingulate,766525,91,91.0
4285,,rh__isthmuscingulate__9,Right,85,77,93,5,-49,21,isthmuscingulate,15635433,123,123.0
4286,,rh__isthmuscingulate__10,Right,78,83,105,12,-43,33,isthmuscingulate,15439527,81,81.0
4287,,rh__isthmuscingulate__11,Right,77,84,71,13,-42,-1,isthmuscingulate,4490843,98,98.0
4288,,rh__isthmuscingulate__12,Right,87,74,84,3,-52,12,isthmuscingulate,6314962,170,170.0
4289,,rh__isthmuscingulate__13,Right,74,86,68,16,-40,-4,isthmuscingulate,12199898,73,73.0
4290,,rh__isthmuscingulate__14,Right,80,86,106,10,-40,34,isthmuscingulate,3942579,77,77.0
4291,,rh__isthmuscingulate__15,Right,85,87,99,5,-39,27,isthmuscingulate,5823298,125,125.0
4292,,rh__isthmuscingulate__16,Right,85,84,97,5,-42,25,isthmuscingulate,957248,145,145.0
4293,,rh__isthmuscingulate__17,Right,85,93,100,5,-33,28,isthmuscingulate,10750602,48,48.0
4294,,rh__isthmuscingulate__18,Right,76,88,66,14,-38,-6,isthmuscingulate,8926785,106,106.0
4295,,rh__isthmuscingulate__19,Right,83,78,79,7,-48,7,isthmuscingulate,1008632,85,85.0
4296,,rh__isthmuscingulate__20,Right,79,72,80,11,-54,8,isthmuscingulate,12998563,158,158.0
4297,,rh__isthmuscingulate__21,Right,81,77,101,9,-49,29,isthmuscingulate,4687142,120,120.0
4298,,rh__isthmuscingulate__22,Right,71,79,73,19,-47,1,isthmuscingulate,1784120,90,90.0
4299,,rh__isthmuscingulate__23,Right,85,82,94,5,-44,22,isthmuscingulate,15765656,128,128.0
4300,,rh__isthmuscingulate__24,Right,86,90,100,4,-36,28,isthmuscingulate,8187293,95,95.0
4301,,rh__isthmuscingulate__25,Right,71,76,77,19,-50,5,isthmuscingulate,14213569,120,120.0
4302,,rh__isthmuscingulate__26,Right,86,83,104,4,-43,32,isthmuscingulate,1585628,221,221.0
4303,,rh__isthmuscingulate__27,Right,81,80,76,9,-46,4,isthmuscingulate,2101316,107,107.0
4304,,rh__isthmuscingulate__28,Right,86,79,102,4,-47,30,isthmuscingulate,1607194,259,259.0
4305,,rh__isthmuscingulate__29,Right,73,83,70,17,-43,-2,isthmuscingulate,7753631,70,70.0
4306,,rh__isthmuscingulate__30,Right,84,74,80,6,-52,8,isthmuscingulate,13036974,107,107.0
4307,,rh__isthmuscingulate__31,Right,85,88,107,5,-38,35,isthmuscingulate,9314469,108,108.0
4308,,rh__isthmuscingulate__32,Right,80,76,78,10,-50,6,isthmuscingulate,11616302,141,141.0
4309,,rh__isthmuscingulate__33,Right,85,79,88,5,-47,16,isthmuscingulate,8730387,106,106.0
4310,,rh__isthmuscingulate__34,Right,76,80,74,14,-46,2,isthmuscingulate,1100783,142,142.0
4311,,rh__isthmuscingulate__35,Right,74,73,80,16,-53,8,isthmuscingulate,11841540,123,123.0
4312,,rh__isthmuscingulate__36,Right,83,76,97,7,-50,25,isthmuscingulate,9540123,77,77.0
4313,,rh__isthmuscingulate__37,Right,79,88,72,11,-38,0,isthmuscingulate,13759986,73,73.0
4314,,rh__isthmuscingulate__38,Right,84,78,83,6,-48,11,isthmuscingulate,8300788,86,86.0
4315,,rh__isthmuscingulate__39,Right,83,84,105,7,-42,33,isthmuscingulate,1645825,149,149.0
4316,,rh__isthmuscingulate__40,Right,78,89,69,12,-37,-3,isthmuscingulate,2524489,41,41.0
4317,,rh__lateraloccipital__1,Right,67,27,71,23,-99,-1,lateraloccipital,770222,285,285.0
4318,,rh__lateraloccipital__2,Right,53,43,77,37,-83,5,lateraloccipital,7795674,196,196.0
4319,,rh__lateraloccipital__3,Right,44,56,70,46,-70,-2,lateraloccipital,4832466,96,96.0
4320,,rh__lateraloccipital__4,Right,77,34,62,13,-92,-10,lateraloccipital,1641918,178,178.0
4321,,rh__lateraloccipital__5,Right,75,36,97,15,-90,25,lateraloccipital,12294689,170,170.0
4322,,rh__lateraloccipital__6,Right,45,43,64,45,-83,-8,lateraloccipital,15067873,320,320.0
4323,,rh__lateraloccipital__7,Right,38,64,72,52,-62,0,lateraloccipital,7230926,122,122.0
4324,,rh__lateraloccipital__8,Right,46,49,77,44,-77,5,lateraloccipital,4050882,201,201.0
4325,,rh__lateraloccipital__9,Right,65,47,64,25,-79,-8,lateraloccipital,13245976,167,167.0
4326,,rh__lateraloccipital__10,Right,57,41,93,33,-85,21,lateraloccipital,12437547,154,154.0
4327,,rh__lateraloccipital__11,Right,40,61,67,50,-65,-5,lateraloccipital,8063913,200,200.0
4328,,rh__lateraloccipital__12,Right,78,27,75,12,-99,3,lateraloccipital,16513181,165,165.0
4329,,rh__lateraloccipital__13,Right,78,32,89,12,-94,17,lateraloccipital,10150322,228,228.0
4330,,rh__lateraloccipital__14,Right,42,52,81,48,-74,9,lateraloccipital,297415,269,269.0
4331,,rh__lateraloccipital__15,Right,63,30,76,27,-96,4,lateraloccipital,9117435,187,187.0
4332,,rh__lateraloccipital__16,Right,75,31,62,15,-95,-10,lateraloccipital,12220248,208,208.0
4333,,rh__lateraloccipital__17,Right,42,67,61,48,-59,-11,lateraloccipital,10300285,202,202.0
4334,,rh__lateraloccipital__18,Right,42,69,76,48,-57,4,lateraloccipital,1564231,108,108.0
4335,,rh__lateraloccipital__19,Right,68,33,95,22,-93,23,lateraloccipital,4150159,144,144.0
4336,,rh__lateraloccipital__20,Right,44,57,56,46,-69,-16,lateraloccipital,6699764,188,188.0
4337,,rh__lateraloccipital__21,Right,54,44,86,36,-82,14,lateraloccipital,12719074,209,209.0
4338,,rh__lateraloccipital__22,Right,39,64,69,51,-62,-3,lateraloccipital,7028411,62,62.0
4339,,rh__lateraloccipital__23,Right,60,44,92,30,-82,20,lateraloccipital,2230003,260,260.0
4340,,rh__lateraloccipital__24,Right,74,37,62,16,-89,-10,lateraloccipital,5389171,170,170.0
4341,,rh__lateraloccipital__25,Right,40,56,74,50,-70,2,lateraloccipital,7928932,168,168.0
4342,,rh__lateraloccipital__26,Right,43,63,81,47,-63,9,lateraloccipital,8922929,360,360.0
4343,,rh__lateraloccipital__27,Right,76,27,87,14,-99,15,lateraloccipital,13757013,197,197.0
4344,,rh__lateraloccipital__28,Right,39,59,82,51,-67,10,lateraloccipital,6723171,185,185.0
4345,,rh__lateraloccipital__29,Right,76,28,68,14,-98,-4,lateraloccipital,4830838,168,168.0
4346,,rh__lateraloccipital__30,Right,54,40,73,36,-86,1,lateraloccipital,4861414,197,197.0
4347,,rh__lateraloccipital__31,Right,49,53,55,41,-73,-17,lateraloccipital,13984050,201,201.0
4348,,rh__lateraloccipital__32,Right,77,34,90,13,-92,18,lateraloccipital,13923853,259,259.0
4349,,rh__lateraloccipital__33,Right,60,34,76,30,-92,4,lateraloccipital,16093056,129,129.0
4350,,rh__lateraloccipital__34,Right,69,38,95,21,-88,23,lateraloccipital,4430605,121,121.0
4351,,rh__lateraloccipital__35,Right,41,66,67,49,-60,-5,lateraloccipital,6137470,161,161.0
4352,,rh__lateraloccipital__36,Right,42,66,78,48,-60,6,lateraloccipital,1696275,119,119.0
4353,,rh__lateraloccipital__37,Right,79,30,88,11,-96,16,lateraloccipital,14605545,220,220.0
4354,,rh__lateraloccipital__38,Right,57,42,89,33,-84,17,lateraloccipital,3340952,238,238.0
4355,,rh__lateraloccipital__39,Right,56,46,57,34,-80,-15,lateraloccipital,6799653,134,134.0
4356,,rh__lateraloccipital__40,Right,73,24,70,17,-102,-2,lateraloccipital,16277138,264,264.0
4357,,rh__lateraloccipital__41,Right,40,66,75,50,-60,3,lateraloccipital,15823809,96,96.0
4358,,rh__lateraloccipital__42,Right,61,35,88,29,-91,16,lateraloccipital,14959536,177,177.0
4359,,rh__lateraloccipital__43,Right,42,60,56,48,-66,-16,lateraloccipital,6544601,125,125.0
4360,,rh__lateraloccipital__44,Right,71,33,90,19,-93,18,lateraloccipital,7402451,281,281.0
4361,,rh__lateraloccipital__45,Right,74,41,63,16,-85,-9,lateraloccipital,5989353,253,253.0
4362,,rh__lateraloccipital__46,Right,67,47,59,23,-79,-13,lateraloccipital,12230803,221,221.0
4363,,rh__lateraloccipital__47,Right,41,59,86,49,-67,14,lateraloccipital,12750235,141,141.0
4364,,rh__lateraloccipital__48,Right,77,27,72,13,-99,0,lateraloccipital,3594822,139,139.0
4365,,rh__lateraloccipital__49,Right,57,41,79,33,-85,7,lateraloccipital,16478168,140,140.0
4366,,rh__lateraloccipital__50,Right,64,38,92,26,-88,20,lateraloccipital,1067383,177,177.0
4367,,rh__lateraloccipital__51,Right,43,65,64,47,-61,-8,lateraloccipital,10664952,246,246.0
4368,,rh__lateraloccipital__52,Right,45,61,75,45,-65,3,lateraloccipital,15955459,140,140.0
4369,,rh__lateraloccipital__53,Right,52,42,71,38,-84,-1,lateraloccipital,443118,143,143.0
4370,,rh__lateraloccipital__54,Right,42,64,59,48,-62,-13,lateraloccipital,12873103,271,271.0
4371,,rh__lateraloccipital__55,Right,71,30,58,19,-96,-14,lateraloccipital,14100701,362,362.0
4372,,rh__lateraloccipital__56,Right,55,50,55,35,-76,-17,lateraloccipital,10539587,159,159.0
4373,,rh__lateraloccipital__57,Right,63,40,57,27,-86,-15,lateraloccipital,4313491,180,180.0
4374,,rh__lateraloccipital__58,Right,50,46,76,40,-80,4,lateraloccipital,6842706,170,170.0
4375,,rh__lateraloccipital__59,Right,64,31,58,26,-95,-14,lateraloccipital,14445463,278,278.0
4376,,rh__lateraloccipital__60,Right,52,41,81,38,-85,9,lateraloccipital,14776665,199,199.0
4377,,rh__lateraloccipital__61,Right,60,35,92,30,-91,20,lateraloccipital,3532214,104,104.0
4378,,rh__lateraloccipital__62,Right,43,59,67,47,-67,-5,lateraloccipital,13512104,206,206.0
4379,,rh__lateraloccipital__63,Right,75,35,93,15,-91,21,lateraloccipital,571428,311,311.0
4380,,rh__lateraloccipital__64,Right,57,36,67,33,-90,-5,lateraloccipital,4468269,221,221.0
4381,,rh__lateraloccipital__65,Right,62,46,60,28,-80,-12,lateraloccipital,6547757,145,145.0
4382,,rh__lateraloccipital__66,Right,47,51,83,43,-75,11,lateraloccipital,1598374,108,108.0
4383,,rh__lateraloccipital__67,Right,41,63,71,49,-63,-1,lateraloccipital,456431,119,119.0
4384,,rh__lateraloccipital__68,Right,40,49,69,50,-77,-3,lateraloccipital,6452275,161,161.0
4385,,rh__lateraloccipital__69,Right,60,31,65,30,-95,-7,lateraloccipital,14898151,305,305.0
4386,,rh__lateraloccipital__70,Right,76,24,82,14,-102,10,lateraloccipital,16352731,216,216.0
4387,,rh__lateraloccipital__71,Right,37,56,82,53,-70,10,lateraloccipital,15743486,134,134.0
4388,,rh__lateraloccipital__72,Right,52,44,84,38,-82,12,lateraloccipital,8324257,265,265.0
4389,,rh__lateraloccipital__73,Right,47,60,72,43,-66,0,lateraloccipital,727043,86,86.0
4390,,rh__lateraloccipital__74,Right,51,49,58,39,-77,-14,lateraloccipital,4840812,305,305.0
4391,,rh__lateraloccipital__75,Right,55,38,70,35,-88,-2,lateraloccipital,4008157,169,169.0
4392,,rh__lateraloccipital__76,Right,70,38,63,20,-88,-9,lateraloccipital,6935716,269,269.0
4393,,rh__lateraloccipital__77,Right,44,54,66,46,-72,-6,lateraloccipital,7923493,127,127.0
4394,,rh__lateraloccipital__78,Right,63,42,94,27,-84,22,lateraloccipital,6462576,141,141.0
4395,,rh__lateraloccipital__79,Right,60,39,85,30,-87,13,lateraloccipital,8312075,174,174.0
4396,,rh__lateraloccipital__80,Right,62,29,70,28,-97,-2,lateraloccipital,8994633,236,236.0
4397,,rh__lateraloccipital__81,Right,60,44,58,30,-82,-14,lateraloccipital,5189911,199,199.0
4398,,rh__lateraloccipital__82,Right,62,30,80,28,-96,8,lateraloccipital,7917700,168,168.0
4399,,rh__lateraloccipital__83,Right,43,62,78,47,-64,6,lateraloccipital,14927735,229,229.0
4400,,rh__lateraloccipital__84,Right,39,51,72,51,-75,0,lateraloccipital,4610434,166,166.0
4401,,rh__lateraloccipital__85,Right,46,64,72,44,-62,0,lateraloccipital,7103112,117,117.0
4402,,rh__lateraloccipital__86,Right,73,29,89,17,-97,17,lateraloccipital,14164092,202,202.0
4403,,rh__lateraloccipital__87,Right,49,39,65,41,-87,-7,lateraloccipital,9526726,195,195.0
4404,,rh__lateraloccipital__88,Right,73,26,64,17,-100,-8,lateraloccipital,10662283,311,311.0
4405,,rh__lateraloccipital__89,Right,45,48,60,45,-78,-12,lateraloccipital,13363866,338,338.0
4406,,rh__lateraloccipital__90,Right,44,56,65,46,-70,-7,lateraloccipital,7106662,187,187.0
4407,,rh__lateraloccipital__91,Right,57,42,84,33,-84,12,lateraloccipital,12959432,167,167.0
4408,,rh__lateraloccipital__92,Right,68,36,93,22,-90,21,lateraloccipital,11911157,189,189.0
4409,,rh__lateraloccipital__93,Right,61,31,73,29,-95,1,lateraloccipital,6689066,224,224.0
4410,,rh__lateraloccipital__94,Right,59,47,59,31,-79,-13,lateraloccipital,1366670,106,106.0
4411,,rh__lateraloccipital__95,Right,57,36,74,33,-90,2,lateraloccipital,4240206,244,244.0
4412,,rh__lateraloccipital__96,Right,47,44,84,43,-82,12,lateraloccipital,7106821,118,118.0
4413,,rh__lateraloccipital__97,Right,41,55,71,49,-71,-1,lateraloccipital,8159262,132,132.0
4414,,rh__lateraloccipital__98,Right,65,43,59,25,-83,-13,lateraloccipital,12853646,285,285.0
4415,,rh__lateraloccipital__99,Right,66,39,93,24,-87,21,lateraloccipital,13214973,110,110.0
4416,,rh__lateraloccipital__100,Right,42,60,64,48,-66,-8,lateraloccipital,2818457,235,235.0
4417,,rh__lateraloccipital__101,Right,66,27,64,24,-99,-8,lateraloccipital,6549609,332,332.0
4418,,rh__lateraloccipital__102,Right,41,58,78,49,-68,6,lateraloccipital,2520315,290,290.0
4419,,rh__lateraloccipital__103,Right,72,34,62,18,-92,-10,lateraloccipital,15672545,200,200.0
4420,,rh__lateraloccipital__104,Right,75,24,76,15,-102,4,lateraloccipital,1646613,225,225.0
4421,,rh__lateraloccipital__105,Right,68,26,77,22,-100,5,lateraloccipital,16651226,226,226.0
4422,,rh__lateraloccipital__106,Right,39,51,77,51,-75,5,lateraloccipital,9126906,209,209.0
4423,,rh__lateraloccipital__107,Right,61,39,94,29,-87,22,lateraloccipital,15196618,148,148.0
4424,,rh__lateraloccipital__108,Right,71,35,95,19,-91,23,lateraloccipital,114117,138,138.0
4425,,rh__lateraloccipital__109,Right,53,39,67,37,-87,-5,lateraloccipital,1681676,165,165.0
4426,,rh__lateraloccipital__110,Right,50,45,74,40,-81,2,lateraloccipital,1525952,150,150.0
4427,,rh__lateraloccipital__111,Right,50,44,57,40,-82,-15,lateraloccipital,1269024,551,551.0
4428,,rh__lateraloccipital__112,Right,44,64,75,46,-62,3,lateraloccipital,7073579,104,104.0
4429,,rh__lateraloccipital__113,Right,57,42,55,33,-84,-17,lateraloccipital,4044386,237,237.0
4430,,rh__lateraloccipital__114,Right,60,34,79,30,-92,7,lateraloccipital,5023855,218,218.0
4431,,rh__lateraloccipital__115,Right,42,48,64,48,-78,-8,lateraloccipital,13502290,214,214.0
4432,,rh__lateraloccipital__116,Right,59,34,62,31,-92,-10,lateraloccipital,14120658,260,260.0
4433,,rh__lateraloccipital__117,Right,44,54,84,46,-72,12,lateraloccipital,15809087,268,268.0
4434,,rh__lateraloccipital__118,Right,43,48,75,47,-78,3,lateraloccipital,9923425,276,276.0
4435,,rh__lateraloccipital__119,Right,68,35,60,22,-91,-12,lateraloccipital,14409511,282,282.0
4436,,rh__lateraloccipital__120,Right,66,39,61,24,-87,-11,lateraloccipital,10181269,239,239.0
4437,,rh__lateraloccipital__121,Right,44,51,64,46,-75,-8,lateraloccipital,7859360,196,196.0
4438,,rh__lateraloccipital__122,Right,59,39,89,31,-87,17,lateraloccipital,10688830,169,169.0
4439,,rh__lateraloccipital__123,Right,56,41,82,34,-85,10,lateraloccipital,14623676,194,194.0
4440,,rh__lateraloccipital__124,Right,58,37,57,32,-89,-15,lateraloccipital,6055003,316,316.0
4441,,rh__lateraloccipital__125,Right,44,57,69,46,-69,-3,lateraloccipital,6853567,97,97.0
4442,,rh__lateraloccipital__126,Right,47,44,72,43,-82,0,lateraloccipital,4683171,180,180.0
4443,,rh__lateraloccipital__127,Right,44,58,75,46,-68,3,lateraloccipital,10202413,137,137.0
4444,,rh__lateraloccipital__128,Right,64,36,57,26,-90,-15,lateraloccipital,2024568,160,160.0
4445,,rh__lateraloccipital__129,Right,57,33,70,33,-93,-2,lateraloccipital,5068623,227,227.0
4446,,rh__lateraloccipital__130,Right,43,45,71,47,-81,-1,lateraloccipital,11536720,214,214.0
4447,,rh__lateraloccipital__131,Right,49,45,80,41,-81,8,lateraloccipital,15758497,238,238.0
4448,,rh__lateraloccipital__132,Right,69,27,85,21,-99,13,lateraloccipital,13297591,165,165.0
4449,,rh__lateraloccipital__133,Right,78,28,80,12,-98,8,lateraloccipital,15815213,223,223.0
4450,,rh__lateraloccipital__134,Right,44,54,62,46,-72,-10,lateraloccipital,15090978,261,261.0
4451,,rh__lateraloccipital__135,Right,44,65,74,46,-61,2,lateraloccipital,9578804,105,105.0
4452,,rh__lateraloccipital__136,Right,51,39,58,39,-87,-14,lateraloccipital,2586591,374,374.0
4453,,rh__lateraloccipital__137,Right,40,67,63,50,-59,-9,lateraloccipital,12945758,126,126.0
4454,,rh__lateraloccipital__138,Right,46,49,80,44,-77,8,lateraloccipital,9973039,176,176.0
4455,,rh__lateraloccipital__139,Right,60,33,83,30,-93,11,lateraloccipital,7360857,183,183.0
4456,,rh__lateraloccipital__140,Right,49,42,69,41,-84,-3,lateraloccipital,15663481,182,182.0
4457,,rh__lateraloccipital__141,Right,60,37,83,30,-89,11,lateraloccipital,7790269,188,188.0
4458,,rh__lateraloccipital__142,Right,44,61,70,46,-65,-2,lateraloccipital,2204720,165,165.0
4459,,rh__lateraloccipital__143,Right,42,52,68,48,-74,-4,lateraloccipital,12266718,181,181.0
4460,,rh__lateraloccipital__144,Right,48,48,83,42,-78,11,lateraloccipital,1507617,181,181.0
4461,,rh__lateraloccipital__145,Right,78,31,66,12,-95,-6,lateraloccipital,12408081,69,69.0
4462,,rh__lateraloccipital__146,Right,79,29,82,11,-97,10,lateraloccipital,1898501,285,285.0
4463,,rh__lateraloccipital__147,Right,56,40,76,34,-86,4,lateraloccipital,3087879,210,210.0
4464,,rh__lateraloccipital__148,Right,60,38,77,30,-88,5,lateraloccipital,16273790,133,133.0
4465,,rh__lateraloccipital__149,Right,70,43,62,20,-83,-10,lateraloccipital,1198316,324,324.0
4466,,rh__lateraloccipital__150,Right,59,38,81,31,-88,9,lateraloccipital,9365098,154,154.0
4467,,rh__lateraloccipital__151,Right,64,31,84,26,-95,12,lateraloccipital,6712326,166,166.0
4468,,rh__lateraloccipital__152,Right,53,43,74,37,-83,2,lateraloccipital,14990285,165,165.0
4469,,rh__lateraloccipital__153,Right,68,27,81,22,-99,9,lateraloccipital,4252818,212,212.0
4470,,rh__lateraloccipital__154,Right,42,59,61,48,-67,-11,lateraloccipital,10811291,253,253.0
4471,,rh__lateraloccipital__155,Right,46,52,59,44,-74,-13,lateraloccipital,9708090,277,277.0
4472,,rh__lateraloccipital__156,Right,55,37,63,35,-89,-9,lateraloccipital,14266722,266,266.0
4473,,rh__lateraloccipital__157,Right,38,55,77,52,-71,5,lateraloccipital,4331119,152,152.0
4474,,rh__lateraloccipital__158,Right,42,56,86,48,-70,14,lateraloccipital,2455370,176,176.0
4475,,rh__lateraloccipital__159,Right,69,28,87,21,-98,15,lateraloccipital,12167909,81,81.0
4476,,rh__lateraloccipital__160,Right,68,29,89,22,-97,17,lateraloccipital,1870031,84,84.0
4477,,rh__lateraloccipital__161,Right,66,32,93,24,-94,21,lateraloccipital,6564338,97,97.0
4478,,rh__lateraloccipital__162,Right,68,30,92,22,-96,20,lateraloccipital,10470661,70,70.0
4479,,rh__lateraloccipital__163,Right,64,32,87,26,-94,15,lateraloccipital,7313182,121,121.0
4480,,rh__lateraloccipital__164,Right,63,32,90,27,-94,18,lateraloccipital,4902079,68,68.0
4481,,rh__lateraloccipital__165,Right,63,34,92,27,-92,20,lateraloccipital,11598818,51,51.0
4482,,rh__lateraloccipital__166,Right,64,35,93,26,-91,21,lateraloccipital,9520374,71,71.0
4483,,rh__lateralorbitofrontal__1,Right,78,167,52,12,41,-20,lateralorbitofrontal,11921269,47,47.0
4484,,rh__lateralorbitofrontal__2,Right,58,159,55,32,33,-17,lateralorbitofrontal,3286261,250,250.0
4485,,rh__lateralorbitofrontal__3,Right,64,149,51,26,23,-21,lateralorbitofrontal,3046333,245,245.0
4486,,rh__lateralorbitofrontal__4,Right,60,177,60,30,51,-12,lateralorbitofrontal,5672571,110,110.0
4487,,rh__lateralorbitofrontal__5,Right,60,153,72,30,27,0,lateralorbitofrontal,4129539,80,80.0
4488,,rh__lateralorbitofrontal__6,Right,73,165,51,17,39,-21,lateralorbitofrontal,10884768,100,100.0
4489,,rh__lateralorbitofrontal__7,Right,72,140,49,18,14,-23,lateralorbitofrontal,12211438,235,235.0
4490,,rh__lateralorbitofrontal__8,Right,60,148,68,30,22,-4,lateralorbitofrontal,4876257,84,84.0
4491,,rh__lateralorbitofrontal__9,Right,62,148,60,28,22,-12,lateralorbitofrontal,1258234,87,87.0
4492,,rh__lateralorbitofrontal__10,Right,69,135,52,21,9,-20,lateralorbitofrontal,14703932,105,105.0
4493,,rh__lateralorbitofrontal__11,Right,80,178,49,10,52,-23,lateralorbitofrontal,10519410,136,136.0
4494,,rh__lateralorbitofrontal__12,Right,77,150,57,13,24,-15,lateralorbitofrontal,5959012,80,80.0
4495,,rh__lateralorbitofrontal__13,Right,60,172,58,30,46,-14,lateralorbitofrontal,12667153,160,160.0
4496,,rh__lateralorbitofrontal__14,Right,60,154,76,30,28,4,lateralorbitofrontal,997136,78,78.0
4497,,rh__lateralorbitofrontal__15,Right,64,167,57,26,41,-15,lateralorbitofrontal,15008918,237,237.0
4498,,rh__lateralorbitofrontal__16,Right,75,171,50,15,45,-22,lateralorbitofrontal,127742,123,123.0
4499,,rh__lateralorbitofrontal__17,Right,64,142,53,26,16,-19,lateralorbitofrontal,4011849,121,121.0
4500,,rh__lateralorbitofrontal__18,Right,52,153,68,38,27,-4,lateralorbitofrontal,7199394,152,152.0
4501,,rh__lateralorbitofrontal__19,Right,61,148,64,29,22,-8,lateralorbitofrontal,14197549,91,91.0
4502,,rh__lateralorbitofrontal__20,Right,66,177,58,24,51,-14,lateralorbitofrontal,16263694,129,129.0
4503,,rh__lateralorbitofrontal__21,Right,60,163,64,30,37,-8,lateralorbitofrontal,10645725,69,69.0
4504,,rh__lateralorbitofrontal__22,Right,50,150,63,40,24,-9,lateralorbitofrontal,4372476,153,153.0
4505,,rh__lateralorbitofrontal__23,Right,77,160,54,13,34,-18,lateralorbitofrontal,1993317,24,24.0
4506,,rh__lateralorbitofrontal__24,Right,75,142,55,15,16,-17,lateralorbitofrontal,3151266,148,148.0
4507,,rh__lateralorbitofrontal__25,Right,58,166,64,32,40,-8,lateralorbitofrontal,13834135,81,81.0
4508,,rh__lateralorbitofrontal__26,Right,59,155,69,31,29,-3,lateralorbitofrontal,16528044,76,76.0
4509,,rh__lateralorbitofrontal__27,Right,76,157,51,14,31,-21,lateralorbitofrontal,6962937,120,120.0
4510,,rh__lateralorbitofrontal__28,Right,75,139,56,15,13,-16,lateralorbitofrontal,3067801,94,94.0
4511,,rh__lateralorbitofrontal__29,Right,69,158,54,21,32,-18,lateralorbitofrontal,11315346,178,178.0
4512,,rh__lateralorbitofrontal__30,Right,63,179,60,27,53,-12,lateralorbitofrontal,6091743,97,97.0
4513,,rh__lateralorbitofrontal__31,Right,63,146,57,27,20,-15,lateralorbitofrontal,9704297,111,111.0
4514,,rh__lateralorbitofrontal__32,Right,80,184,49,10,58,-23,lateralorbitofrontal,7211504,216,216.0
4515,,rh__lateralorbitofrontal__33,Right,55,156,70,35,30,-2,lateralorbitofrontal,15454000,99,99.0
4516,,rh__lateralorbitofrontal__34,Right,77,156,55,13,30,-17,lateralorbitofrontal,2468298,26,26.0
4517,,rh__lateralorbitofrontal__35,Right,70,179,58,20,53,-14,lateralorbitofrontal,1706293,110,110.0
4518,,rh__lateralorbitofrontal__36,Right,60,151,70,30,25,-2,lateralorbitofrontal,2217855,89,89.0
4519,,rh__lateralorbitofrontal__37,Right,48,151,57,42,25,-15,lateralorbitofrontal,12967157,229,229.0
4520,,rh__lateralorbitofrontal__38,Right,62,160,63,28,34,-9,lateralorbitofrontal,1636009,88,88.0
4521,,rh__lateralorbitofrontal__39,Right,79,173,49,11,47,-23,lateralorbitofrontal,12848875,92,92.0
4522,,rh__lateralorbitofrontal__40,Right,72,138,52,18,12,-20,lateralorbitofrontal,7322862,184,184.0
4523,,rh__lateralorbitofrontal__41,Right,71,152,54,19,26,-18,lateralorbitofrontal,15303441,79,79.0
4524,,rh__lateralorbitofrontal__42,Right,58,167,59,32,41,-13,lateralorbitofrontal,15348616,262,262.0
4525,,rh__lateralorbitofrontal__43,Right,55,162,64,35,36,-8,lateralorbitofrontal,3520339,76,76.0
4526,,rh__lateralorbitofrontal__44,Right,80,188,52,10,62,-20,lateralorbitofrontal,891864,223,223.0
4527,,rh__lateralorbitofrontal__45,Right,58,157,73,32,31,1,lateralorbitofrontal,8739638,69,69.0
4528,,rh__lateralorbitofrontal__46,Right,79,168,50,11,42,-22,lateralorbitofrontal,6646394,57,57.0
4529,,rh__lateralorbitofrontal__47,Right,65,165,56,25,39,-16,lateralorbitofrontal,13427243,175,175.0
4530,,rh__lateralorbitofrontal__48,Right,68,137,50,22,11,-22,lateralorbitofrontal,9616672,182,182.0
4531,,rh__lateralorbitofrontal__49,Right,77,144,59,13,18,-13,lateralorbitofrontal,10350544,56,56.0
4532,,rh__lateralorbitofrontal__50,Right,71,156,50,19,30,-22,lateralorbitofrontal,1995788,174,174.0
4533,,rh__lateralorbitofrontal__51,Right,62,144,52,28,18,-20,lateralorbitofrontal,7868611,149,149.0
4534,,rh__lateralorbitofrontal__52,Right,76,143,50,14,17,-22,lateralorbitofrontal,4685673,204,204.0
4535,,rh__lateralorbitofrontal__53,Right,54,149,61,36,23,-11,lateralorbitofrontal,15265698,280,280.0
4536,,rh__lateralorbitofrontal__54,Right,79,170,49,11,44,-23,lateralorbitofrontal,2886658,54,54.0
4537,,rh__lateralorbitofrontal__55,Right,77,163,53,13,37,-19,lateralorbitofrontal,6234387,86,86.0
4538,,rh__lateralorbitofrontal__56,Right,64,174,60,26,48,-12,lateralorbitofrontal,16693465,104,104.0
4539,,rh__lateralorbitofrontal__57,Right,73,149,51,17,23,-21,lateralorbitofrontal,9553485,134,134.0
4540,,rh__lateralorbitofrontal__58,Right,77,180,52,13,54,-20,lateralorbitofrontal,10542586,155,155.0
4541,,rh__lateralorbitofrontal__59,Right,58,153,52,32,27,-20,lateralorbitofrontal,13438045,271,271.0
4542,,rh__lateralorbitofrontal__60,Right,63,170,59,27,44,-13,lateralorbitofrontal,11042286,151,151.0
4543,,rh__lateralorbitofrontal__61,Right,59,152,65,31,26,-7,lateralorbitofrontal,14081801,100,100.0
4544,,rh__lateralorbitofrontal__62,Right,56,160,60,34,34,-12,lateralorbitofrontal,15577157,151,151.0
4545,,rh__lateralorbitofrontal__63,Right,70,155,56,20,29,-16,lateralorbitofrontal,9908631,72,72.0
4546,,rh__lateralorbitofrontal__64,Right,72,168,54,18,42,-18,lateralorbitofrontal,15354331,101,101.0
4547,,rh__lateralorbitofrontal__65,Right,58,148,56,32,22,-16,lateralorbitofrontal,919265,171,171.0
4548,,rh__lateralorbitofrontal__66,Right,67,155,59,23,29,-13,lateralorbitofrontal,16557741,73,73.0
4549,,rh__lateralorbitofrontal__67,Right,65,143,48,25,17,-24,lateralorbitofrontal,10571347,223,223.0
4550,,rh__lateralorbitofrontal__68,Right,68,159,60,22,33,-12,lateralorbitofrontal,1669728,65,65.0
4551,,rh__lateralorbitofrontal__69,Right,77,159,48,13,33,-24,lateralorbitofrontal,4517939,147,147.0
4552,,rh__lateralorbitofrontal__70,Right,52,158,59,38,32,-13,lateralorbitofrontal,7321019,122,122.0
4553,,rh__lateralorbitofrontal__71,Right,75,148,56,15,22,-16,lateralorbitofrontal,14666614,70,70.0
4554,,rh__lateralorbitofrontal__72,Right,77,164,48,13,38,-24,lateralorbitofrontal,555730,109,109.0
4555,,rh__lateralorbitofrontal__73,Right,72,160,50,18,34,-22,lateralorbitofrontal,14496366,156,156.0
4556,,rh__lateralorbitofrontal__74,Right,62,165,61,28,39,-11,lateralorbitofrontal,4064192,149,149.0
4557,,rh__lateralorbitofrontal__75,Right,58,151,60,32,25,-12,lateralorbitofrontal,3380815,154,154.0
4558,,rh__lateralorbitofrontal__76,Right,68,175,59,22,49,-13,lateralorbitofrontal,1194897,108,108.0
4559,,rh__lateralorbitofrontal__77,Right,59,147,51,31,21,-21,lateralorbitofrontal,10582475,264,264.0
4560,,rh__lateralorbitofrontal__78,Right,74,152,49,16,26,-23,lateralorbitofrontal,13596222,175,175.0
4561,,rh__lateralorbitofrontal__79,Right,72,172,55,18,46,-17,lateralorbitofrontal,8444017,108,108.0
4562,,rh__lateralorbitofrontal__80,Right,76,147,50,14,21,-22,lateralorbitofrontal,4999199,175,175.0
4563,,rh__lateralorbitofrontal__81,Right,54,149,55,36,23,-17,lateralorbitofrontal,7348653,241,241.0
4564,,rh__lateralorbitofrontal__82,Right,75,168,49,15,42,-23,lateralorbitofrontal,10173223,104,104.0
4565,,rh__lateralorbitofrontal__83,Right,66,162,61,24,36,-11,lateralorbitofrontal,14644277,81,81.0
4566,,rh__lateralorbitofrontal__84,Right,52,155,55,38,29,-17,lateralorbitofrontal,12287805,343,343.0
4567,,rh__lateralorbitofrontal__85,Right,70,146,52,20,20,-20,lateralorbitofrontal,6674670,165,165.0
4568,,rh__lateralorbitofrontal__86,Right,63,158,61,27,32,-11,lateralorbitofrontal,16562119,94,94.0
4569,,rh__lateralorbitofrontal__87,Right,64,153,53,26,27,-19,lateralorbitofrontal,1673789,236,236.0
4570,,rh__lateralorbitofrontal__88,Right,62,157,56,28,31,-16,lateralorbitofrontal,8295880,195,195.0
4571,,rh__lateralorbitofrontal__89,Right,70,169,57,20,43,-15,lateralorbitofrontal,10679357,95,95.0
4572,,rh__lateralorbitofrontal__90,Right,65,140,49,25,14,-23,lateralorbitofrontal,10548008,163,163.0
4573,,rh__lateralorbitofrontal__91,Right,68,151,56,22,25,-16,lateralorbitofrontal,6040498,91,91.0
4574,,rh__lateralorbitofrontal__92,Right,69,164,54,21,38,-18,lateralorbitofrontal,10869942,167,167.0
4575,,rh__lateralorbitofrontal__93,Right,67,171,59,23,45,-13,lateralorbitofrontal,6192344,112,112.0
4576,,rh__lateralorbitofrontal__94,Right,67,161,56,23,35,-16,lateralorbitofrontal,11082059,204,204.0
4577,,rh__lateralorbitofrontal__95,Right,55,153,65,35,27,-7,lateralorbitofrontal,11398842,103,103.0
4578,,rh__lateralorbitofrontal__96,Right,76,152,52,14,26,-20,lateralorbitofrontal,11044907,110,110.0
4579,,rh__lateralorbitofrontal__97,Right,71,173,58,19,47,-14,lateralorbitofrontal,12718752,91,91.0
4580,,rh__lateralorbitofrontal__98,Right,77,184,53,13,58,-19,lateralorbitofrontal,15492868,69,69.0
4581,,rh__lateralorbitofrontal__99,Right,75,184,55,15,58,-17,lateralorbitofrontal,12921139,83,83.0
4582,,rh__lateralorbitofrontal__100,Right,74,180,55,16,54,-17,lateralorbitofrontal,12743551,62,62.0
4583,,rh__lateralorbitofrontal__101,Right,72,177,56,18,51,-16,lateralorbitofrontal,1119841,69,69.0
4584,,rh__lateralorbitofrontal__102,Right,72,182,57,18,56,-15,lateralorbitofrontal,12339991,115,115.0
4585,,rh__lateralorbitofrontal__103,Right,73,175,54,17,49,-18,lateralorbitofrontal,13151543,104,104.0
4586,,rh__lateralorbitofrontal__104,Right,76,175,51,14,49,-21,lateralorbitofrontal,5758403,66,66.0
4587,,rh__lingual__1,Right,87,60,77,3,-66,5,lingual,12956833,126,126.0
4588,,rh__lingual__2,Right,78,78,68,12,-48,-4,lingual,11619719,101,101.0
4589,,rh__lingual__3,Right,72,80,68,18,-46,-4,lingual,15203686,95,95.0
4590,,rh__lingual__4,Right,67,50,65,23,-76,-7,lingual,12270869,101,101.0
4591,,rh__lingual__5,Right,59,85,65,31,-41,-7,lingual,1747149,112,112.0
4592,,rh__lingual__6,Right,64,62,67,26,-64,-5,lingual,7540151,78,78.0
4593,,rh__lingual__7,Right,87,53,74,3,-73,2,lingual,4755826,138,138.0
4594,,rh__lingual__8,Right,66,73,64,24,-53,-8,lingual,4060107,89,89.0
4595,,rh__lingual__9,Right,71,49,59,19,-77,-13,lingual,6560253,71,71.0
4596,,rh__lingual__10,Right,87,41,67,3,-85,-5,lingual,3651719,214,214.0
4597,,rh__lingual__11,Right,68,77,75,22,-49,3,lingual,3645040,74,74.0
4598,,rh__lingual__12,Right,77,44,58,13,-82,-14,lingual,1742471,165,165.0
4599,,rh__lingual__13,Right,81,34,64,9,-92,-8,lingual,12142544,399,399.0
4600,,rh__lingual__14,Right,67,60,63,23,-66,-9,lingual,12768978,114,114.0
4601,,rh__lingual__15,Right,68,78,64,22,-48,-8,lingual,769591,95,95.0
4602,,rh__lingual__16,Right,77,79,66,13,-47,-6,lingual,15835994,107,107.0
4603,,rh__lingual__17,Right,60,70,66,30,-56,-6,lingual,14966526,59,59.0
4604,,rh__lingual__18,Right,63,67,67,27,-59,-5,lingual,14223522,69,69.0
4605,,rh__lingual__19,Right,81,56,71,9,-70,-1,lingual,4922566,155,155.0
4606,,rh__lingual__20,Right,74,85,66,16,-41,-6,lingual,4330562,113,113.0
4607,,rh__lingual__21,Right,80,53,69,10,-73,-3,lingual,859318,162,162.0
4608,,rh__lingual__22,Right,64,55,67,26,-71,-5,lingual,13611806,109,109.0
4609,,rh__lingual__23,Right,86,36,66,4,-90,-6,lingual,11399054,174,174.0
4610,,rh__lingual__24,Right,80,70,70,10,-56,-2,lingual,13925692,123,123.0
4611,,rh__lingual__25,Right,71,83,60,19,-43,-12,lingual,6411452,82,82.0
4612,,rh__lingual__26,Right,63,66,75,27,-60,3,lingual,10509782,70,70.0
4613,,rh__lingual__27,Right,66,75,76,24,-51,4,lingual,5181273,76,76.0
4614,,rh__lingual__28,Right,87,51,69,3,-75,-3,lingual,7661874,156,156.0
4615,,rh__lingual__29,Right,62,61,66,28,-65,-6,lingual,16491643,29,29.0
4616,,rh__lingual__30,Right,86,64,76,4,-62,4,lingual,14029594,167,167.0
4617,,rh__lingual__31,Right,72,72,65,18,-54,-7,lingual,11743405,146,146.0
4618,,rh__lingual__32,Right,87,48,76,3,-78,4,lingual,11861671,119,119.0
4619,,rh__lingual__33,Right,74,49,60,16,-77,-12,lingual,7916713,140,140.0
4620,,rh__lingual__34,Right,87,57,77,3,-69,5,lingual,10502603,103,103.0
4621,,rh__lingual__35,Right,69,75,62,21,-51,-10,lingual,8604327,113,113.0
4622,,rh__lingual__36,Right,83,68,76,7,-58,4,lingual,2121342,113,113.0
4623,,rh__lingual__37,Right,60,81,66,30,-45,-6,lingual,10744960,66,66.0
4624,,rh__lingual__38,Right,77,54,66,13,-72,-6,lingual,15991953,251,251.0
4625,,rh__lingual__39,Right,63,71,66,27,-55,-6,lingual,5960955,100,100.0
4626,,rh__lingual__40,Right,69,63,75,21,-63,3,lingual,10958785,130,130.0
4627,,rh__lingual__41,Right,70,80,70,20,-46,-2,lingual,14455146,87,87.0
4628,,rh__lingual__42,Right,87,56,82,3,-70,10,lingual,13560431,55,55.0
4629,,rh__lingual__43,Right,76,87,63,14,-39,-9,lingual,675342,47,47.0
4630,,rh__lingual__44,Right,77,39,59,13,-87,-13,lingual,3777847,241,241.0
4631,,rh__lingual__45,Right,65,72,74,25,-54,2,lingual,12235588,79,79.0
4632,,rh__lingual__46,Right,83,63,73,7,-63,1,lingual,3669204,155,155.0
4633,,rh__lingual__47,Right,65,81,65,25,-45,-7,lingual,3375667,115,115.0
4634,,rh__lingual__48,Right,65,69,75,25,-57,3,lingual,12285471,129,129.0
4635,,rh__lingual__49,Right,74,56,61,16,-70,-11,lingual,14288489,156,156.0
4636,,rh__lingual__50,Right,77,61,67,13,-65,-5,lingual,2367892,136,136.0
4637,,rh__lingual__51,Right,81,43,60,9,-83,-12,lingual,14450212,245,245.0
4638,,rh__lingual__52,Right,73,47,57,17,-79,-15,lingual,15927779,65,65.0
4639,,rh__lingual__53,Right,75,68,68,15,-58,-4,lingual,6011278,142,142.0
4640,,rh__lingual__54,Right,64,59,67,26,-67,-5,lingual,15395585,55,55.0
4641,,rh__lingual__55,Right,82,68,73,8,-58,1,lingual,12578862,120,120.0
4642,,rh__lingual__56,Right,77,83,65,13,-43,-7,lingual,11804703,65,65.0
4643,,rh__lingual__57,Right,87,48,65,3,-78,-7,lingual,8117140,179,179.0
4644,,rh__lingual__58,Right,70,81,61,20,-45,-11,lingual,7919225,108,108.0
4645,,rh__lingual__59,Right,87,52,79,3,-74,7,lingual,14172732,70,70.0
4646,,rh__lingual__60,Right,70,49,63,20,-77,-9,lingual,15287428,124,124.0
4647,,rh__lingual__61,Right,67,84,63,23,-42,-9,lingual,10646237,60,60.0
4648,,rh__lingual__62,Right,87,45,71,3,-81,-1,lingual,6326537,181,181.0
4649,,rh__lingual__63,Right,73,78,62,17,-48,-10,lingual,12591146,115,115.0
4650,,rh__lingual__64,Right,68,58,61,22,-68,-11,lingual,1409645,176,176.0
4651,,rh__lingual__65,Right,69,71,62,21,-55,-10,lingual,6705180,105,105.0
4652,,rh__lingual__66,Right,71,84,68,19,-42,-4,lingual,5347560,76,76.0
4653,,rh__lingual__67,Right,79,57,67,11,-69,-5,lingual,6383113,151,151.0
4654,,rh__lingual__68,Right,88,60,81,2,-66,9,lingual,8339088,50,50.0
4655,,rh__lingual__69,Right,71,52,61,19,-74,-11,lingual,625676,174,174.0
4656,,rh__lingual__70,Right,60,74,66,30,-52,-6,lingual,14329806,60,60.0
4657,,rh__lingual__71,Right,79,51,64,11,-75,-8,lingual,12839678,222,222.0
4658,,rh__lingual__72,Right,85,38,60,5,-88,-12,lingual,6499756,263,263.0
4659,,rh__lingual__73,Right,78,65,70,12,-61,-2,lingual,5613925,160,160.0
4660,,rh__lingual__74,Right,75,82,62,15,-44,-10,lingual,14723290,95,95.0
4661,,rh__lingual__75,Right,74,57,65,16,-69,-7,lingual,15513785,193,193.0
4662,,rh__lingual__76,Right,73,63,65,17,-63,-7,lingual,13318851,147,147.0
4663,,rh__lingual__77,Right,74,75,64,16,-51,-8,lingual,10111555,137,137.0
4664,,rh__lingual__78,Right,79,49,59,11,-77,-13,lingual,10680245,136,136.0
4665,,rh__lingual__79,Right,67,68,65,23,-58,-7,lingual,16448633,111,111.0
4666,,rh__lingual__80,Right,73,77,70,17,-49,-2,lingual,2222609,119,119.0
4667,,rh__lingual__81,Right,84,59,73,6,-67,1,lingual,15737718,173,173.0
4668,,rh__lingual__82,Right,64,76,65,26,-50,-7,lingual,5019426,106,106.0
4669,,rh__lingual__83,Right,67,62,65,23,-64,-7,lingual,16211169,79,79.0
4670,,rh__lingual__84,Right,62,78,66,28,-48,-6,lingual,11550044,73,73.0
4671,,rh__lingual__85,Right,77,72,68,13,-54,-4,lingual,2511453,138,138.0
4672,,rh__lingual__86,Right,84,52,71,6,-74,-1,lingual,5341645,175,175.0
4673,,rh__lingual__87,Right,63,84,65,27,-42,-7,lingual,3890169,91,91.0
4674,,rh__lingual__88,Right,75,51,60,15,-75,-12,lingual,13348883,88,88.0
4675,,rh__lingual__89,Right,81,62,69,9,-64,-3,lingual,12574624,112,112.0
4676,,rh__lingual__90,Right,71,60,64,19,-66,-8,lingual,10156471,142,142.0
4677,,rh__lingual__91,Right,69,66,64,21,-60,-8,lingual,7544869,133,133.0
4678,,rh__lingual__92,Right,74,60,67,16,-66,-5,lingual,832650,103,103.0
4679,,rh__lingual__93,Right,86,43,61,4,-83,-11,lingual,8768120,259,259.0
4680,,rh__lingual__94,Right,84,56,75,6,-70,3,lingual,8921447,176,176.0
4681,,rh__lingual__95,Right,62,64,66,28,-62,-6,lingual,4317977,52,52.0
4682,,rh__lingual__96,Right,69,76,71,21,-50,-1,lingual,4989138,129,129.0
4683,,rh__lingual__97,Right,68,64,66,22,-62,-6,lingual,7148987,129,129.0
4684,,rh__lingual__98,Right,76,65,65,14,-61,-7,lingual,15985267,115,115.0
4685,,rh__lingual__99,Right,81,59,68,9,-67,-4,lingual,8654997,89,89.0
4686,,rh__lingual__100,Right,72,68,63,18,-58,-9,lingual,13805741,202,202.0
4687,,rh__lingual__101,Right,76,87,65,14,-39,-7,lingual,13471905,39,39.0
4688,,rh__lingual__102,Right,80,71,73,10,-55,1,lingual,15193500,79,79.0
4689,,rh__lingual__103,Right,69,53,63,21,-73,-9,lingual,5386671,177,177.0
4690,,rh__lingual__104,Right,66,56,65,24,-70,-7,lingual,12190553,105,105.0
4691,,rh__lingual__105,Right,80,76,70,10,-50,-2,lingual,13248984,86,86.0
4692,,rh__lingual__106,Right,76,82,68,14,-44,-4,lingual,8505446,77,77.0
4693,,rh__lingual__107,Right,73,68,76,17,-58,4,lingual,6694336,87,87.0
4694,,rh__lingual__108,Right,72,67,76,18,-59,4,lingual,14169690,92,92.0
4695,,rh__lingual__109,Right,82,67,79,8,-59,7,lingual,3735167,71,71.0
4696,,rh__lingual__110,Right,78,66,78,12,-60,6,lingual,12139738,96,96.0
4697,,rh__lingual__111,Right,78,69,75,12,-57,3,lingual,16216060,82,82.0
4698,,rh__lingual__112,Right,72,70,74,18,-56,2,lingual,10000777,85,85.0
4699,,rh__lingual__113,Right,81,49,68,9,-77,-4,lingual,14796376,101,101.0
4700,,rh__lingual__114,Right,83,49,67,7,-77,-5,lingual,197141,106,106.0
4701,,rh__lingual__115,Right,86,64,80,4,-62,8,lingual,14882482,83,83.0
4702,,rh__lingual__116,Right,71,73,72,19,-53,0,lingual,1920701,106,106.0
4703,,rh__lingual__117,Right,72,72,74,18,-54,2,lingual,4253648,83,83.0
4704,,rh__lingual__118,Right,82,47,64,8,-79,-8,lingual,13612030,145,145.0
4705,,rh__lingual__119,Right,82,45,63,8,-81,-9,lingual,9559510,136,136.0
4706,,rh__lingual__120,Right,80,63,78,10,-63,6,lingual,9273321,101,101.0
4707,,rh__lingual__121,Right,72,61,76,18,-65,4,lingual,3808966,66,66.0
4708,,rh__lingual__122,Right,79,74,73,11,-52,1,lingual,7936535,51,51.0
4709,,rh__lingual__123,Right,74,75,72,16,-51,0,lingual,9226011,99,99.0
4710,,rh__medialorbitofrontal__1,Right,87,153,56,3,27,-16,medialorbitofrontal,7802949,138,138.0
4711,,rh__medialorbitofrontal__2,Right,86,149,58,4,23,-14,medialorbitofrontal,5238931,124,124.0
4712,,rh__medialorbitofrontal__3,Right,82,182,67,8,56,-5,medialorbitofrontal,16343697,102,102.0
4713,,rh__medialorbitofrontal__4,Right,83,182,69,7,56,-3,medialorbitofrontal,9962951,92,92.0
4714,,rh__medialorbitofrontal__5,Right,82,152,51,8,26,-21,medialorbitofrontal,5311630,93,93.0
4715,,rh__medialorbitofrontal__6,Right,86,172,47,4,46,-25,medialorbitofrontal,15304170,105,105.0
4716,,rh__medialorbitofrontal__7,Right,85,141,60,5,15,-12,medialorbitofrontal,7755500,74,74.0
4717,,rh__medialorbitofrontal__8,Right,83,161,62,7,35,-10,medialorbitofrontal,14813735,44,44.0
4718,,rh__medialorbitofrontal__9,Right,78,140,57,12,14,-15,medialorbitofrontal,11126663,74,74.0
4719,,rh__medialorbitofrontal__10,Right,79,170,66,11,44,-6,medialorbitofrontal,15892836,76,76.0
4720,,rh__medialorbitofrontal__11,Right,82,174,69,8,48,-3,medialorbitofrontal,16172764,91,91.0
4721,,rh__medialorbitofrontal__12,Right,84,164,46,6,38,-26,medialorbitofrontal,9574972,88,88.0
4722,,rh__medialorbitofrontal__13,Right,81,166,49,9,40,-23,medialorbitofrontal,5245420,64,64.0
4723,,rh__medialorbitofrontal__14,Right,86,142,57,4,16,-15,medialorbitofrontal,502525,78,78.0
4724,,rh__medialorbitofrontal__15,Right,84,177,59,6,51,-13,medialorbitofrontal,2360759,130,130.0
4725,,rh__medialorbitofrontal__16,Right,81,147,51,9,21,-21,medialorbitofrontal,437795,141,141.0
4726,,rh__medialorbitofrontal__17,Right,82,172,50,8,46,-22,medialorbitofrontal,377376,84,84.0
4727,,rh__medialorbitofrontal__18,Right,83,186,64,7,60,-8,medialorbitofrontal,9486621,110,110.0
4728,,rh__medialorbitofrontal__19,Right,82,138,53,8,12,-19,medialorbitofrontal,9350711,48,48.0
4729,,rh__medialorbitofrontal__20,Right,88,175,52,2,49,-20,medialorbitofrontal,8080159,158,158.0
4730,,rh__medialorbitofrontal__21,Right,86,158,58,4,32,-14,medialorbitofrontal,12001699,212,212.0
4731,,rh__medialorbitofrontal__22,Right,82,154,48,8,28,-24,medialorbitofrontal,3801346,159,159.0
4732,,rh__medialorbitofrontal__23,Right,80,164,50,10,38,-22,medialorbitofrontal,5959877,66,66.0
4733,,rh__medialorbitofrontal__24,Right,78,172,69,12,46,-3,medialorbitofrontal,16089953,66,66.0
4734,,rh__medialorbitofrontal__25,Right,84,186,70,6,60,-2,medialorbitofrontal,2147836,119,119.0
4735,,rh__medialorbitofrontal__26,Right,86,146,59,4,20,-13,medialorbitofrontal,12147216,79,79.0
4736,,rh__medialorbitofrontal__27,Right,86,186,57,4,60,-15,medialorbitofrontal,2824244,180,180.0
4737,,rh__medialorbitofrontal__28,Right,82,165,63,8,39,-9,medialorbitofrontal,4125013,70,70.0
4738,,rh__medialorbitofrontal__29,Right,85,151,59,5,25,-13,medialorbitofrontal,16335724,61,61.0
4739,,rh__medialorbitofrontal__30,Right,86,165,53,4,39,-19,medialorbitofrontal,4190151,91,91.0
4740,,rh__medialorbitofrontal__31,Right,83,177,49,7,51,-23,medialorbitofrontal,11238587,120,120.0
4741,,rh__medialorbitofrontal__32,Right,83,178,69,7,52,-3,medialorbitofrontal,3549063,157,157.0
4742,,rh__medialorbitofrontal__33,Right,83,175,49,7,49,-23,medialorbitofrontal,7921208,100,100.0
4743,,rh__medialorbitofrontal__34,Right,85,164,57,5,38,-15,medialorbitofrontal,14105705,119,119.0
4744,,rh__medialorbitofrontal__35,Right,80,159,53,10,33,-19,medialorbitofrontal,13827745,46,46.0
4745,,rh__medialorbitofrontal__36,Right,85,137,54,5,11,-18,medialorbitofrontal,8622780,108,108.0
4746,,rh__medialorbitofrontal__37,Right,84,174,57,6,48,-15,medialorbitofrontal,5987615,132,132.0
4747,,rh__medialorbitofrontal__38,Right,87,163,50,3,37,-22,medialorbitofrontal,5384217,119,119.0
4748,,rh__medialorbitofrontal__39,Right,87,169,47,3,43,-25,medialorbitofrontal,11638459,120,120.0
4749,,rh__medialorbitofrontal__40,Right,87,159,45,3,33,-27,medialorbitofrontal,14521750,88,88.0
4750,,rh__medialorbitofrontal__41,Right,85,181,49,5,55,-23,medialorbitofrontal,12508900,241,241.0
4751,,rh__medialorbitofrontal__42,Right,85,173,67,5,47,-5,medialorbitofrontal,13008659,130,130.0
4752,,rh__medialorbitofrontal__43,Right,80,161,53,10,35,-19,medialorbitofrontal,12944508,35,35.0
4753,,rh__medialorbitofrontal__44,Right,86,164,61,4,38,-11,medialorbitofrontal,14959649,119,119.0
4754,,rh__medialorbitofrontal__45,Right,87,150,48,3,24,-24,medialorbitofrontal,1174420,113,113.0
4755,,rh__medialorbitofrontal__46,Right,81,181,64,9,55,-8,medialorbitofrontal,5140248,115,115.0
4756,,rh__medialorbitofrontal__47,Right,86,139,56,4,13,-16,medialorbitofrontal,10309168,90,90.0
4757,,rh__medialorbitofrontal__48,Right,84,156,60,6,30,-12,medialorbitofrontal,8748745,58,58.0
4758,,rh__medialorbitofrontal__49,Right,82,168,49,8,42,-23,medialorbitofrontal,6542490,72,72.0
4759,,rh__medialorbitofrontal__50,Right,88,173,50,2,47,-22,medialorbitofrontal,1732958,119,119.0
4760,,rh__medialorbitofrontal__51,Right,80,151,55,10,25,-17,medialorbitofrontal,6261197,79,79.0
4761,,rh__medialorbitofrontal__52,Right,80,147,56,10,21,-16,medialorbitofrontal,1128426,78,78.0
4762,,rh__medialorbitofrontal__53,Right,85,171,55,5,45,-17,medialorbitofrontal,13033585,116,116.0
4763,,rh__medialorbitofrontal__54,Right,86,142,51,4,16,-21,medialorbitofrontal,7754358,151,151.0
4764,,rh__medialorbitofrontal__55,Right,87,155,56,3,29,-16,medialorbitofrontal,7635085,131,131.0
4765,,rh__medialorbitofrontal__56,Right,84,167,55,6,41,-17,medialorbitofrontal,4290681,58,58.0
4766,,rh__medialorbitofrontal__57,Right,82,168,64,8,42,-8,medialorbitofrontal,9399282,89,89.0
4767,,rh__medialorbitofrontal__58,Right,80,156,53,10,30,-19,medialorbitofrontal,9239498,49,49.0
4768,,rh__medialorbitofrontal__59,Right,84,186,67,6,60,-5,medialorbitofrontal,6866006,162,162.0
4769,,rh__medialorbitofrontal__60,Right,86,144,57,4,18,-15,medialorbitofrontal,16688307,84,84.0
4770,,rh__medialorbitofrontal__61,Right,82,158,47,8,32,-25,medialorbitofrontal,1422652,133,133.0
4771,,rh__medialorbitofrontal__62,Right,82,176,63,8,50,-9,medialorbitofrontal,7478184,172,172.0
4772,,rh__medialorbitofrontal__63,Right,82,173,61,8,47,-11,medialorbitofrontal,15102198,122,122.0
4773,,rh__medialorbitofrontal__64,Right,85,154,59,5,28,-13,medialorbitofrontal,13516826,63,63.0
4774,,rh__medialorbitofrontal__65,Right,83,178,66,7,52,-6,medialorbitofrontal,12938648,162,162.0
4775,,rh__medialorbitofrontal__66,Right,88,169,51,2,43,-21,medialorbitofrontal,7140313,118,118.0
4776,,rh__medialorbitofrontal__67,Right,87,152,52,3,26,-20,medialorbitofrontal,4624582,95,95.0
4777,,rh__medialorbitofrontal__68,Right,83,148,48,7,22,-24,medialorbitofrontal,5807671,158,158.0
4778,,rh__medialorbitofrontal__69,Right,85,185,53,5,59,-19,medialorbitofrontal,11057190,206,206.0
4779,,rh__medialorbitofrontal__70,Right,87,167,60,3,41,-12,medialorbitofrontal,8439024,142,142.0
4780,,rh__medialorbitofrontal__71,Right,85,159,53,5,33,-19,medialorbitofrontal,9614713,87,87.0
4781,,rh__medialorbitofrontal__72,Right,80,143,56,10,17,-16,medialorbitofrontal,13730568,85,85.0
4782,,rh__medialorbitofrontal__73,Right,83,167,57,7,41,-15,medialorbitofrontal,16115229,79,79.0
4783,,rh__medialorbitofrontal__74,Right,83,170,59,7,44,-13,medialorbitofrontal,3284481,116,116.0
4784,,rh__medialorbitofrontal__75,Right,85,172,65,5,46,-7,medialorbitofrontal,7097198,128,128.0
4785,,rh__medialorbitofrontal__76,Right,87,146,52,3,20,-20,medialorbitofrontal,16152775,129,129.0
4786,,rh__medialorbitofrontal__77,Right,86,166,45,4,40,-27,medialorbitofrontal,12256402,70,70.0
4787,,rh__medialorbitofrontal__78,Right,87,148,55,3,22,-17,medialorbitofrontal,4646876,105,105.0
4788,,rh__medialorbitofrontal__79,Right,85,161,55,5,35,-17,medialorbitofrontal,15850722,89,89.0
4789,,rh__medialorbitofrontal__80,Right,88,162,59,2,36,-13,medialorbitofrontal,11351204,155,155.0
4790,,rh__medialorbitofrontal__81,Right,81,169,50,9,43,-22,medialorbitofrontal,16346119,69,69.0
4791,,rh__medialorbitofrontal__82,Right,86,170,62,4,44,-10,medialorbitofrontal,15153892,177,177.0
4792,,rh__medialorbitofrontal__83,Right,83,141,52,7,15,-20,medialorbitofrontal,13939610,180,180.0
4793,,rh__medialorbitofrontal__84,Right,83,161,47,7,35,-25,medialorbitofrontal,8310384,112,112.0
4794,,rh__medialorbitofrontal__85,Right,88,162,47,2,36,-25,medialorbitofrontal,2436722,112,112.0
4795,,rh__medialorbitofrontal__86,Right,87,154,46,3,28,-26,medialorbitofrontal,6656845,129,129.0
4796,,rh__medialorbitofrontal__87,Right,85,144,61,5,18,-11,medialorbitofrontal,7475961,57,57.0
4797,,rh__medialorbitofrontal__88,Right,83,179,61,7,53,-11,medialorbitofrontal,9383998,85,85.0
4798,,rh__medialorbitofrontal__89,Right,84,181,56,6,55,-16,medialorbitofrontal,16336461,82,82.0
4799,,rh__medialorbitofrontal__90,Right,85,181,60,5,55,-12,medialorbitofrontal,3533775,143,143.0
4800,,rh__medialorbitofrontal__91,Right,87,184,61,3,58,-11,medialorbitofrontal,5407230,99,99.0
4801,,rh__medialorbitofrontal__92,Right,86,186,63,4,60,-9,medialorbitofrontal,13330772,82,82.0
4802,,rh__medialorbitofrontal__93,Right,87,157,51,3,31,-21,medialorbitofrontal,2364728,66,66.0
4803,,rh__medialorbitofrontal__94,Right,87,155,50,3,29,-22,medialorbitofrontal,2337875,55,55.0
4804,,rh__medialorbitofrontal__95,Right,87,178,52,3,52,-20,medialorbitofrontal,7195271,105,105.0
4805,,rh__medialorbitofrontal__96,Right,86,179,55,4,53,-17,medialorbitofrontal,14704013,110,110.0
4806,,rh__middletemporal__1,Right,31,68,81,59,-58,9,middletemporal,1358576,92,92.0
4807,,rh__middletemporal__2,Right,41,102,64,49,-24,-8,middletemporal,10326625,89,89.0
4808,,rh__middletemporal__3,Right,49,142,37,41,16,-35,middletemporal,13185210,107,107.0
4809,,rh__middletemporal__4,Right,26,117,60,64,-9,-12,middletemporal,12031633,190,190.0
4810,,rh__middletemporal__5,Right,35,133,40,55,7,-32,middletemporal,6421312,193,193.0
4811,,rh__middletemporal__6,Right,31,73,81,59,-53,9,middletemporal,4649264,198,198.0
4812,,rh__middletemporal__7,Right,29,86,64,61,-40,-8,middletemporal,4992004,129,129.0
4813,,rh__middletemporal__8,Right,32,72,70,58,-54,-2,middletemporal,15703161,128,128.0
4814,,rh__middletemporal__9,Right,45,138,40,45,12,-32,middletemporal,7451588,83,83.0
4815,,rh__middletemporal__10,Right,42,133,33,48,7,-39,middletemporal,3951101,190,190.0
4816,,rh__middletemporal__11,Right,41,121,52,49,-5,-20,middletemporal,5637714,49,49.0
4817,,rh__middletemporal__12,Right,38,118,46,52,-8,-26,middletemporal,13243238,72,72.0
4818,,rh__middletemporal__13,Right,34,67,72,56,-59,0,middletemporal,11822027,105,105.0
4819,,rh__middletemporal__14,Right,47,137,31,43,11,-41,middletemporal,8087318,74,74.0
4820,,rh__middletemporal__15,Right,53,141,30,37,15,-42,middletemporal,15891075,104,104.0
4821,,rh__middletemporal__16,Right,25,80,68,65,-46,-4,middletemporal,14105721,199,199.0
4822,,rh__middletemporal__17,Right,31,125,54,59,-1,-18,middletemporal,6353060,163,163.0
4823,,rh__middletemporal__18,Right,43,134,44,47,8,-28,middletemporal,14262688,58,58.0
4824,,rh__middletemporal__19,Right,39,69,73,51,-57,1,middletemporal,11915783,127,127.0
4825,,rh__middletemporal__20,Right,34,116,55,56,-10,-17,middletemporal,11425570,164,164.0
4826,,rh__middletemporal__21,Right,22,102,61,68,-24,-11,middletemporal,11882346,193,193.0
4827,,rh__middletemporal__22,Right,22,106,58,68,-20,-14,middletemporal,3273482,268,268.0
4828,,rh__middletemporal__23,Right,39,121,45,51,-5,-27,middletemporal,5818312,80,80.0
4829,,rh__middletemporal__24,Right,44,136,31,46,10,-41,middletemporal,2801107,157,157.0
4830,,rh__middletemporal__25,Right,23,87,71,67,-39,-1,middletemporal,331668,182,182.0
4831,,rh__middletemporal__26,Right,29,107,54,61,-19,-18,middletemporal,7481399,121,121.0
4832,,rh__middletemporal__27,Right,24,114,53,66,-12,-19,middletemporal,2377794,304,304.0
4833,,rh__middletemporal__28,Right,35,92,69,55,-34,-3,middletemporal,4031256,144,144.0
4834,,rh__middletemporal__29,Right,32,68,72,58,-58,0,middletemporal,13102565,110,110.0
4835,,rh__middletemporal__30,Right,28,77,78,62,-49,6,middletemporal,13677235,184,184.0
4836,,rh__middletemporal__31,Right,28,123,48,62,-3,-24,middletemporal,3642909,263,263.0
4837,,rh__middletemporal__32,Right,26,98,57,64,-28,-15,middletemporal,3987409,161,161.0
4838,,rh__middletemporal__33,Right,40,109,60,50,-17,-12,middletemporal,1257343,72,72.0
4839,,rh__middletemporal__34,Right,41,132,45,49,6,-27,middletemporal,13061400,80,80.0
4840,,rh__middletemporal__35,Right,35,104,62,55,-22,-10,middletemporal,5700982,159,159.0
4841,,rh__middletemporal__36,Right,50,145,34,40,19,-38,middletemporal,8643985,150,150.0
4842,,rh__middletemporal__37,Right,27,75,72,63,-51,0,middletemporal,6483813,175,175.0
4843,,rh__middletemporal__38,Right,26,93,71,64,-33,-1,middletemporal,1300646,186,186.0
4844,,rh__middletemporal__39,Right,38,129,39,52,3,-33,middletemporal,16209250,164,164.0
4845,,rh__middletemporal__40,Right,38,126,41,52,0,-31,middletemporal,6766628,200,200.0
4846,,rh__middletemporal__41,Right,25,82,74,65,-44,2,middletemporal,2953554,210,210.0
4847,,rh__middletemporal__42,Right,41,115,55,49,-11,-17,middletemporal,494316,51,51.0
4848,,rh__middletemporal__43,Right,31,77,67,59,-49,-5,middletemporal,5602800,125,125.0
4849,,rh__middletemporal__44,Right,36,70,75,54,-56,3,middletemporal,3499288,80,80.0
4850,,rh__middletemporal__45,Right,40,107,61,50,-19,-11,middletemporal,13697684,100,100.0
4851,,rh__middletemporal__46,Right,40,113,56,50,-13,-16,middletemporal,3820674,55,55.0
4852,,rh__middletemporal__47,Right,28,78,76,62,-48,4,middletemporal,14469105,224,224.0
4853,,rh__middletemporal__48,Right,40,94,67,50,-32,-5,middletemporal,8838786,103,103.0
4854,,rh__middletemporal__49,Right,41,139,37,49,13,-35,middletemporal,3927135,164,164.0
4855,,rh__middletemporal__50,Right,41,123,43,49,-3,-29,middletemporal,16603848,73,73.0
4856,,rh__middletemporal__51,Right,36,67,73,54,-59,1,middletemporal,4937083,124,124.0
4857,,rh__middletemporal__52,Right,28,109,52,62,-17,-20,middletemporal,223443,161,161.0
4858,,rh__middletemporal__53,Right,41,118,54,49,-8,-18,middletemporal,11465643,53,53.0
4859,,rh__middletemporal__54,Right,50,135,33,40,9,-39,middletemporal,10776212,130,130.0
4860,,rh__middletemporal__55,Right,23,90,71,67,-36,-1,middletemporal,11874442,193,193.0
4861,,rh__middletemporal__56,Right,26,77,70,64,-49,-2,middletemporal,13248765,179,179.0
4862,,rh__middletemporal__57,Right,29,82,64,61,-44,-8,middletemporal,539785,95,95.0
4863,,rh__middletemporal__58,Right,39,137,42,51,11,-30,middletemporal,14724649,159,159.0
4864,,rh__middletemporal__59,Right,26,101,55,64,-25,-17,middletemporal,4243727,215,215.0
4865,,rh__middletemporal__60,Right,38,132,46,52,6,-26,middletemporal,7208681,143,143.0
4866,,rh__middletemporal__61,Right,34,121,44,56,-5,-28,middletemporal,2544027,193,193.0
4867,,rh__middletemporal__62,Right,41,104,62,49,-22,-10,middletemporal,15736399,80,80.0
4868,,rh__middletemporal__63,Right,30,73,75,60,-53,3,middletemporal,12028780,221,221.0
4869,,rh__middletemporal__64,Right,36,70,78,54,-56,6,middletemporal,8971504,104,104.0
4870,,rh__middletemporal__65,Right,47,139,38,43,13,-34,middletemporal,4001564,119,119.0
4871,,rh__middletemporal__66,Right,26,105,54,64,-21,-18,middletemporal,8033508,140,140.0
4872,,rh__middletemporal__67,Right,22,93,63,68,-33,-9,middletemporal,1708091,210,210.0
4873,,rh__middletemporal__68,Right,45,131,37,45,5,-35,middletemporal,9089682,95,95.0
4874,,rh__middletemporal__69,Right,35,132,48,55,6,-24,middletemporal,5434556,170,170.0
4875,,rh__middletemporal__70,Right,33,68,75,57,-58,3,middletemporal,855281,77,77.0
4876,,rh__middletemporal__71,Right,40,111,58,50,-15,-14,middletemporal,7471633,76,76.0
4877,,rh__middletemporal__72,Right,43,136,42,47,10,-30,middletemporal,7751227,99,99.0
4878,,rh__middletemporal__73,Right,32,106,61,58,-20,-11,middletemporal,5965583,220,220.0
4879,,rh__middletemporal__74,Right,39,72,76,51,-54,4,middletemporal,8483298,75,75.0
4880,,rh__middletemporal__75,Right,35,119,53,55,-7,-19,middletemporal,7976654,157,157.0
4881,,rh__middletemporal__76,Right,25,92,58,65,-34,-14,middletemporal,10369503,112,112.0
4882,,rh__middletemporal__77,Right,40,128,47,50,2,-25,middletemporal,2868472,65,65.0
4883,,rh__middletemporal__78,Right,40,131,36,50,5,-36,middletemporal,3343627,184,184.0
4884,,rh__middletemporal__79,Right,33,112,60,57,-14,-12,middletemporal,7941536,239,239.0
4885,,rh__middletemporal__80,Right,42,96,68,48,-30,-4,middletemporal,5028065,122,122.0
4886,,rh__middletemporal__81,Right,24,87,66,66,-39,-6,middletemporal,4530071,238,238.0
4887,,rh__middletemporal__82,Right,31,75,69,59,-51,-3,middletemporal,16270764,124,124.0
4888,,rh__middletemporal__83,Right,26,116,51,64,-10,-21,middletemporal,1823925,285,285.0
4889,,rh__middletemporal__84,Right,31,130,48,59,4,-24,middletemporal,14480070,173,173.0
4890,,rh__middletemporal__85,Right,23,99,61,67,-27,-11,middletemporal,8103858,155,155.0
4891,,rh__middletemporal__86,Right,29,71,72,61,-55,0,middletemporal,8451822,152,152.0
4892,,rh__middletemporal__87,Right,30,126,47,60,0,-25,middletemporal,2047775,253,253.0
4893,,rh__middletemporal__88,Right,36,136,42,54,10,-30,middletemporal,7917332,163,163.0
4894,,rh__middletemporal__89,Right,33,69,77,57,-57,5,middletemporal,4432045,108,108.0
4895,,rh__middletemporal__90,Right,40,126,48,50,0,-24,middletemporal,15004998,62,62.0
4896,,rh__middletemporal__91,Right,27,95,69,63,-31,-3,middletemporal,120689,241,241.0
4897,,rh__middletemporal__92,Right,26,90,60,64,-36,-12,middletemporal,15130356,105,105.0
4898,,rh__middletemporal__93,Right,32,72,83,58,-54,11,middletemporal,1911945,122,122.0
4899,,rh__middletemporal__94,Right,27,120,58,63,-6,-14,middletemporal,8330131,146,146.0
4900,,rh__middletemporal__95,Right,30,80,66,60,-46,-6,middletemporal,14836215,142,142.0
4901,,rh__middletemporal__96,Right,48,141,32,42,15,-40,middletemporal,2093675,167,167.0
4902,,rh__middletemporal__97,Right,33,130,43,57,4,-29,middletemporal,11097478,206,206.0
4903,,rh__middletemporal__98,Right,37,120,51,53,-6,-21,middletemporal,11210733,120,120.0
4904,,rh__middletemporal__99,Right,42,99,67,48,-27,-5,middletemporal,11856485,95,95.0
4905,,rh__middletemporal__100,Right,43,127,41,47,1,-31,middletemporal,11310198,75,75.0
4906,,rh__middletemporal__101,Right,24,110,62,66,-16,-10,middletemporal,16336129,214,214.0
4907,,rh__middletemporal__102,Right,33,114,49,57,-12,-23,middletemporal,10622132,155,155.0
4908,,rh__middletemporal__103,Right,44,140,35,46,14,-37,middletemporal,1030560,160,160.0
4909,,rh__middletemporal__104,Right,37,115,47,53,-11,-25,middletemporal,13437283,77,77.0
4910,,rh__middletemporal__105,Right,28,89,63,62,-37,-9,middletemporal,16429748,144,144.0
4911,,rh__middletemporal__106,Right,27,96,59,63,-30,-13,middletemporal,14274896,122,122.0
4912,,rh__middletemporal__107,Right,33,115,58,57,-11,-14,middletemporal,7159635,243,243.0
4913,,rh__middletemporal__108,Right,24,110,56,66,-16,-16,middletemporal,243459,234,234.0
4914,,rh__middletemporal__109,Right,30,68,74,60,-58,2,middletemporal,7687766,119,119.0
4915,,rh__middletemporal__110,Right,35,124,52,55,-2,-20,middletemporal,9720343,165,165.0
4916,,rh__middletemporal__111,Right,44,129,39,46,3,-33,middletemporal,14721399,78,78.0
4917,,rh__middletemporal__112,Right,40,124,50,50,-2,-22,middletemporal,14432596,54,54.0
4918,,rh__middletemporal__113,Right,30,70,78,60,-56,6,middletemporal,7055351,128,128.0
4919,,rh__middletemporal__114,Right,25,114,61,65,-12,-11,middletemporal,4032215,162,162.0
4920,,rh__middletemporal__115,Right,26,106,65,64,-20,-7,middletemporal,8517548,294,294.0
4921,,rh__middletemporal__116,Right,41,70,75,49,-56,3,middletemporal,3886341,60,60.0
4922,,rh__middletemporal__117,Right,47,133,33,43,7,-39,middletemporal,7955044,129,129.0
4923,,rh__middletemporal__118,Right,22,91,65,68,-35,-7,middletemporal,7986103,187,187.0
4924,,rh__middletemporal__119,Right,26,121,52,64,-5,-20,middletemporal,16198006,252,252.0
4925,,rh__middletemporal__120,Right,34,124,42,56,-2,-30,middletemporal,13216773,242,242.0
4926,,rh__middletemporal__121,Right,30,122,56,60,-4,-16,middletemporal,12339347,174,174.0
4927,,rh__middletemporal__122,Right,35,126,52,55,0,-20,middletemporal,16251571,75,75.0
4928,,rh__middletemporal__123,Right,38,136,36,52,10,-36,middletemporal,8625113,161,161.0
4929,,rh__middletemporal__124,Right,30,75,80,60,-51,8,middletemporal,3041039,164,164.0
4930,,rh__middletemporal__125,Right,24,84,73,66,-42,1,middletemporal,15336975,194,194.0
4931,,rh__middletemporal__126,Right,25,83,66,65,-43,-6,middletemporal,15156267,211,211.0
4932,,rh__middletemporal__127,Right,35,129,50,55,3,-22,middletemporal,11406453,189,189.0
4933,,rh__middletemporal__128,Right,23,98,67,67,-28,-5,middletemporal,10557108,192,192.0
4934,,rh__middletemporal__129,Right,51,138,30,39,12,-42,middletemporal,8184571,131,131.0
4935,,rh__middletemporal__130,Right,23,96,60,67,-30,-12,middletemporal,12083320,167,167.0
4936,,rh__middletemporal__131,Right,31,117,47,59,-9,-25,middletemporal,7597583,243,243.0
4937,,rh__middletemporal__132,Right,27,80,75,63,-46,3,middletemporal,16217233,214,214.0
4938,,rh__middletemporal__133,Right,30,111,50,60,-15,-22,middletemporal,6765269,170,170.0
4939,,rh__middletemporal__134,Right,34,96,66,56,-30,-6,middletemporal,329764,98,98.0
4940,,rh__middletemporal__135,Right,30,96,67,60,-30,-5,middletemporal,2422391,121,121.0
4941,,rh__middletemporal__136,Right,32,102,66,58,-24,-6,middletemporal,710079,185,185.0
4942,,rh__middletemporal__137,Right,37,101,65,53,-25,-7,middletemporal,1619771,124,124.0
4943,,rh__middletemporal__138,Right,33,98,66,57,-28,-6,middletemporal,7684565,120,120.0
4944,,rh__middletemporal__139,Right,38,99,66,52,-27,-6,middletemporal,10200892,112,112.0
4945,,rh__middletemporal__140,Right,26,100,67,64,-26,-5,middletemporal,4238514,147,147.0
4946,,rh__middletemporal__141,Right,25,102,67,65,-24,-5,middletemporal,1792049,122,122.0
4947,,rh__middletemporal__142,Right,35,109,60,55,-17,-12,middletemporal,2479348,80,80.0
4948,,rh__middletemporal__143,Right,30,110,61,60,-16,-11,middletemporal,13688313,114,114.0
4949,,rh__parahippocampal__1,Right,68,112,42,22,-14,-30,parahippocampal,3517084,165,165.0
4950,,rh__parahippocampal__2,Right,69,92,57,21,-34,-15,parahippocampal,15770973,89,89.0
4951,,rh__parahippocampal__3,Right,71,91,59,19,-35,-13,parahippocampal,5318582,97,97.0
4952,,rh__parahippocampal__4,Right,65,97,52,25,-29,-20,parahippocampal,11001801,111,111.0
4953,,rh__parahippocampal__5,Right,64,103,46,26,-23,-26,parahippocampal,11626691,174,174.0
4954,,rh__parahippocampal__6,Right,75,91,67,15,-35,-5,parahippocampal,2257762,24,24.0
4955,,rh__parahippocampal__7,Right,65,101,47,25,-25,-25,parahippocampal,10382756,135,135.0
4956,,rh__parahippocampal__8,Right,74,90,60,16,-36,-12,parahippocampal,1417705,111,111.0
4957,,rh__parahippocampal__9,Right,66,93,56,24,-33,-16,parahippocampal,16681111,116,116.0
4958,,rh__parahippocampal__10,Right,61,100,51,29,-26,-21,parahippocampal,12782387,120,120.0
4959,,rh__parahippocampal__11,Right,72,111,47,18,-15,-25,parahippocampal,170940,59,59.0
4960,,rh__parahippocampal__12,Right,61,90,60,29,-36,-12,parahippocampal,10840711,136,136.0
4961,,rh__parahippocampal__13,Right,70,99,54,20,-27,-18,parahippocampal,7325217,95,95.0
4962,,rh__parahippocampal__14,Right,66,106,44,24,-20,-28,parahippocampal,13356488,128,128.0
4963,,rh__parahippocampal__15,Right,73,95,60,17,-31,-12,parahippocampal,11162439,50,50.0
4964,,rh__parahippocampal__16,Right,71,97,55,19,-29,-17,parahippocampal,3062126,74,74.0
4965,,rh__parahippocampal__17,Right,70,106,48,20,-20,-24,parahippocampal,8993690,71,71.0
4966,,rh__parahippocampal__18,Right,59,88,62,31,-38,-10,parahippocampal,2692496,77,77.0
4967,,rh__parahippocampal__19,Right,66,95,54,24,-31,-18,parahippocampal,14907816,115,115.0
4968,,rh__parahippocampal__20,Right,62,110,42,28,-16,-30,parahippocampal,868020,171,171.0
4969,,rh__parahippocampal__21,Right,74,87,60,16,-39,-12,parahippocampal,940122,83,83.0
4970,,rh__parahippocampal__22,Right,70,104,49,20,-22,-23,parahippocampal,8461813,78,78.0
4971,,rh__parahippocampal__23,Right,60,99,53,30,-27,-19,parahippocampal,3448600,98,98.0
4972,,rh__parahippocampal__24,Right,75,94,62,15,-32,-10,parahippocampal,14029445,58,58.0
4973,,rh__parahippocampal__25,Right,69,101,51,21,-25,-21,parahippocampal,3579439,207,207.0
4974,,rh__parahippocampal__26,Right,59,97,55,31,-29,-17,parahippocampal,897645,93,93.0
4975,,rh__parahippocampal__27,Right,66,87,63,24,-39,-9,parahippocampal,3199339,129,129.0
4976,,rh__parahippocampal__28,Right,72,95,58,18,-31,-14,parahippocampal,4242707,50,50.0
4977,,rh__parahippocampal__29,Right,68,108,44,22,-18,-28,parahippocampal,16454006,132,132.0
4978,,rh__parahippocampal__30,Right,59,107,44,31,-19,-28,parahippocampal,11286499,141,141.0
4979,,rh__parahippocampal__31,Right,60,109,43,30,-17,-29,parahippocampal,9698652,152,152.0
4980,,rh__parahippocampal__32,Right,71,97,57,19,-29,-15,parahippocampal,4099834,81,81.0
4981,,rh__parahippocampal__33,Right,58,95,56,32,-31,-16,parahippocampal,3721775,115,115.0
4982,,rh__parahippocampal__34,Right,70,87,60,20,-39,-12,parahippocampal,10658697,107,107.0
4983,,rh__parahippocampal__35,Right,70,100,53,20,-26,-19,parahippocampal,6767397,79,79.0
4984,,rh__parahippocampal__36,Right,58,106,47,32,-20,-25,parahippocampal,6191346,98,98.0
4985,,rh__parahippocampal__37,Right,65,89,61,25,-37,-11,parahippocampal,7705134,106,106.0
4986,,rh__parahippocampal__38,Right,71,109,48,19,-17,-24,parahippocampal,8201409,57,57.0
4987,,rh__parahippocampal__39,Right,76,91,65,14,-35,-7,parahippocampal,3256877,82,82.0
4988,,rh__parahippocampal__40,Right,58,103,49,32,-23,-23,parahippocampal,3899196,107,107.0
4989,,rh__parahippocampal__41,Right,58,92,59,32,-34,-13,parahippocampal,10346321,127,127.0
4990,,rh__paracentral__1,Right,74,99,114,16,-27,42,paracentral,6256582,65,65.0
4991,,rh__paracentral__2,Right,87,89,133,3,-37,61,paracentral,8248326,135,135.0
4992,,rh__paracentral__3,Right,85,110,126,5,-16,54,paracentral,7330090,64,64.0
4993,,rh__paracentral__4,Right,77,86,137,13,-40,65,paracentral,4151527,53,53.0
4994,,rh__paracentral__5,Right,86,114,135,4,-12,63,paracentral,12393783,56,56.0
4995,,rh__paracentral__6,Right,73,94,113,17,-32,41,paracentral,11153991,45,45.0
4996,,rh__paracentral__7,Right,84,110,144,6,-16,72,paracentral,3479700,139,139.0
4997,,rh__paracentral__8,Right,76,110,117,14,-16,45,paracentral,12847358,61,61.0
4998,,rh__paracentral__9,Right,79,95,119,11,-31,47,paracentral,5529976,82,82.0
4999,,rh__paracentral__10,Right,85,105,137,5,-21,65,paracentral,1121011,83,83.0
5000,,rh__paracentral__11,Right,75,88,124,15,-38,52,paracentral,5440634,58,58.0
5001,,rh__paracentral__12,Right,80,87,129,10,-39,57,paracentral,2864111,95,95.0
5002,,rh__paracentral__13,Right,87,102,142,3,-24,70,paracentral,14123269,107,107.0
5003,,rh__paracentral__14,Right,85,109,122,5,-17,50,paracentral,8022046,116,116.0
5004,,rh__paracentral__15,Right,87,99,141,3,-27,69,paracentral,6112652,92,92.0
5005,,rh__paracentral__16,Right,81,106,119,9,-20,47,paracentral,3207952,76,76.0
5006,,rh__paracentral__17,Right,86,114,141,4,-12,69,paracentral,13529818,66,66.0
5007,,rh__paracentral__18,Right,77,86,134,13,-40,62,paracentral,1099306,34,34.0
5008,,rh__paracentral__19,Right,76,109,114,14,-17,42,paracentral,9085129,55,55.0
5009,,rh__paracentral__20,Right,86,106,121,4,-20,49,paracentral,13083980,152,152.0
5010,,rh__paracentral__21,Right,86,112,130,4,-14,58,paracentral,8181476,86,86.0
5011,,rh__paracentral__22,Right,76,87,126,14,-39,54,paracentral,2997262,56,56.0
5012,,rh__paracentral__23,Right,73,90,118,17,-36,46,paracentral,5853850,48,48.0
5013,,rh__paracentral__24,Right,84,108,144,6,-18,72,paracentral,4907294,84,84.0
5014,,rh__paracentral__25,Right,81,93,122,9,-33,50,paracentral,7041886,87,87.0
5015,,rh__paracentral__26,Right,87,93,134,3,-33,62,paracentral,12199198,88,88.0
5016,,rh__paracentral__27,Right,72,91,114,18,-35,42,paracentral,2885828,49,49.0
5017,,rh__paracentral__28,Right,84,107,140,6,-19,68,paracentral,4492249,123,123.0
5018,,rh__paracentral__29,Right,87,89,141,3,-37,69,paracentral,3158160,75,75.0
5019,,rh__paracentral__30,Right,75,102,111,15,-24,39,paracentral,13735209,103,103.0
5020,,rh__paracentral__31,Right,84,113,144,6,-13,72,paracentral,4690633,68,68.0
5021,,rh__paracentral__32,Right,74,97,113,16,-29,41,paracentral,7116890,61,61.0
5022,,rh__paracentral__33,Right,85,101,125,5,-25,53,paracentral,6386690,140,140.0
5023,,rh__paracentral__34,Right,76,106,112,14,-20,40,paracentral,6189195,51,51.0
5024,,rh__paracentral__35,Right,84,97,129,6,-29,57,paracentral,520748,115,115.0
5025,,rh__paracentral__36,Right,86,85,140,4,-41,68,paracentral,8287354,128,128.0
5026,,rh__paracentral__37,Right,79,89,126,11,-37,54,paracentral,5529966,71,71.0
5027,,rh__paracentral__38,Right,84,101,121,6,-25,49,paracentral,14880660,84,84.0
5028,,rh__paracentral__39,Right,86,105,133,4,-21,61,paracentral,144604,126,126.0
5029,,rh__paracentral__40,Right,74,89,121,16,-37,49,paracentral,8350629,66,66.0
5030,,rh__paracentral__41,Right,78,100,119,12,-26,47,paracentral,11553945,80,80.0
5031,,rh__paracentral__42,Right,87,108,136,3,-18,64,paracentral,9238792,77,77.0
5032,,rh__paracentral__43,Right,78,86,132,12,-40,60,paracentral,13198585,43,43.0
5033,,rh__paracentral__44,Right,82,111,124,8,-15,52,paracentral,11311414,43,43.0
5034,,rh__paracentral__45,Right,85,100,133,5,-26,61,paracentral,10765363,102,102.0
5035,,rh__paracentral__46,Right,83,90,125,7,-36,53,paracentral,7654130,117,117.0
5036,,rh__paracentral__47,Right,87,109,132,3,-17,60,paracentral,5414393,79,79.0
5037,,rh__paracentral__48,Right,86,94,124,4,-32,52,paracentral,4013668,149,149.0
5038,,rh__paracentral__49,Right,82,85,141,8,-41,69,paracentral,13373260,164,164.0
5039,,rh__paracentral__50,Right,87,109,127,3,-17,55,paracentral,4523329,121,121.0
5040,,rh__paracentral__51,Right,86,103,124,4,-23,52,paracentral,11759960,125,125.0
5041,,rh__paracentral__52,Right,76,87,141,14,-39,69,paracentral,13446386,77,77.0
5042,,rh__paracentral__53,Right,76,102,116,14,-24,44,paracentral,7261022,79,79.0
5043,,rh__paracentral__54,Right,81,104,119,9,-22,47,paracentral,14476078,90,90.0
5044,,rh__paracentral__55,Right,86,110,140,4,-16,68,paracentral,12717254,97,97.0
5045,,rh__paracentral__56,Right,85,103,138,5,-23,66,paracentral,10043251,73,73.0
5046,,rh__paracentral__57,Right,83,103,134,7,-23,62,paracentral,9427244,85,85.0
5047,,rh__paracentral__58,Right,80,109,120,10,-17,48,paracentral,2804453,66,66.0
5048,,rh__paracentral__59,Right,86,97,133,4,-29,61,paracentral,7101517,93,93.0
5049,,rh__paracentral__60,Right,84,99,121,6,-27,49,paracentral,2370840,63,63.0
5050,,rh__paracentral__61,Right,87,111,133,3,-15,61,paracentral,16019932,79,79.0
5051,,rh__paracentral__62,Right,84,103,129,6,-23,57,paracentral,10197287,123,123.0
5052,,rh__paracentral__63,Right,85,88,128,5,-38,56,paracentral,10489814,134,134.0
5053,,rh__paracentral__64,Right,78,91,124,12,-35,52,paracentral,2185455,65,65.0
5054,,rh__paracentral__65,Right,75,94,117,15,-32,45,paracentral,9216636,71,71.0
5055,,rh__paracentral__66,Right,87,106,128,3,-20,56,paracentral,7881329,116,116.0
5056,,rh__paracentral__67,Right,86,98,125,4,-28,53,paracentral,3820863,131,131.0
5057,,rh__paracentral__68,Right,78,107,117,12,-19,45,paracentral,10720927,70,70.0
5058,,rh__paracentral__69,Right,84,96,122,6,-30,50,paracentral,12098520,89,89.0
5059,,rh__paracentral__70,Right,86,114,138,4,-12,66,paracentral,14579587,42,42.0
5060,,rh__paracentral__71,Right,80,110,121,10,-16,49,paracentral,4423312,35,35.0
5061,,rh__paracentral__72,Right,76,86,129,14,-40,57,paracentral,13900962,48,48.0
5062,,rh__paracentral__73,Right,78,104,116,12,-22,44,paracentral,8554121,87,87.0
5063,,rh__paracentral__74,Right,80,102,119,10,-24,47,paracentral,8121417,48,48.0
5064,,rh__paracentral__75,Right,76,92,121,14,-34,49,paracentral,2516171,64,64.0
5065,,rh__paracentral__76,Right,87,91,128,3,-35,56,paracentral,11993461,116,116.0
5066,,rh__paracentral__77,Right,83,100,130,7,-26,58,paracentral,16400060,85,85.0
5067,,rh__paracentral__78,Right,87,100,136,3,-26,64,paracentral,13978200,119,119.0
5068,,rh__paracentral__79,Right,85,94,130,5,-32,58,paracentral,13309679,108,108.0
5069,,rh__paracentral__80,Right,87,112,137,3,-14,65,paracentral,7511850,85,85.0
5070,,rh__paracentral__81,Right,77,97,117,13,-29,45,paracentral,7482896,91,91.0
5071,,rh__paracentral__82,Right,80,98,120,10,-28,48,paracentral,8103992,77,77.0
5072,,rh__paracentral__83,Right,85,105,143,5,-21,71,paracentral,13480603,90,90.0
5073,,rh__paracentral__84,Right,82,85,135,8,-41,63,paracentral,16210614,60,60.0
5074,,rh__paracentral__85,Right,82,85,137,8,-41,65,paracentral,7647738,59,59.0
5075,,rh__paracentral__86,Right,85,86,131,5,-40,59,paracentral,7125614,85,85.0
5076,,rh__paracentral__87,Right,82,85,133,8,-41,61,paracentral,15449120,59,59.0
5077,,rh__paracentral__88,Right,88,93,139,2,-33,67,paracentral,12612195,56,56.0
5078,,rh__paracentral__89,Right,87,91,138,3,-35,66,paracentral,10101928,47,47.0
5079,,rh__paracentral__90,Right,87,88,136,3,-38,64,paracentral,7422845,52,52.0
5080,,rh__paracentral__91,Right,87,86,136,3,-40,64,paracentral,2397072,77,77.0
5081,,rh__paracentral__92,Right,87,96,138,3,-30,66,paracentral,12782890,49,49.0
5082,,rh__paracentral__93,Right,88,95,140,2,-31,68,paracentral,13709397,61,61.0
5083,,rh__parsopercularis__1,Right,48,137,94,42,11,22,parsopercularis,7698311,57,57.0
5084,,rh__parsopercularis__2,Right,49,134,79,41,8,7,parsopercularis,11078719,149,149.0
5085,,rh__parsopercularis__3,Right,39,156,91,51,30,19,parsopercularis,11673117,239,239.0
5086,,rh__parsopercularis__4,Right,43,158,88,47,32,16,parsopercularis,9769839,110,110.0
5087,,rh__parsopercularis__5,Right,49,134,94,41,8,22,parsopercularis,5296292,31,31.0
5088,,rh__parsopercularis__6,Right,52,151,82,38,25,10,parsopercularis,1749407,62,62.0
5089,,rh__parsopercularis__7,Right,46,133,77,44,7,5,parsopercularis,2281987,97,97.0
5090,,rh__parsopercularis__8,Right,34,155,89,56,29,17,parsopercularis,4735170,190,190.0
5091,,rh__parsopercularis__9,Right,44,143,98,46,17,26,parsopercularis,5571641,126,126.0
5092,,rh__parsopercularis__10,Right,42,139,70,48,13,-2,parsopercularis,11513139,218,218.0
5093,,rh__parsopercularis__11,Right,54,149,83,36,23,11,parsopercularis,10227239,90,90.0
5094,,rh__parsopercularis__12,Right,54,134,97,36,8,25,parsopercularis,13917382,32,32.0
5095,,rh__parsopercularis__13,Right,52,133,83,38,7,11,parsopercularis,699398,52,52.0
5096,,rh__parsopercularis__14,Right,38,143,98,52,17,26,parsopercularis,8306796,190,190.0
5097,,rh__parsopercularis__15,Right,48,149,82,42,23,10,parsopercularis,12938172,65,65.0
5098,,rh__parsopercularis__16,Right,48,141,78,42,15,6,parsopercularis,10226972,111,111.0
5099,,rh__parsopercularis__17,Right,41,133,84,49,7,12,parsopercularis,12387257,84,84.0
5100,,rh__parsopercularis__18,Right,54,144,97,36,18,25,parsopercularis,1606457,33,33.0
5101,,rh__parsopercularis__19,Right,43,136,90,47,10,18,parsopercularis,286081,103,103.0
5102,,rh__parsopercularis__20,Right,52,146,96,38,20,24,parsopercularis,7513345,48,48.0
5103,,rh__parsopercularis__21,Right,43,133,88,47,7,16,parsopercularis,14155483,45,45.0
5104,,rh__parsopercularis__22,Right,36,149,84,54,23,12,parsopercularis,2130876,211,211.0
5105,,rh__parsopercularis__23,Right,45,133,91,45,7,19,parsopercularis,10277924,44,44.0
5106,,rh__parsopercularis__24,Right,55,142,83,35,16,11,parsopercularis,944177,84,84.0
5107,,rh__parsopercularis__25,Right,36,135,75,54,9,3,parsopercularis,738003,95,95.0
5108,,rh__parsopercularis__26,Right,34,144,92,56,18,20,parsopercularis,6982396,280,280.0
5109,,rh__parsopercularis__27,Right,50,148,94,40,22,22,parsopercularis,8209381,60,60.0
5110,,rh__parsopercularis__28,Right,44,150,82,46,24,10,parsopercularis,1722895,52,52.0
5111,,rh__parsopercularis__29,Right,39,138,80,51,12,8,parsopercularis,9264140,128,128.0
5112,,rh__parsopercularis__30,Right,47,147,96,43,21,24,parsopercularis,1579704,68,68.0
5113,,rh__parsopercularis__31,Right,36,148,96,54,22,24,parsopercularis,5830846,359,359.0
5114,,rh__parsopercularis__32,Right,55,146,83,35,20,11,parsopercularis,11123067,107,107.0
5115,,rh__parsopercularis__33,Right,54,141,97,36,15,25,parsopercularis,8787641,55,55.0
5116,,rh__parsopercularis__34,Right,41,134,71,49,8,-1,parsopercularis,11606909,203,203.0
5117,,rh__parsopercularis__35,Right,35,142,87,55,16,15,parsopercularis,1817208,262,262.0
5118,,rh__parsopercularis__36,Right,47,134,93,43,8,21,parsopercularis,9383179,35,35.0
5119,,rh__parsopercularis__37,Right,48,156,89,42,30,17,parsopercularis,16502869,66,66.0
5120,,rh__parsopercularis__38,Right,49,150,92,41,24,20,parsopercularis,6809655,41,41.0
5121,,rh__parsopercularis__39,Right,54,139,84,36,13,12,parsopercularis,14918552,76,76.0
5122,,rh__parsopercularis__40,Right,40,152,84,50,26,12,parsopercularis,7008739,58,58.0
5123,,rh__parsopercularis__41,Right,44,136,93,46,10,21,parsopercularis,16664828,101,101.0
5124,,rh__parsopercularis__42,Right,51,134,95,39,8,23,parsopercularis,3863550,30,30.0
5125,,rh__parsopercularis__43,Right,41,140,96,49,14,24,parsopercularis,2043376,139,139.0
5126,,rh__parsopercularis__44,Right,40,135,79,50,9,7,parsopercularis,16217569,97,97.0
5127,,rh__parsopercularis__45,Right,48,145,97,42,19,25,parsopercularis,4415828,74,74.0
5128,,rh__parsopercularis__46,Right,45,143,74,45,17,2,parsopercularis,7343115,189,189.0
5129,,rh__parsopercularis__47,Right,46,154,91,44,28,19,parsopercularis,12897738,88,88.0
5130,,rh__parsopercularis__48,Right,35,152,86,55,26,14,parsopercularis,2465646,122,122.0
5131,,rh__parsopercularis__49,Right,55,137,97,35,11,25,parsopercularis,12173968,42,42.0
5132,,rh__parsopercularis__50,Right,32,148,89,58,22,17,parsopercularis,6432583,277,277.0
5133,,rh__parsopercularis__51,Right,38,146,78,52,20,6,parsopercularis,14040083,231,231.0
5134,,rh__parsopercularis__52,Right,50,138,81,40,12,9,parsopercularis,14469850,77,77.0
5135,,rh__parsopercularis__53,Right,42,136,85,48,10,13,parsopercularis,13995344,95,95.0
5136,,rh__parsopercularis__54,Right,51,142,97,39,16,25,parsopercularis,11312282,79,79.0
5137,,rh__parsopercularis__55,Right,44,146,77,46,20,5,parsopercularis,5404666,206,206.0
5138,,rh__parsopercularis__56,Right,44,148,94,46,22,22,parsopercularis,2990218,95,95.0
5139,,rh__parsopercularis__57,Right,46,147,80,44,21,8,parsopercularis,15011779,102,102.0
5140,,rh__parsopercularis__58,Right,32,145,83,58,19,11,parsopercularis,214924,309,309.0
5141,,rh__parsopercularis__59,Right,41,149,82,49,23,10,parsopercularis,16063874,122,122.0
5142,,rh__parsopercularis__60,Right,38,137,74,52,11,2,parsopercularis,5582477,138,138.0
5143,,rh__parsopercularis__61,Right,41,146,98,49,20,26,parsopercularis,3851202,196,196.0
5144,,rh__parsopercularis__62,Right,52,142,80,38,16,8,parsopercularis,7355649,122,122.0
5145,,rh__parsopercularis__63,Right,39,145,74,51,19,2,parsopercularis,12039982,231,231.0
5146,,rh__parsopercularis__64,Right,46,141,98,44,15,26,parsopercularis,11114668,125,125.0
5147,,rh__parsopercularis__65,Right,38,141,73,52,15,1,parsopercularis,2113569,185,185.0
5148,,rh__parsopercularis__66,Right,38,139,85,52,13,13,parsopercularis,4869359,209,209.0
5149,,rh__parsopercularis__67,Right,41,151,93,49,25,21,parsopercularis,2200997,229,229.0
5150,,rh__parsopercularis__68,Right,40,139,91,50,13,19,parsopercularis,16521895,263,263.0
5151,,rh__parsopercularis__69,Right,35,141,79,55,15,7,parsopercularis,7097385,304,304.0
5152,,rh__parsopercularis__70,Right,49,139,97,41,13,25,parsopercularis,2378256,98,98.0
5153,,rh__parsopercularis__71,Right,51,147,80,39,21,8,parsopercularis,15448256,125,125.0
5154,,rh__parsopercularis__72,Right,45,136,74,45,10,2,parsopercularis,12269519,159,159.0
5155,,rh__parsopercularis__73,Right,53,136,84,37,10,12,parsopercularis,9729595,75,75.0
5156,,rh__parsopercularis__74,Right,52,137,96,38,11,24,parsopercularis,13343217,65,65.0
5157,,rh__parsopercularis__75,Right,46,139,76,44,13,4,parsopercularis,1942704,152,152.0
5158,,rh__parsopercularis__76,Right,46,160,87,44,34,15,parsopercularis,7806492,46,46.0
5159,,rh__parsopercularis__77,Right,45,139,95,45,13,23,parsopercularis,8797882,98,98.0
5160,,rh__parsopercularis__78,Right,37,141,93,53,15,21,parsopercularis,2334745,212,212.0
5161,,rh__parsopercularis__79,Right,35,152,93,55,26,21,parsopercularis,4383073,213,213.0
5162,,rh__parsopercularis__80,Right,49,144,77,41,18,5,parsopercularis,14923996,147,147.0
5163,,rh__parsopercularis__81,Right,47,151,91,43,25,19,parsopercularis,13670623,47,47.0
5164,,rh__parsorbitalis__1,Right,41,166,60,49,40,-12,parsorbitalis,10360164,209,209.0
5165,,rh__parsorbitalis__2,Right,46,149,62,44,23,-10,parsorbitalis,10505016,239,239.0
5166,,rh__parsorbitalis__3,Right,55,171,59,35,45,-13,parsorbitalis,3840987,132,132.0
5167,,rh__parsorbitalis__4,Right,41,157,61,49,31,-11,parsorbitalis,4121213,364,364.0
5168,,rh__parsorbitalis__5,Right,52,169,60,38,43,-12,parsorbitalis,11131745,153,153.0
5169,,rh__parsorbitalis__6,Right,56,175,59,34,49,-13,parsorbitalis,3487288,125,125.0
5170,,rh__parsorbitalis__7,Right,45,151,65,45,25,-7,parsorbitalis,16182701,223,223.0
5171,,rh__parsorbitalis__8,Right,55,169,62,35,43,-10,parsorbitalis,3063856,91,91.0
5172,,rh__parsorbitalis__9,Right,48,155,59,42,29,-13,parsorbitalis,8239109,174,174.0
5173,,rh__parsorbitalis__10,Right,48,179,62,42,53,-10,parsorbitalis,13660053,124,124.0
5174,,rh__parsorbitalis__11,Right,45,167,63,45,41,-9,parsorbitalis,398994,118,118.0
5175,,rh__parsorbitalis__12,Right,45,172,64,45,46,-8,parsorbitalis,958220,163,163.0
5176,,rh__parsorbitalis__13,Right,50,160,61,40,34,-11,parsorbitalis,12650225,97,97.0
5177,,rh__parsorbitalis__14,Right,48,170,66,42,44,-6,parsorbitalis,6055188,88,88.0
5178,,rh__parsorbitalis__15,Right,50,177,60,40,51,-12,parsorbitalis,12035423,155,155.0
5179,,rh__parsorbitalis__16,Right,45,174,59,45,48,-13,parsorbitalis,2586470,191,191.0
5180,,rh__parsorbitalis__17,Right,44,163,55,46,37,-17,parsorbitalis,4548421,356,356.0
5181,,rh__parsorbitalis__18,Right,49,164,58,41,38,-14,parsorbitalis,5639747,235,235.0
5182,,rh__parsorbitalis__19,Right,45,176,64,45,50,-8,parsorbitalis,11138003,167,167.0
5183,,rh__parsorbitalis__20,Right,43,170,59,47,44,-13,parsorbitalis,4644473,201,201.0
5184,,rh__parsorbitalis__21,Right,45,155,58,45,29,-14,parsorbitalis,2985689,293,293.0
5185,,rh__parsorbitalis__22,Right,52,165,62,38,39,-10,parsorbitalis,1081483,113,113.0
5186,,rh__parsorbitalis__23,Right,48,169,55,42,43,-17,parsorbitalis,15740326,272,272.0
5187,,rh__parsorbitalis__24,Right,51,173,58,39,47,-14,parsorbitalis,535829,186,186.0
5188,,rh__parstriangularis__1,Right,50,152,78,40,26,6,parstriangularis,9198986,146,146.0
5189,,rh__parstriangularis__2,Right,50,158,73,40,32,1,parstriangularis,593192,77,77.0
5190,,rh__parstriangularis__3,Right,38,163,77,52,37,5,parstriangularis,15200017,215,215.0
5191,,rh__parstriangularis__4,Right,44,168,71,46,42,-1,parstriangularis,2194705,109,109.0
5192,,rh__parstriangularis__5,Right,58,150,83,32,24,11,parstriangularis,16389867,84,84.0
5193,,rh__parstriangularis__6,Right,39,168,71,51,42,-1,parstriangularis,16671501,111,111.0
5194,,rh__parstriangularis__7,Right,39,161,86,51,35,14,parstriangularis,13545360,145,145.0
5195,,rh__parstriangularis__8,Right,48,166,81,42,40,9,parstriangularis,4387284,93,93.0
5196,,rh__parstriangularis__9,Right,45,157,66,45,31,-6,parstriangularis,15719877,166,166.0
5197,,rh__parstriangularis__10,Right,34,154,83,56,28,11,parstriangularis,14539770,183,183.0
5198,,rh__parstriangularis__11,Right,47,161,84,43,35,12,parstriangularis,834832,89,89.0
5199,,rh__parstriangularis__12,Right,39,165,64,51,39,-8,parstriangularis,5432815,157,157.0
5200,,rh__parstriangularis__13,Right,44,153,80,46,27,8,parstriangularis,407358,60,60.0
5201,,rh__parstriangularis__14,Right,37,162,71,53,36,-1,parstriangularis,14273596,215,215.0
5202,,rh__parstriangularis__15,Right,44,166,76,46,40,4,parstriangularis,13575331,121,121.0
5203,,rh__parstriangularis__16,Right,36,159,87,54,33,15,parstriangularis,1186666,179,179.0
5204,,rh__parstriangularis__17,Right,43,162,85,47,36,13,parstriangularis,8826428,154,154.0
5205,,rh__parstriangularis__18,Right,47,151,80,43,25,8,parstriangularis,9863378,53,53.0
5206,,rh__parstriangularis__19,Right,35,155,75,55,29,3,parstriangularis,13028003,302,302.0
5207,,rh__parstriangularis__20,Right,49,155,68,41,29,-4,parstriangularis,3277665,104,104.0
5208,,rh__parstriangularis__21,Right,50,162,82,40,36,10,parstriangularis,12362168,50,50.0
5209,,rh__parstriangularis__22,Right,44,158,68,46,32,-4,parstriangularis,11025937,94,94.0
5210,,rh__parstriangularis__23,Right,39,153,81,51,27,9,parstriangularis,4733321,115,115.0
5211,,rh__parstriangularis__24,Right,44,166,73,46,40,1,parstriangularis,12719789,96,96.0
5212,,rh__parstriangularis__25,Right,56,157,75,34,31,3,parstriangularis,6683885,84,84.0
5213,,rh__parstriangularis__26,Right,40,152,77,50,26,5,parstriangularis,2691798,135,135.0
5214,,rh__parstriangularis__27,Right,42,168,67,48,42,-5,parstriangularis,11653923,135,135.0
5215,,rh__parstriangularis__28,Right,44,167,80,46,41,8,parstriangularis,8293771,137,137.0
5216,,rh__parstriangularis__29,Right,48,153,74,42,27,2,parstriangularis,12599539,196,196.0
5217,,rh__parstriangularis__30,Right,58,154,79,32,28,7,parstriangularis,3510126,74,74.0
5218,,rh__parstriangularis__31,Right,40,161,80,50,35,8,parstriangularis,10092286,113,113.0
5219,,rh__parstriangularis__32,Right,41,159,65,49,33,-7,parstriangularis,6349291,240,240.0
5220,,rh__parstriangularis__33,Right,34,154,79,56,28,7,parstriangularis,6130177,235,235.0
5221,,rh__parstriangularis__34,Right,46,157,70,44,31,-2,parstriangularis,2611801,110,110.0
5222,,rh__parstriangularis__35,Right,48,159,69,42,33,-3,parstriangularis,1120232,43,43.0
5223,,rh__parstriangularis__36,Right,41,165,75,49,39,3,parstriangularis,4295032,126,126.0
5224,,rh__parstriangularis__37,Right,45,162,81,45,36,9,parstriangularis,3876011,113,113.0
5225,,rh__parstriangularis__38,Right,41,165,79,49,39,7,parstriangularis,11879436,150,150.0
5226,,rh__parstriangularis__39,Right,54,153,80,36,27,8,parstriangularis,5756053,117,117.0
5227,,rh__parstriangularis__40,Right,38,163,67,52,37,-5,parstriangularis,11135498,246,246.0
5228,,rh__parstriangularis__41,Right,45,152,76,45,26,4,parstriangularis,15246542,117,117.0
5229,,rh__parstriangularis__42,Right,37,161,82,53,35,10,parstriangularis,11507447,173,173.0
5230,,rh__parstriangularis__43,Right,40,157,68,50,31,-4,parstriangularis,9253908,236,236.0
5231,,rh__parstriangularis__44,Right,53,159,72,37,33,0,parstriangularis,10621157,75,75.0
5232,,rh__parstriangularis__45,Right,37,155,71,53,29,-1,parstriangularis,996833,470,470.0
5233,,rh__parstriangularis__46,Right,53,155,76,37,29,4,parstriangularis,9463332,114,114.0
5234,,rh__parstriangularis__47,Right,41,151,73,49,25,1,parstriangularis,4380937,277,277.0
5235,,rh__parstriangularis__48,Right,51,157,70,39,31,-2,parstriangularis,15692771,69,69.0
5236,,rh__parstriangularis__49,Right,46,168,68,44,42,-4,parstriangularis,12292419,80,80.0
5237,,rh__parstriangularis__50,Right,44,153,71,46,27,-1,parstriangularis,414861,223,223.0
5238,,rh__pericalcarine__1,Right,74,30,73,16,-96,1,pericalcarine,11242007,121,121.0
5239,,rh__pericalcarine__2,Right,72,55,83,18,-71,11,pericalcarine,14262280,129,129.0
5240,,rh__pericalcarine__3,Right,82,45,75,8,-81,3,pericalcarine,11159443,172,172.0
5241,,rh__pericalcarine__4,Right,84,52,86,6,-74,14,pericalcarine,8549454,111,111.0
5242,,rh__pericalcarine__5,Right,65,64,79,25,-62,7,pericalcarine,4064786,58,58.0
5243,,rh__pericalcarine__6,Right,84,42,72,6,-84,0,pericalcarine,9215320,169,169.0
5244,,rh__pericalcarine__7,Right,80,35,76,10,-91,4,pericalcarine,8830568,115,115.0
5245,,rh__pericalcarine__8,Right,80,60,79,10,-66,7,pericalcarine,8127641,99,99.0
5246,,rh__pericalcarine__9,Right,82,51,79,8,-75,7,pericalcarine,1747337,138,138.0
5247,,rh__pericalcarine__10,Right,64,61,76,26,-65,4,pericalcarine,4353850,90,90.0
5248,,rh__pericalcarine__11,Right,83,36,78,7,-90,6,pericalcarine,8255700,132,132.0
5249,,rh__pericalcarine__12,Right,74,49,81,16,-77,9,pericalcarine,15663633,88,88.0
5250,,rh__pericalcarine__13,Right,81,35,71,9,-91,-1,pericalcarine,10832666,176,176.0
5251,,rh__pericalcarine__14,Right,82,48,77,8,-78,5,pericalcarine,730126,149,149.0
5252,,rh__pericalcarine__15,Right,76,65,82,14,-61,10,pericalcarine,6393999,165,165.0
5253,,rh__pericalcarine__16,Right,83,43,80,7,-83,8,pericalcarine,9221254,83,83.0
5254,,rh__pericalcarine__17,Right,81,56,87,9,-70,15,pericalcarine,4648745,157,157.0
5255,,rh__pericalcarine__18,Right,83,59,82,7,-67,10,pericalcarine,5459321,123,123.0
5256,,rh__pericalcarine__19,Right,83,49,83,7,-77,11,pericalcarine,12313635,81,81.0
5257,,rh__pericalcarine__20,Right,69,56,80,21,-70,8,pericalcarine,16352703,85,85.0
5258,,rh__pericalcarine__21,Right,82,55,81,8,-71,9,pericalcarine,12651880,147,147.0
5259,,rh__pericalcarine__22,Right,83,38,71,7,-88,-1,pericalcarine,682196,134,134.0
5260,,rh__pericalcarine__23,Right,78,41,78,12,-85,6,pericalcarine,5951947,126,126.0
5261,,rh__pericalcarine__24,Right,82,62,84,8,-64,12,pericalcarine,7842144,78,78.0
5262,,rh__pericalcarine__25,Right,62,64,78,28,-62,6,pericalcarine,6601328,67,67.0
5263,,rh__pericalcarine__26,Right,74,32,70,16,-94,-2,pericalcarine,2147209,111,111.0
5264,,rh__pericalcarine__27,Right,84,34,77,6,-92,5,pericalcarine,13427275,99,99.0
5265,,rh__pericalcarine__28,Right,80,39,74,10,-87,2,pericalcarine,1614478,104,104.0
5266,,rh__pericalcarine__29,Right,75,31,75,15,-95,3,pericalcarine,9991253,64,64.0
5267,,rh__pericalcarine__30,Right,70,58,77,20,-68,5,pericalcarine,13628818,142,142.0
5268,,rh__pericalcarine__31,Right,78,43,81,12,-83,9,pericalcarine,814579,94,94.0
5269,,rh__pericalcarine__32,Right,85,55,87,5,-71,15,pericalcarine,13800196,111,111.0
5270,,rh__pericalcarine__33,Right,79,42,74,11,-84,2,pericalcarine,11852191,133,133.0
5271,,rh__pericalcarine__34,Right,79,31,76,11,-95,4,pericalcarine,16100430,74,74.0
5272,,rh__pericalcarine__35,Right,70,64,80,20,-62,8,pericalcarine,10754734,41,41.0
5273,,rh__pericalcarine__36,Right,78,45,82,12,-81,10,pericalcarine,2356770,101,101.0
5274,,rh__pericalcarine__37,Right,79,32,70,11,-94,-2,pericalcarine,3487376,114,114.0
5275,,rh__pericalcarine__38,Right,80,51,87,10,-75,15,pericalcarine,15412760,115,115.0
5276,,rh__pericalcarine__39,Right,83,46,81,7,-80,9,pericalcarine,96042,91,91.0
5277,,rh__pericalcarine__40,Right,73,56,79,17,-70,7,pericalcarine,12855843,186,186.0
5278,,rh__pericalcarine__41,Right,76,51,85,14,-75,13,pericalcarine,4693381,69,69.0
5279,,rh__pericalcarine__42,Right,85,59,86,5,-67,14,pericalcarine,5115332,97,97.0
5280,,rh__pericalcarine__43,Right,77,31,76,13,-95,4,pericalcarine,130269,49,49.0
5281,,rh__pericalcarine__44,Right,76,35,75,14,-91,3,pericalcarine,2726961,97,97.0
5282,,rh__pericalcarine__45,Right,75,46,80,15,-80,8,pericalcarine,13285256,85,85.0
5283,,rh__pericalcarine__46,Right,78,60,84,12,-66,12,pericalcarine,13083893,124,124.0
5284,,rh__pericalcarine__47,Right,77,56,82,13,-70,10,pericalcarine,4332770,81,81.0
5285,,rh__pericalcarine__48,Right,75,35,73,15,-91,1,pericalcarine,15416378,127,127.0
5286,,rh__pericalcarine__49,Right,66,61,79,24,-65,7,pericalcarine,5061489,89,89.0
5287,,rh__pericalcarine__50,Right,76,57,83,14,-69,11,pericalcarine,14807527,44,44.0
5288,,rh__pericalcarine__51,Right,75,61,81,15,-65,9,pericalcarine,12331106,83,83.0
5289,,rh__pericalcarine__52,Right,78,48,84,12,-78,12,pericalcarine,8774873,121,121.0
5290,,rh__pericalcarine__53,Right,76,49,78,14,-77,6,pericalcarine,10382628,145,145.0
5291,,rh__pericalcarine__54,Right,82,41,80,8,-85,8,pericalcarine,12131782,119,119.0
5292,,rh__pericalcarine__55,Right,77,53,81,13,-73,9,pericalcarine,6649265,132,132.0
5293,,rh__pericalcarine__56,Right,76,45,77,14,-81,5,pericalcarine,14750738,112,112.0
5294,,rh__pericalcarine__57,Right,79,38,77,11,-88,5,pericalcarine,12194045,108,108.0
5295,,rh__pericalcarine__58,Right,81,38,80,9,-88,8,pericalcarine,4447422,100,100.0
5296,,rh__pericalcarine__59,Right,78,37,73,12,-89,1,pericalcarine,6179170,105,105.0
5297,,rh__pericalcarine__60,Right,76,59,81,14,-67,9,pericalcarine,12717211,30,30.0
5298,,rh__pericalcarine__61,Right,77,55,86,13,-71,14,pericalcarine,298706,70,70.0
5299,,rh__pericalcarine__62,Right,66,57,79,24,-69,7,pericalcarine,939878,94,94.0
5300,,rh__pericalcarine__63,Right,75,51,83,15,-75,11,pericalcarine,11358815,95,95.0
5301,,rh__pericalcarine__64,Right,70,60,80,20,-66,8,pericalcarine,13239232,124,124.0
5302,,rh__postcentral__1,Right,39,108,109,51,-18,37,postcentral,6469419,90,90.0
5303,,rh__postcentral__2,Right,54,93,138,36,-33,66,postcentral,9649859,124,124.0
5304,,rh__postcentral__3,Right,80,86,146,10,-40,74,postcentral,1356172,217,217.0
5305,,rh__postcentral__4,Right,39,118,100,51,-8,28,postcentral,4651051,50,50.0
5306,,rh__postcentral__5,Right,31,112,91,59,-14,19,postcentral,10330093,105,105.0
5307,,rh__postcentral__6,Right,37,114,121,53,-12,49,postcentral,3588439,91,91.0
5308,,rh__postcentral__7,Right,44,114,105,46,-12,33,postcentral,1608268,54,54.0
5309,,rh__postcentral__8,Right,69,92,138,21,-34,66,postcentral,6446178,38,38.0
5310,,rh__postcentral__9,Right,54,96,117,36,-30,45,postcentral,15997716,30,30.0
5311,,rh__postcentral__10,Right,51,109,115,39,-17,43,postcentral,5330918,76,76.0
5312,,rh__postcentral__11,Right,48,108,90,42,-18,18,postcentral,16448057,79,79.0
5313,,rh__postcentral__12,Right,41,118,84,49,-8,12,postcentral,6649180,67,67.0
5314,,rh__postcentral__13,Right,63,98,138,27,-28,66,postcentral,15051854,129,129.0
5315,,rh__postcentral__14,Right,45,116,90,45,-10,18,postcentral,2823518,90,90.0
5316,,rh__postcentral__15,Right,44,112,123,46,-14,51,postcentral,4529402,104,104.0
5317,,rh__postcentral__16,Right,54,97,114,36,-29,42,postcentral,208622,35,35.0
5318,,rh__postcentral__17,Right,29,120,89,61,-6,17,postcentral,434045,76,76.0
5319,,rh__postcentral__18,Right,52,95,122,38,-31,50,postcentral,13662100,36,36.0
5320,,rh__postcentral__19,Right,55,92,130,35,-34,58,postcentral,14716851,85,85.0
5321,,rh__postcentral__20,Right,35,112,108,55,-14,36,postcentral,3749022,61,61.0
5322,,rh__postcentral__21,Right,71,92,140,19,-34,68,postcentral,12348473,54,54.0
5323,,rh__postcentral__22,Right,35,113,90,55,-13,18,postcentral,6749267,100,100.0
5324,,rh__postcentral__23,Right,42,98,132,48,-28,60,postcentral,9558136,168,168.0
5325,,rh__postcentral__24,Right,25,120,99,65,-6,27,postcentral,7496595,127,127.0
5326,,rh__postcentral__25,Right,27,123,81,63,-3,9,postcentral,11505457,108,108.0
5327,,rh__postcentral__26,Right,58,97,140,32,-29,68,postcentral,10613838,104,104.0
5328,,rh__postcentral__27,Right,30,118,112,60,-8,40,postcentral,3836549,88,88.0
5329,,rh__postcentral__28,Right,65,92,133,25,-34,61,postcentral,5753909,92,92.0
5330,,rh__postcentral__29,Right,31,121,81,59,-5,9,postcentral,13603119,118,118.0
5331,,rh__postcentral__30,Right,48,104,122,42,-22,50,postcentral,15991594,121,121.0
5332,,rh__postcentral__31,Right,74,93,135,16,-33,63,postcentral,16270799,46,46.0
5333,,rh__postcentral__32,Right,45,111,107,45,-15,35,postcentral,3559191,55,55.0
5334,,rh__postcentral__33,Right,48,112,91,42,-14,19,postcentral,2076195,141,141.0
5335,,rh__postcentral__34,Right,46,98,121,44,-28,49,postcentral,1536259,66,66.0
5336,,rh__postcentral__35,Right,37,118,83,53,-8,11,postcentral,8526726,49,49.0
5337,,rh__postcentral__36,Right,58,92,138,32,-34,66,postcentral,10462037,146,146.0
5338,,rh__postcentral__37,Right,31,120,96,59,-6,24,postcentral,9820271,54,54.0
5339,,rh__postcentral__38,Right,68,90,134,22,-36,62,postcentral,6356699,42,42.0
5340,,rh__postcentral__39,Right,76,86,147,14,-40,75,postcentral,1610891,145,145.0
5341,,rh__postcentral__40,Right,25,123,85,65,-3,13,postcentral,3621464,97,97.0
5342,,rh__postcentral__41,Right,29,112,99,61,-14,27,postcentral,4245478,60,60.0
5343,,rh__postcentral__42,Right,47,109,111,43,-17,39,postcentral,3105330,69,69.0
5344,,rh__postcentral__43,Right,34,119,98,56,-7,26,postcentral,1175896,65,65.0
5345,,rh__postcentral__44,Right,51,96,138,39,-30,66,postcentral,9307366,99,99.0
5346,,rh__postcentral__45,Right,49,100,113,41,-26,41,postcentral,9716924,43,43.0
5347,,rh__postcentral__46,Right,84,88,146,6,-38,74,postcentral,10552380,125,125.0
5348,,rh__postcentral__47,Right,45,112,89,45,-14,17,postcentral,13046108,113,113.0
5349,,rh__postcentral__48,Right,46,110,109,44,-16,37,postcentral,13343621,65,65.0
5350,,rh__postcentral__49,Right,28,115,85,62,-11,13,postcentral,5712327,137,137.0
5351,,rh__postcentral__50,Right,41,107,110,49,-19,38,postcentral,15397303,42,42.0
5352,,rh__postcentral__51,Right,46,118,88,44,-8,16,postcentral,11959970,49,49.0
5353,,rh__postcentral__52,Right,54,95,121,36,-31,49,postcentral,15189098,22,22.0
5354,,rh__postcentral__53,Right,63,92,128,27,-34,56,postcentral,6805075,65,65.0
5355,,rh__postcentral__54,Right,33,121,94,57,-5,22,postcentral,10772624,50,50.0
5356,,rh__postcentral__55,Right,26,107,92,64,-19,20,postcentral,10021904,114,114.0
5357,,rh__postcentral__56,Right,37,110,108,53,-16,36,postcentral,5476808,51,51.0
5358,,rh__postcentral__57,Right,43,105,111,47,-21,39,postcentral,13851217,82,82.0
5359,,rh__postcentral__58,Right,48,102,132,42,-24,60,postcentral,7715242,86,86.0
5360,,rh__postcentral__59,Right,72,95,133,18,-31,61,postcentral,8023573,59,59.0
5361,,rh__postcentral__60,Right,42,103,116,48,-23,44,postcentral,7663421,81,81.0
5362,,rh__postcentral__61,Right,28,122,87,62,-4,15,postcentral,7476606,63,63.0
5363,,rh__postcentral__62,Right,24,116,96,66,-10,24,postcentral,6368912,130,130.0
5364,,rh__postcentral__63,Right,53,101,120,37,-25,48,postcentral,15374334,54,54.0
5365,,rh__postcentral__64,Right,60,92,127,30,-34,55,postcentral,1659094,39,39.0
5366,,rh__postcentral__65,Right,64,97,143,26,-29,71,postcentral,7759988,97,97.0
5367,,rh__postcentral__66,Right,33,113,105,57,-13,33,postcentral,9917151,47,47.0
5368,,rh__postcentral__67,Right,40,116,103,50,-10,31,postcentral,12133305,65,65.0
5369,,rh__postcentral__68,Right,49,96,121,41,-30,49,postcentral,8632286,54,54.0
5370,,rh__postcentral__69,Right,50,109,113,40,-17,41,postcentral,1151327,84,84.0
5371,,rh__postcentral__70,Right,29,121,98,61,-5,26,postcentral,9195752,93,93.0
5372,,rh__postcentral__71,Right,47,101,112,43,-25,40,postcentral,15854117,38,38.0
5373,,rh__postcentral__72,Right,51,106,116,39,-20,44,postcentral,10852789,62,62.0
5374,,rh__postcentral__73,Right,62,99,126,28,-27,54,postcentral,16600701,56,56.0
5375,,rh__postcentral__74,Right,26,118,105,64,-8,33,postcentral,4060544,121,121.0
5376,,rh__postcentral__75,Right,42,110,91,48,-16,19,postcentral,14329157,80,80.0
5377,,rh__postcentral__76,Right,68,91,133,22,-35,61,postcentral,16612043,38,38.0
5378,,rh__postcentral__77,Right,44,101,116,46,-25,44,postcentral,2871883,81,81.0
5379,,rh__postcentral__78,Right,54,100,121,36,-26,49,postcentral,7933771,49,49.0
5380,,rh__postcentral__79,Right,55,94,122,35,-32,50,postcentral,3233527,25,25.0
5381,,rh__postcentral__80,Right,66,98,129,24,-28,57,postcentral,15391381,53,53.0
5382,,rh__postcentral__81,Right,31,120,92,59,-6,20,postcentral,4273656,55,55.0
5383,,rh__postcentral__82,Right,32,118,105,58,-8,33,postcentral,5522894,81,81.0
5384,,rh__postcentral__83,Right,31,116,114,59,-10,42,postcentral,12740235,84,84.0
5385,,rh__postcentral__84,Right,47,111,118,43,-15,46,postcentral,9557316,86,86.0
5386,,rh__postcentral__85,Right,38,105,127,52,-21,55,postcentral,7349605,167,167.0
5387,,rh__postcentral__86,Right,37,115,86,53,-11,14,postcentral,2475228,125,125.0
5388,,rh__postcentral__87,Right,58,99,124,32,-27,52,postcentral,8764066,56,56.0
5389,,rh__postcentral__88,Right,38,110,91,52,-16,19,postcentral,6726515,78,78.0
5390,,rh__postcentral__89,Right,70,96,131,20,-30,59,postcentral,6030602,58,58.0
5391,,rh__postcentral__90,Right,23,112,92,67,-14,20,postcentral,5428108,126,126.0
5392,,rh__postcentral__91,Right,51,98,114,39,-28,42,postcentral,9177827,44,44.0
5393,,rh__postcentral__92,Right,41,102,121,49,-24,49,postcentral,9578467,114,114.0
5394,,rh__postcentral__93,Right,45,114,90,45,-12,18,postcentral,3296084,53,53.0
5395,,rh__postcentral__94,Right,34,118,82,56,-8,10,postcentral,11807697,107,107.0
5396,,rh__postcentral__95,Right,45,94,130,45,-32,58,postcentral,5159323,128,128.0
5397,,rh__postcentral__96,Right,33,110,120,57,-16,48,postcentral,12661121,116,116.0
5398,,rh__postcentral__97,Right,24,114,87,66,-12,15,postcentral,5198359,123,123.0
5399,,rh__postcentral__98,Right,35,118,100,55,-8,28,postcentral,16556953,58,58.0
5400,,rh__postcentral__99,Right,57,92,126,33,-34,54,postcentral,15404239,39,39.0
5401,,rh__postcentral__100,Right,56,99,123,34,-27,51,postcentral,5076836,53,53.0
5402,,rh__postcentral__101,Right,67,97,130,23,-29,58,postcentral,2070335,46,46.0
5403,,rh__postcentral__102,Right,42,103,132,48,-23,60,postcentral,3647708,151,151.0
5404,,rh__postcentral__103,Right,34,109,90,56,-17,18,postcentral,9787778,136,136.0
5405,,rh__postcentral__104,Right,60,99,126,30,-27,54,postcentral,9419773,58,58.0
5406,,rh__postcentral__105,Right,26,116,102,64,-10,30,postcentral,15450070,130,130.0
5407,,rh__postcentral__106,Right,57,97,131,33,-29,59,postcentral,3422760,76,76.0
5408,,rh__postcentral__107,Right,67,98,144,23,-28,72,postcentral,7130508,103,103.0
5409,,rh__postcentral__108,Right,25,121,91,65,-5,19,postcentral,11095539,78,78.0
5410,,rh__postcentral__109,Right,34,111,123,56,-15,51,postcentral,4608292,152,152.0
5411,,rh__postcentral__110,Right,60,92,132,30,-34,60,postcentral,5801109,50,50.0
5412,,rh__postcentral__111,Right,26,114,99,64,-12,27,postcentral,9153470,139,139.0
5413,,rh__postcentral__112,Right,47,99,116,43,-27,44,postcentral,12209604,56,56.0
5414,,rh__postcentral__113,Right,28,110,96,62,-16,24,postcentral,12935186,74,74.0
5415,,rh__postcentral__114,Right,45,118,86,45,-8,14,postcentral,6227545,81,81.0
5416,,rh__postcentral__115,Right,49,100,134,41,-26,62,postcentral,2992423,115,115.0
5417,,rh__postcentral__116,Right,32,120,100,58,-6,28,postcentral,4068950,60,60.0
5418,,rh__postcentral__117,Right,45,103,112,45,-23,40,postcentral,7731461,55,55.0
5419,,rh__postcentral__118,Right,45,104,132,45,-22,60,postcentral,16561132,99,99.0
5420,,rh__postcentral__119,Right,63,93,141,27,-33,69,postcentral,1856830,101,101.0
5421,,rh__postcentral__120,Right,45,110,116,45,-16,44,postcentral,16165362,80,80.0
5422,,rh__postcentral__121,Right,25,118,83,65,-8,11,postcentral,10226584,105,105.0
5423,,rh__postcentral__122,Right,55,94,125,35,-32,53,postcentral,4012220,33,33.0
5424,,rh__postcentral__123,Right,29,119,110,61,-7,38,postcentral,12692971,85,85.0
5425,,rh__postcentral__124,Right,67,93,137,23,-33,65,postcentral,14206694,58,58.0
5426,,rh__postcentral__125,Right,64,99,127,26,-27,55,postcentral,4262084,52,52.0
5427,,rh__postcentral__126,Right,37,120,98,53,-6,26,postcentral,4030435,45,45.0
5428,,rh__postcentral__127,Right,43,112,87,47,-14,15,postcentral,10454823,138,138.0
5429,,rh__postcentral__128,Right,26,109,90,64,-17,18,postcentral,289782,114,114.0
5430,,rh__postcentral__129,Right,36,107,123,54,-19,51,postcentral,15697247,133,133.0
5431,,rh__postcentral__130,Right,29,109,89,61,-17,17,postcentral,4134920,130,130.0
5432,,rh__postcentral__131,Right,27,113,89,63,-13,17,postcentral,1621870,139,139.0
5433,,rh__postcentral__132,Right,48,102,126,42,-24,54,postcentral,10829495,69,69.0
5434,,rh__postcentral__133,Right,38,113,126,52,-13,54,postcentral,7400679,117,117.0
5435,,rh__postcentral__134,Right,49,94,130,41,-32,58,postcentral,7260793,88,88.0
5436,,rh__postcentral__135,Right,37,118,85,53,-8,13,postcentral,3734242,68,68.0
5437,,rh__postcentral__136,Right,36,116,111,54,-10,39,postcentral,5361202,74,74.0
5438,,rh__postcentral__137,Right,62,92,134,28,-34,62,postcentral,8797102,55,55.0
5439,,rh__postcentral__138,Right,62,98,133,28,-28,61,postcentral,13225518,95,95.0
5440,,rh__postcentral__139,Right,37,107,118,53,-19,46,postcentral,4926997,92,92.0
5441,,rh__postcentral__140,Right,34,112,107,56,-14,35,postcentral,1656363,49,49.0
5442,,rh__postcentral__141,Right,51,103,120,39,-23,48,postcentral,5619215,50,50.0
5443,,rh__postcentral__142,Right,33,115,85,57,-11,13,postcentral,9647176,137,137.0
5444,,rh__postcentral__143,Right,42,98,126,48,-28,54,postcentral,14709771,114,114.0
5445,,rh__postcentral__144,Right,32,114,88,58,-12,16,postcentral,1215026,119,119.0
5446,,rh__postcentral__145,Right,54,98,129,36,-28,57,postcentral,16308638,70,70.0
5447,,rh__postcentral__146,Right,29,119,93,61,-7,21,postcentral,4891628,67,67.0
5448,,rh__postcentral__147,Right,61,92,139,29,-34,67,postcentral,7172194,122,122.0
5449,,rh__postcentral__148,Right,31,112,117,59,-14,45,postcentral,14776702,128,128.0
5450,,rh__postcentral__149,Right,69,94,145,21,-32,73,postcentral,5187252,74,74.0
5451,,rh__postcentral__150,Right,30,115,101,60,-11,29,postcentral,9121308,74,74.0
5452,,rh__postcentral__151,Right,49,95,126,41,-31,54,postcentral,3532177,55,55.0
5453,,rh__postcentral__152,Right,25,122,95,65,-4,23,postcentral,2954630,101,101.0
5454,,rh__postcentral__153,Right,72,96,146,18,-30,74,postcentral,4307044,97,97.0
5455,,rh__postcentral__154,Right,46,106,122,44,-20,50,postcentral,4635684,74,74.0
5456,,rh__postcentral__155,Right,30,118,82,60,-8,10,postcentral,1054560,125,125.0
5457,,rh__postcentral__156,Right,45,99,135,45,-27,63,postcentral,1647628,134,134.0
5458,,rh__postcentral__157,Right,60,97,141,30,-29,69,postcentral,2436877,111,111.0
5459,,rh__postcentral__158,Right,24,119,87,66,-7,15,postcentral,12292441,99,99.0
5460,,rh__postcentral__159,Right,35,109,115,55,-17,43,postcentral,16336291,62,62.0
5461,,rh__postcentral__160,Right,41,108,131,49,-18,59,postcentral,14943908,139,139.0
5462,,rh__postcentral__161,Right,72,85,148,18,-41,76,postcentral,1314225,121,121.0
5463,,rh__postcentral__162,Right,24,110,95,66,-16,23,postcentral,6423571,116,116.0
5464,,rh__postcentral__163,Right,49,98,117,41,-28,45,postcentral,14975467,51,51.0
5465,,rh__postcentral__164,Right,56,97,140,34,-29,68,postcentral,10618761,102,102.0
5466,,rh__postcentral__165,Right,28,122,102,62,-4,30,postcentral,5145920,72,72.0
5467,,rh__postcentral__166,Right,39,112,89,51,-14,17,postcentral,8277233,98,98.0
5468,,rh__postcentral__167,Right,53,99,127,37,-27,55,postcentral,572201,68,68.0
5469,,rh__postcentral__168,Right,35,115,115,55,-11,43,postcentral,2385616,85,85.0
5470,,rh__postcentral__169,Right,57,92,133,33,-34,61,postcentral,2118054,89,89.0
5471,,rh__postcentral__170,Right,40,114,87,50,-12,15,postcentral,15452656,87,87.0
5472,,rh__postcentral__171,Right,41,106,115,49,-20,43,postcentral,11659966,55,55.0
5473,,rh__postcentral__172,Right,51,98,133,39,-28,61,postcentral,9851257,93,93.0
5474,,rh__postcentral__173,Right,28,115,106,62,-11,34,postcentral,10515735,101,101.0
5475,,rh__postcentral__174,Right,38,104,123,52,-22,51,postcentral,4038147,132,132.0
5476,,rh__postcentral__175,Right,41,117,87,49,-9,15,postcentral,11062628,50,50.0
5477,,rh__postcentral__176,Right,52,92,134,38,-34,62,postcentral,14051352,135,135.0
5478,,rh__postcentral__177,Right,47,109,120,43,-17,48,postcentral,9680276,84,84.0
5479,,rh__postcentral__178,Right,31,113,111,59,-13,39,postcentral,4507788,76,76.0
5480,,rh__postcentral__179,Right,48,94,136,42,-32,64,postcentral,13109147,124,124.0
5481,,rh__postcentral__180,Right,29,120,106,61,-6,34,postcentral,6002700,68,68.0
5482,,rh__postcentral__181,Right,44,110,126,46,-16,54,postcentral,2971105,114,114.0
5483,,rh__postcentral__182,Right,37,117,103,53,-9,31,postcentral,12714433,57,57.0
5484,,rh__postcentral__183,Right,69,89,137,21,-37,65,postcentral,8099413,52,52.0
5485,,rh__postcentral__184,Right,46,95,134,44,-31,62,postcentral,14038646,108,108.0
5486,,rh__postcentral__185,Right,40,111,128,50,-15,56,postcentral,7463668,151,151.0
5487,,rh__postcentral__186,Right,52,95,125,38,-31,53,postcentral,2698518,41,41.0
5488,,rh__postcentral__187,Right,45,96,126,45,-30,54,postcentral,3751169,92,92.0
5489,,rh__postcentral__188,Right,79,92,149,11,-34,77,postcentral,9552898,167,167.0
5490,,rh__postcentral__189,Right,35,110,112,55,-16,40,postcentral,13531981,66,66.0
5491,,rh__postcentral__190,Right,51,100,127,39,-26,55,postcentral,4599919,66,66.0
5492,,rh__postcentral__191,Right,23,117,92,67,-9,20,postcentral,2833598,116,116.0
5493,,rh__postcentral__192,Right,52,96,118,38,-30,46,postcentral,13721032,48,48.0
5494,,rh__postcentral__193,Right,35,114,118,55,-12,46,postcentral,4414837,132,132.0
5495,,rh__postcentral__194,Right,69,88,145,21,-38,73,postcentral,3722089,109,109.0
5496,,rh__postcentral__195,Right,31,112,114,59,-14,42,postcentral,4484803,83,83.0
5497,,rh__postcentral__196,Right,39,101,127,51,-25,55,postcentral,6854065,148,148.0
5498,,rh__postcentral__197,Right,40,106,118,50,-20,46,postcentral,11329308,63,63.0
5499,,rh__postcentral__198,Right,45,109,89,45,-17,17,postcentral,15116848,107,107.0
5500,,rh__postcentral__199,Right,43,99,121,47,-27,49,postcentral,2765989,90,90.0
5501,,rh__postcentral__200,Right,49,119,87,41,-7,15,postcentral,15528876,119,119.0
5502,,rh__postcentral__201,Right,36,121,96,54,-5,24,postcentral,11900727,38,38.0
5503,,rh__postcentral__202,Right,30,115,109,60,-11,37,postcentral,4581829,81,81.0
5504,,rh__postcentral__203,Right,69,89,141,21,-37,69,postcentral,2395061,85,85.0
5505,,rh__postcentral__204,Right,44,106,129,46,-20,57,postcentral,1581131,98,98.0
5506,,rh__postcentral__205,Right,33,114,102,57,-12,30,postcentral,12153411,65,65.0
5507,,rh__postcentral__206,Right,54,97,137,36,-29,65,postcentral,12211436,103,103.0
5508,,rh__postcentral__207,Right,38,108,114,52,-18,42,postcentral,12643284,61,61.0
5509,,rh__postcentral__208,Right,42,116,104,48,-10,32,postcentral,5459064,58,58.0
5510,,rh__postcentral__209,Right,53,93,129,37,-33,57,postcentral,16540030,70,70.0
5511,,rh__postcentral__210,Right,59,98,133,31,-28,61,postcentral,3139703,91,91.0
5512,,rh__postcentral__211,Right,77,92,143,13,-34,71,postcentral,12879852,88,88.0
5513,,rh__postcentral__212,Right,80,91,145,10,-35,73,postcentral,12711948,83,83.0
5514,,rh__postcentral__213,Right,75,94,143,15,-32,71,postcentral,8120362,78,78.0
5515,,rh__postcentral__214,Right,74,94,140,16,-32,68,postcentral,4402723,62,62.0
5516,,rh__postcentral__215,Right,75,89,149,15,-37,77,postcentral,15946213,114,114.0
5517,,rh__postcentral__216,Right,72,90,148,18,-36,76,postcentral,10083207,81,81.0
5518,,rh__postcentral__217,Right,72,96,139,18,-30,67,postcentral,3742046,67,67.0
5519,,rh__postcentral__218,Right,70,98,143,20,-28,71,postcentral,4733421,64,64.0
5520,,rh__postcentral__219,Right,40,113,109,50,-13,37,postcentral,10728917,48,48.0
5521,,rh__postcentral__220,Right,42,110,116,48,-16,44,postcentral,8354231,77,77.0
5522,,rh__postcentral__221,Right,41,111,116,49,-15,44,postcentral,2502412,34,34.0
5523,,rh__postcentral__222,Right,39,112,113,51,-14,41,postcentral,9458094,106,106.0
5524,,rh__postcentral__223,Right,42,111,111,48,-15,39,postcentral,4139823,42,42.0
5525,,rh__postcentral__224,Right,39,115,106,51,-11,34,postcentral,7078491,32,32.0
5526,,rh__postcentral__225,Right,40,114,107,50,-12,35,postcentral,10527868,51,51.0
5527,,rh__postcentral__226,Right,67,94,143,23,-32,71,postcentral,10277525,46,46.0
5528,,rh__postcentral__227,Right,66,93,142,24,-33,70,postcentral,16685244,41,41.0
5529,,rh__postcentral__228,Right,39,113,122,51,-13,50,postcentral,9101494,48,48.0
5530,,rh__postcentral__229,Right,42,113,122,48,-13,50,postcentral,2746209,47,47.0
5531,,rh__postcentral__230,Right,72,91,143,18,-35,71,postcentral,14461596,38,38.0
5532,,rh__postcentral__231,Right,72,91,145,18,-35,73,postcentral,6223860,54,54.0
5533,,rh__postcentral__232,Right,33,118,107,57,-8,35,postcentral,2777992,32,32.0
5534,,rh__postcentral__233,Right,36,116,106,54,-10,34,postcentral,13966631,62,62.0
5535,,rh__postcentral__234,Right,68,97,138,22,-29,66,postcentral,13508282,46,46.0
5536,,rh__postcentral__235,Right,70,96,137,20,-30,65,postcentral,5966432,51,51.0
5537,,rh__postcentral__236,Right,35,117,110,55,-9,38,postcentral,11991381,54,54.0
5538,,rh__postcentral__237,Right,77,92,138,13,-34,66,postcentral,1746118,84,84.0
5539,,rh__postcentral__238,Right,67,97,136,23,-29,64,postcentral,5569210,62,62.0
5540,,rh__postcentral__239,Right,66,98,136,24,-28,64,postcentral,6438865,36,36.0
5541,,rh__postcentral__240,Right,85,89,144,5,-37,72,postcentral,3078313,30,30.0
5542,,rh__postcentral__241,Right,82,90,142,8,-36,70,postcentral,5438990,81,81.0
5543,,rh__postcentral__242,Right,74,94,148,16,-32,76,postcentral,15710503,64,64.0
5544,,rh__postcentral__243,Right,76,96,147,14,-30,75,postcentral,546691,65,65.0
5545,,rh__posteriorcingulate__1,Right,86,99,109,4,-27,37,posteriorcingulate,8599633,142,142.0
5546,,rh__posteriorcingulate__2,Right,82,120,113,8,-6,41,posteriorcingulate,14137983,95,95.0
5547,,rh__posteriorcingulate__3,Right,78,104,110,12,-22,38,posteriorcingulate,9944825,83,83.0
5548,,rh__posteriorcingulate__4,Right,78,112,113,12,-14,41,posteriorcingulate,1982832,74,74.0
5549,,rh__posteriorcingulate__5,Right,87,130,107,3,4,35,posteriorcingulate,12616667,98,98.0
5550,,rh__posteriorcingulate__6,Right,77,97,111,13,-29,39,posteriorcingulate,93442,86,86.0
5551,,rh__posteriorcingulate__7,Right,84,92,107,6,-34,35,posteriorcingulate,11633529,90,90.0
5552,,rh__posteriorcingulate__8,Right,86,110,103,4,-16,31,posteriorcingulate,4094934,99,99.0
5553,,rh__posteriorcingulate__9,Right,86,96,101,4,-30,29,posteriorcingulate,2640324,79,79.0
5554,,rh__posteriorcingulate__10,Right,87,110,108,3,-16,36,posteriorcingulate,5000188,113,113.0
5555,,rh__posteriorcingulate__11,Right,86,126,103,4,0,31,posteriorcingulate,9858581,73,73.0
5556,,rh__posteriorcingulate__12,Right,83,117,113,7,-9,41,posteriorcingulate,5665631,114,114.0
5557,,rh__posteriorcingulate__13,Right,82,90,108,8,-36,36,posteriorcingulate,5954367,74,74.0
5558,,rh__posteriorcingulate__14,Right,80,114,114,10,-12,42,posteriorcingulate,10627703,77,77.0
5559,,rh__posteriorcingulate__15,Right,85,100,101,5,-26,29,posteriorcingulate,15406414,77,77.0
5560,,rh__posteriorcingulate__16,Right,87,113,111,3,-13,39,posteriorcingulate,7184168,160,160.0
5561,,rh__posteriorcingulate__17,Right,84,128,114,6,2,42,posteriorcingulate,10561397,189,189.0
5562,,rh__posteriorcingulate__18,Right,81,98,113,9,-28,41,posteriorcingulate,14536038,143,143.0
5563,,rh__posteriorcingulate__19,Right,86,94,104,4,-32,32,posteriorcingulate,434074,99,99.0
5564,,rh__posteriorcingulate__20,Right,86,129,103,4,3,31,posteriorcingulate,4669218,69,69.0
5565,,rh__posteriorcingulate__21,Right,86,107,102,4,-19,30,posteriorcingulate,11921985,93,93.0
5566,,rh__posteriorcingulate__22,Right,76,94,112,14,-32,40,posteriorcingulate,8527722,103,103.0
5567,,rh__posteriorcingulate__23,Right,86,89,114,4,-37,42,posteriorcingulate,8303155,153,153.0
5568,,rh__posteriorcingulate__24,Right,76,91,113,14,-35,41,posteriorcingulate,12265455,91,91.0
5569,,rh__posteriorcingulate__25,Right,86,120,104,4,-6,32,posteriorcingulate,5905205,100,100.0
5570,,rh__posteriorcingulate__26,Right,87,113,104,3,-13,32,posteriorcingulate,8211950,98,98.0
5571,,rh__posteriorcingulate__27,Right,77,100,109,13,-26,37,posteriorcingulate,1109336,78,78.0
5572,,rh__posteriorcingulate__28,Right,87,120,112,3,-6,40,posteriorcingulate,9569057,178,178.0
5573,,rh__posteriorcingulate__29,Right,86,103,107,4,-23,35,posteriorcingulate,8208307,137,137.0
5574,,rh__posteriorcingulate__30,Right,87,93,115,3,-33,43,posteriorcingulate,15030590,180,180.0
5575,,rh__posteriorcingulate__31,Right,87,124,108,3,-2,36,posteriorcingulate,10094874,147,147.0
5576,,rh__posteriorcingulate__32,Right,86,95,109,4,-31,37,posteriorcingulate,8953603,106,106.0
5577,,rh__posteriorcingulate__33,Right,86,122,104,4,-4,32,posteriorcingulate,13566696,89,89.0
5578,,rh__posteriorcingulate__34,Right,82,95,115,8,-31,43,posteriorcingulate,3062990,138,138.0
5579,,rh__posteriorcingulate__35,Right,85,103,101,5,-23,29,posteriorcingulate,1314034,98,98.0
5580,,rh__posteriorcingulate__36,Right,87,117,110,3,-9,38,posteriorcingulate,5369365,150,150.0
5581,,rh__posteriorcingulate__37,Right,84,92,110,6,-34,38,posteriorcingulate,1875263,130,130.0
5582,,rh__posteriorcingulate__38,Right,82,106,112,8,-20,40,posteriorcingulate,15474081,97,97.0
5583,,rh__posteriorcingulate__39,Right,82,124,113,8,-2,41,posteriorcingulate,1527546,87,87.0
5584,,rh__posteriorcingulate__40,Right,86,97,105,4,-29,33,posteriorcingulate,5549261,93,93.0
5585,,rh__posteriorcingulate__41,Right,87,107,107,3,-19,35,posteriorcingulate,5539451,113,113.0
5586,,rh__posteriorcingulate__42,Right,86,109,113,4,-17,41,posteriorcingulate,11927827,130,130.0
5587,,rh__posteriorcingulate__43,Right,82,102,112,8,-24,40,posteriorcingulate,1737185,131,131.0
5588,,rh__posteriorcingulate__44,Right,87,97,114,3,-29,42,posteriorcingulate,8489159,154,154.0
5589,,rh__posteriorcingulate__45,Right,87,116,104,3,-10,32,posteriorcingulate,353052,100,100.0
5590,,rh__posteriorcingulate__46,Right,87,128,110,3,2,38,posteriorcingulate,14706263,177,177.0
5591,,rh__posteriorcingulate__47,Right,82,110,113,8,-16,41,posteriorcingulate,2292791,129,129.0
5592,,rh__posteriorcingulate__48,Right,87,105,113,3,-21,41,posteriorcingulate,6791758,159,159.0
5593,,rh__posteriorcingulate__49,Right,82,92,117,8,-34,45,posteriorcingulate,16526981,146,146.0
5594,,rh__posteriorcingulate__50,Right,87,100,104,3,-26,32,posteriorcingulate,7137428,115,115.0
5595,,rh__posteriorcingulate__51,Right,85,113,115,5,-13,43,posteriorcingulate,3936708,206,206.0
5596,,rh__posteriorcingulate__52,Right,81,89,117,9,-37,45,posteriorcingulate,14145476,112,112.0
5597,,rh__posteriorcingulate__53,Right,86,124,114,4,-2,42,posteriorcingulate,866425,194,194.0
5598,,rh__posteriorcingulate__54,Right,86,101,114,4,-25,42,posteriorcingulate,9539932,172,172.0
5599,,rh__posteriorcingulate__55,Right,78,108,110,12,-18,38,posteriorcingulate,1756036,136,136.0
5600,,rh__precentral__1,Right,49,115,120,41,-11,48,precentral,11160433,99,99.0
5601,,rh__precentral__2,Right,27,130,92,63,4,20,precentral,13153178,172,172.0
5602,,rh__precentral__3,Right,41,129,76,49,3,4,precentral,4085026,172,172.0
5603,,rh__precentral__4,Right,48,109,131,42,-17,59,precentral,10878535,173,173.0
5604,,rh__precentral__5,Right,86,94,144,4,-32,72,precentral,9419586,114,114.0
5605,,rh__precentral__6,Right,38,132,86,52,6,14,precentral,9684067,83,83.0
5606,,rh__precentral__7,Right,30,128,99,60,2,27,precentral,2548042,155,155.0
5607,,rh__precentral__8,Right,51,130,86,39,4,14,precentral,6646943,42,42.0
5608,,rh__precentral__9,Right,63,105,142,27,-21,70,precentral,2055378,174,174.0
5609,,rh__precentral__10,Right,52,106,121,38,-20,49,precentral,12601280,91,91.0
5610,,rh__precentral__11,Right,66,115,124,24,-11,52,precentral,7346273,63,63.0
5611,,rh__precentral__12,Right,49,132,96,41,6,24,precentral,3840037,47,47.0
5612,,rh__precentral__13,Right,36,121,82,54,-5,10,precentral,11865051,81,81.0
5613,,rh__precentral__14,Right,47,126,107,43,0,35,precentral,10333390,120,120.0
5614,,rh__precentral__15,Right,75,114,138,15,-12,66,precentral,10957880,119,119.0
5615,,rh__precentral__16,Right,48,127,104,42,1,32,precentral,10022775,82,82.0
5616,,rh__precentral__17,Right,70,113,132,20,-13,60,precentral,144357,85,85.0
5617,,rh__precentral__18,Right,43,130,93,47,4,21,precentral,5416765,43,43.0
5618,,rh__precentral__19,Right,78,113,144,12,-13,72,precentral,7005968,155,155.0
5619,,rh__precentral__20,Right,65,117,120,25,-9,48,precentral,15252000,73,73.0
5620,,rh__precentral__21,Right,43,131,121,47,5,49,precentral,5027165,167,167.0
5621,,rh__precentral__22,Right,40,131,90,50,5,18,precentral,6115276,95,95.0
5622,,rh__precentral__23,Right,67,100,126,23,-26,54,precentral,12527222,42,42.0
5623,,rh__precentral__24,Right,47,124,87,43,-2,15,precentral,1459918,86,86.0
5624,,rh__precentral__25,Right,31,126,101,59,0,29,precentral,1019936,132,132.0
5625,,rh__precentral__26,Right,46,131,94,44,5,22,precentral,9740991,39,39.0
5626,,rh__precentral__27,Right,31,135,79,59,9,7,precentral,8077858,208,208.0
5627,,rh__precentral__28,Right,75,109,146,15,-17,74,precentral,14598895,167,167.0
5628,,rh__precentral__29,Right,67,102,131,23,-24,59,precentral,15486384,91,91.0
5629,,rh__precentral__30,Right,41,118,112,49,-8,40,precentral,2939307,116,116.0
5630,,rh__precentral__31,Right,47,125,117,43,-1,45,precentral,7958990,88,88.0
5631,,rh__precentral__32,Right,73,97,130,17,-29,58,precentral,8022752,44,44.0
5632,,rh__precentral__33,Right,36,122,104,54,-4,32,precentral,16161244,109,109.0
5633,,rh__precentral__34,Right,26,126,89,64,0,17,precentral,6360114,80,80.0
5634,,rh__precentral__35,Right,35,135,78,55,9,6,precentral,12977157,151,151.0
5635,,rh__precentral__36,Right,85,91,143,5,-35,71,precentral,9370777,50,50.0
5636,,rh__precentral__37,Right,48,113,112,42,-13,40,precentral,16494302,111,111.0
5637,,rh__precentral__38,Right,27,127,85,63,1,13,precentral,4906860,86,86.0
5638,,rh__precentral__39,Right,69,114,136,21,-12,64,precentral,13891619,162,162.0
5639,,rh__precentral__40,Right,44,127,111,46,1,39,precentral,9331261,120,120.0
5640,,rh__precentral__41,Right,70,99,128,20,-27,56,precentral,11396657,48,48.0
5641,,rh__precentral__42,Right,36,134,83,54,8,11,precentral,15614749,130,130.0
5642,,rh__precentral__43,Right,58,119,119,32,-7,47,precentral,3460389,101,101.0
5643,,rh__precentral__44,Right,51,111,109,39,-15,37,precentral,16645875,56,56.0
5644,,rh__precentral__45,Right,78,95,136,12,-31,64,precentral,1922272,58,58.0
5645,,rh__precentral__46,Right,50,130,102,40,4,30,precentral,6880404,76,76.0
5646,,rh__precentral__47,Right,62,117,119,28,-9,47,precentral,5090461,66,66.0
5647,,rh__precentral__48,Right,79,109,147,11,-17,75,precentral,14348160,113,113.0
5648,,rh__precentral__49,Right,39,120,81,51,-6,9,precentral,10191287,109,109.0
5649,,rh__precentral__50,Right,49,131,82,41,5,10,precentral,15100012,66,66.0
5650,,rh__precentral__51,Right,49,123,117,41,-3,45,precentral,7773786,63,63.0
5651,,rh__precentral__52,Right,53,110,110,37,-16,38,precentral,10090293,46,46.0
5652,,rh__precentral__53,Right,43,131,75,47,5,3,precentral,2141748,124,124.0
5653,,rh__precentral__54,Right,49,133,102,41,7,30,precentral,7833919,123,123.0
5654,,rh__precentral__55,Right,63,114,123,27,-12,51,precentral,2047933,90,90.0
5655,,rh__precentral__56,Right,51,132,98,39,6,26,precentral,15615000,60,60.0
5656,,rh__precentral__57,Right,34,124,103,56,-2,31,precentral,8246842,105,105.0
5657,,rh__precentral__58,Right,80,106,147,10,-20,75,precentral,6077267,180,180.0
5658,,rh__precentral__59,Right,67,114,127,23,-12,55,precentral,15376373,67,67.0
5659,,rh__precentral__60,Right,55,109,112,35,-17,40,precentral,4656140,47,47.0
5660,,rh__precentral__61,Right,75,96,133,15,-30,61,precentral,4212725,41,41.0
5661,,rh__precentral__62,Right,55,111,117,35,-15,45,precentral,1253123,46,46.0
5662,,rh__precentral__63,Right,45,127,85,45,1,13,precentral,16338549,67,67.0
5663,,rh__precentral__64,Right,75,113,141,15,-13,69,precentral,11537911,115,115.0
5664,,rh__precentral__65,Right,40,131,116,50,5,44,precentral,10366756,133,133.0
5665,,rh__precentral__66,Right,38,131,105,52,5,33,precentral,12623748,156,156.0
5666,,rh__precentral__67,Right,50,128,87,40,2,15,precentral,9602637,39,39.0
5667,,rh__precentral__68,Right,70,101,133,20,-25,61,precentral,3960988,98,98.0
5668,,rh__precentral__69,Right,37,129,108,53,3,36,precentral,7984381,147,147.0
5669,,rh__precentral__70,Right,57,118,127,33,-8,55,precentral,8054028,129,129.0
5670,,rh__precentral__71,Right,31,125,84,59,-1,12,precentral,10603639,131,131.0
5671,,rh__precentral__72,Right,38,129,115,52,3,43,precentral,10708241,183,183.0
5672,,rh__precentral__73,Right,49,113,107,41,-13,35,precentral,11558108,60,60.0
5673,,rh__precentral__74,Right,32,128,79,58,2,7,precentral,6060130,229,229.0
5674,,rh__precentral__75,Right,32,124,94,58,-2,22,precentral,10945525,111,111.0
5675,,rh__precentral__76,Right,59,112,140,31,-14,68,precentral,11425906,236,236.0
5676,,rh__precentral__77,Right,50,113,125,40,-13,53,precentral,11997378,119,119.0
5677,,rh__precentral__78,Right,39,120,122,51,-6,50,precentral,12632544,191,191.0
5678,,rh__precentral__79,Right,29,133,83,61,7,11,precentral,7953166,233,233.0
5679,,rh__precentral__80,Right,70,107,145,20,-19,73,precentral,10179086,186,186.0
5680,,rh__precentral__81,Right,30,136,97,60,10,25,precentral,15415535,224,224.0
5681,,rh__precentral__82,Right,35,134,96,55,8,24,precentral,5485125,147,147.0
5682,,rh__precentral__83,Right,47,115,106,43,-11,34,precentral,5977935,60,60.0
5683,,rh__precentral__84,Right,44,119,82,46,-7,10,precentral,4793323,144,144.0
5684,,rh__precentral__85,Right,70,112,144,20,-14,72,precentral,14713053,134,134.0
5685,,rh__precentral__86,Right,36,133,73,54,7,1,precentral,7170111,157,157.0
5686,,rh__precentral__87,Right,66,101,125,24,-25,53,precentral,7031880,37,37.0
5687,,rh__precentral__88,Right,32,136,102,58,10,30,precentral,8551568,273,273.0
5688,,rh__precentral__89,Right,68,113,130,22,-13,58,precentral,3059130,75,75.0
5689,,rh__precentral__90,Right,56,112,139,34,-14,67,precentral,14056833,203,203.0
5690,,rh__precentral__91,Right,39,125,77,51,-1,5,precentral,9691107,187,187.0
5691,,rh__precentral__92,Right,51,122,124,39,-4,52,precentral,2825174,121,121.0
5692,,rh__precentral__93,Right,45,117,104,45,-9,32,precentral,10893723,59,59.0
5693,,rh__precentral__94,Right,55,121,119,35,-5,47,precentral,5843853,54,54.0
5694,,rh__precentral__95,Right,54,104,121,36,-22,49,precentral,1630241,115,115.0
5695,,rh__precentral__96,Right,47,129,84,43,3,12,precentral,10271440,61,61.0
5696,,rh__precentral__97,Right,42,132,118,48,6,46,precentral,13665539,156,156.0
5697,,rh__precentral__98,Right,79,112,146,11,-14,74,precentral,15418748,134,134.0
5698,,rh__precentral__99,Right,50,107,134,40,-19,62,precentral,11698923,119,119.0
5699,,rh__precentral__100,Right,49,126,88,41,0,16,precentral,5861592,35,35.0
5700,,rh__precentral__101,Right,56,108,115,34,-18,43,precentral,9389747,42,42.0
5701,,rh__precentral__102,Right,34,123,84,56,-3,12,precentral,4265622,128,128.0
5702,,rh__precentral__103,Right,67,107,144,23,-19,72,precentral,8232129,235,235.0
5703,,rh__precentral__104,Right,53,110,120,37,-16,48,precentral,9271251,99,99.0
5704,,rh__precentral__105,Right,29,135,88,61,9,16,precentral,14091933,186,186.0
5705,,rh__precentral__106,Right,61,113,128,29,-13,56,precentral,13784928,123,123.0
5706,,rh__precentral__107,Right,34,124,96,56,-2,24,precentral,3751929,89,89.0
5707,,rh__precentral__108,Right,59,103,134,31,-23,62,precentral,418307,116,116.0
5708,,rh__precentral__109,Right,46,131,80,44,5,8,precentral,16553298,69,69.0
5709,,rh__precentral__110,Right,39,121,111,51,-5,39,precentral,1782155,122,122.0
5710,,rh__precentral__111,Right,60,115,124,30,-11,52,precentral,13535249,95,95.0
5711,,rh__precentral__112,Right,30,133,104,60,7,32,precentral,10260391,243,243.0
5712,,rh__precentral__113,Right,56,103,125,34,-23,53,precentral,11887782,77,77.0
5713,,rh__precentral__114,Right,43,119,124,47,-7,52,precentral,11169408,149,149.0
5714,,rh__precentral__115,Right,40,128,110,50,2,38,precentral,13233203,140,140.0
5715,,rh__precentral__116,Right,66,102,137,24,-24,65,precentral,6788518,144,144.0
5716,,rh__precentral__117,Right,54,106,117,36,-20,45,precentral,11046010,65,65.0
5717,,rh__precentral__118,Right,58,103,126,32,-23,54,precentral,11312769,99,99.0
5718,,rh__precentral__119,Right,43,132,97,47,6,25,precentral,7706662,131,131.0
5719,,rh__precentral__120,Right,42,123,122,48,-3,50,precentral,8556728,147,147.0
5720,,rh__precentral__121,Right,45,124,83,45,-2,11,precentral,4870131,101,101.0
5721,,rh__precentral__122,Right,49,113,136,41,-13,64,precentral,6791684,230,230.0
5722,,rh__precentral__123,Right,50,122,130,40,-4,58,precentral,1976060,159,159.0
5723,,rh__precentral__124,Right,28,130,89,62,4,17,precentral,3164096,151,151.0
5724,,rh__precentral__125,Right,63,103,135,27,-23,63,precentral,12029609,119,119.0
5725,,rh__precentral__126,Right,31,130,106,59,4,34,precentral,14226387,211,211.0
5726,,rh__precentral__127,Right,48,114,116,42,-12,44,precentral,3578755,78,78.0
5727,,rh__precentral__128,Right,42,134,104,48,8,32,precentral,15734453,161,161.0
5728,,rh__precentral__129,Right,46,121,84,44,-5,12,precentral,16358426,89,89.0
5729,,rh__precentral__130,Right,53,112,138,37,-14,66,precentral,2509171,208,208.0
5730,,rh__precentral__131,Right,43,118,103,47,-8,31,precentral,4097295,48,48.0
5731,,rh__precentral__132,Right,38,126,121,52,0,49,precentral,6549711,225,225.0
5732,,rh__precentral__133,Right,42,122,78,48,-4,6,precentral,10800725,164,164.0
5733,,rh__precentral__134,Right,64,115,138,26,-11,66,precentral,4381810,185,185.0
5734,,rh__precentral__135,Right,33,135,86,57,9,14,precentral,11245363,150,150.0
5735,,rh__precentral__136,Right,62,102,123,28,-24,51,precentral,12702038,96,96.0
5736,,rh__precentral__137,Right,53,120,132,37,-6,60,precentral,12541732,183,183.0
5737,,rh__precentral__138,Right,30,124,91,60,-2,19,precentral,8776444,77,77.0
5738,,rh__precentral__139,Right,44,117,108,46,-9,36,precentral,755273,98,98.0
5739,,rh__precentral__140,Right,61,114,134,29,-12,62,precentral,8731427,160,160.0
5740,,rh__precentral__141,Right,44,116,119,46,-10,47,precentral,4854802,95,95.0
5741,,rh__precentral__142,Right,38,121,100,52,-5,28,precentral,4984249,71,71.0
5742,,rh__precentral__143,Right,36,122,109,54,-4,37,precentral,13668190,131,131.0
5743,,rh__precentral__144,Right,59,105,141,31,-21,69,precentral,8218931,162,162.0
5744,,rh__precentral__145,Right,35,134,89,55,8,17,precentral,7338482,126,126.0
5745,,rh__precentral__146,Right,52,122,117,38,-4,45,precentral,14216384,60,60.0
5746,,rh__precentral__147,Right,46,115,110,44,-11,38,precentral,16546760,120,120.0
5747,,rh__precentral__148,Right,52,113,120,38,-13,48,precentral,11532135,72,72.0
5748,,rh__precentral__149,Right,45,118,126,45,-8,54,precentral,312008,139,139.0
5749,,rh__precentral__150,Right,43,130,81,47,4,9,precentral,16550585,78,78.0
5750,,rh__precentral__151,Right,75,105,147,15,-21,75,precentral,16156611,122,122.0
5751,,rh__precentral__152,Right,37,135,99,53,9,27,precentral,4762027,204,204.0
5752,,rh__precentral__153,Right,48,122,122,42,-4,50,precentral,3772905,112,112.0
5753,,rh__precentral__154,Right,53,103,130,37,-23,58,precentral,11832677,130,130.0
5754,,rh__precentral__155,Right,37,132,92,53,6,20,precentral,1722186,81,81.0
5755,,rh__precentral__156,Right,74,111,143,16,-15,71,precentral,6891668,161,161.0
5756,,rh__precentral__157,Right,60,103,128,30,-23,56,precentral,5360085,98,98.0
5757,,rh__precentral__158,Right,45,123,125,45,-3,53,precentral,15630173,172,172.0
5758,,rh__precentral__159,Right,31,136,92,59,10,20,precentral,2139222,215,215.0
5759,,rh__precentral__160,Right,83,102,147,7,-24,75,precentral,14280896,179,179.0
5760,,rh__precentral__161,Right,43,128,106,47,2,34,precentral,16245300,111,111.0
5761,,rh__precentral__162,Right,37,125,81,53,-1,9,precentral,2569666,94,94.0
5762,,rh__precentral__163,Right,47,114,131,43,-12,59,precentral,8088249,185,185.0
5763,,rh__precentral__164,Right,66,113,133,24,-13,61,precentral,8058774,142,142.0
5764,,rh__precentral__165,Right,38,119,118,52,-7,46,precentral,3081513,184,184.0
5765,,rh__precentral__166,Right,48,116,126,42,-10,54,precentral,12210310,110,110.0
5766,,rh__precentral__167,Right,40,120,102,50,-6,30,precentral,13774782,59,59.0
5767,,rh__precentral__168,Right,67,113,142,23,-13,70,precentral,7843971,236,236.0
5768,,rh__precentral__169,Right,28,129,96,62,3,24,precentral,1708200,239,239.0
5769,,rh__precentral__170,Right,46,122,129,44,-4,57,precentral,8050837,160,160.0
5770,,rh__precentral__171,Right,58,118,122,32,-8,50,precentral,2134542,111,111.0
5771,,rh__precentral__172,Right,58,102,121,32,-24,49,precentral,8509020,85,85.0
5772,,rh__precentral__173,Right,33,129,111,57,3,39,precentral,9477671,228,228.0
5773,,rh__precentral__174,Right,50,109,125,40,-17,53,precentral,4213156,147,147.0
5774,,rh__precentral__175,Right,73,114,134,17,-12,62,precentral,10591033,71,71.0
5775,,rh__precentral__176,Right,43,115,115,47,-11,43,precentral,7828648,156,156.0
5776,,rh__precentral__177,Right,35,123,117,55,-3,45,precentral,8961575,252,252.0
5777,,rh__precentral__178,Right,42,127,119,48,1,47,precentral,6884513,137,137.0
5778,,rh__precentral__179,Right,51,105,127,39,-21,55,precentral,6372684,125,125.0
5779,,rh__precentral__180,Right,45,130,114,45,4,42,precentral,14238122,109,109.0
5780,,rh__precentral__181,Right,31,129,87,59,3,15,precentral,13094148,151,151.0
5781,,rh__precentral__182,Right,56,105,139,34,-21,67,precentral,7008812,180,180.0
5782,,rh__precentral__183,Right,47,134,100,43,8,28,precentral,975212,177,177.0
5783,,rh__precentral__184,Right,36,135,106,54,9,34,precentral,15197324,161,161.0
5784,,rh__precentral__185,Right,56,102,132,34,-24,60,precentral,11884619,132,132.0
5785,,rh__precentral__186,Right,40,136,102,50,10,30,precentral,5941641,248,248.0
5786,,rh__precentral__187,Right,40,128,112,50,2,40,precentral,1893456,58,58.0
5787,,rh__precentral__188,Right,54,113,115,36,-13,43,precentral,16549729,64,64.0
5788,,rh__precentral__189,Right,64,103,129,26,-23,57,precentral,6153960,93,93.0
5789,,rh__precentral__190,Right,52,105,136,38,-21,64,precentral,3975809,176,176.0
5790,,rh__precentral__191,Right,33,127,84,57,1,12,precentral,1799098,150,150.0
5791,,rh__precentral__192,Right,62,112,143,28,-14,71,precentral,442446,209,209.0
5792,,rh__precentral__193,Right,34,126,114,56,0,42,precentral,5368869,220,220.0
5793,,rh__precentral__194,Right,40,131,95,50,5,23,precentral,8361393,97,97.0
5794,,rh__precentral__195,Right,58,115,134,32,-11,62,precentral,8644195,187,187.0
5795,,rh__precentral__196,Right,58,115,130,32,-11,58,precentral,6666923,118,118.0
5796,,rh__precentral__197,Right,47,117,131,43,-9,59,precentral,10003502,148,148.0
5797,,rh__precentral__198,Right,72,113,140,18,-13,68,precentral,7248545,177,177.0
5798,,rh__precentral__199,Right,32,128,108,58,2,36,precentral,1135493,215,215.0
5799,,rh__precentral__200,Right,54,116,135,36,-10,63,precentral,1533651,148,148.0
5800,,rh__precentral__201,Right,64,112,129,26,-14,57,precentral,408500,106,106.0
5801,,rh__precentral__202,Right,36,123,99,54,-3,27,precentral,872573,81,81.0
5802,,rh__precentral__203,Right,46,123,118,44,-3,46,precentral,6973126,73,73.0
5803,,rh__precentral__204,Right,54,120,124,36,-6,52,precentral,16121250,104,104.0
5804,,rh__precentral__205,Right,53,118,133,37,-8,61,precentral,15498168,184,184.0
5805,,rh__precentral__206,Right,52,113,113,38,-13,41,precentral,8504495,62,62.0
5806,,rh__precentral__207,Right,43,126,80,47,0,8,precentral,1699851,138,138.0
5807,,rh__precentral__208,Right,34,130,75,56,4,3,precentral,9110312,188,188.0
5808,,rh__precentral__209,Right,45,130,103,45,4,31,precentral,1807015,143,143.0
5809,,rh__precentral__210,Right,78,96,140,12,-30,68,precentral,9933313,62,62.0
5810,,rh__precentral__211,Right,79,97,144,11,-29,72,precentral,13009281,109,109.0
5811,,rh__precentral__212,Right,76,98,138,14,-28,66,precentral,10499151,71,71.0
5812,,rh__precentral__213,Right,75,99,139,15,-27,67,precentral,14873011,83,83.0
5813,,rh__precentral__214,Right,73,101,142,17,-25,70,precentral,10032893,87,87.0
5814,,rh__precentral__215,Right,72,103,143,18,-23,71,precentral,13538528,109,109.0
5815,,rh__precentral__216,Right,76,101,145,14,-25,73,precentral,2921722,91,91.0
5816,,rh__precentral__217,Right,78,100,146,12,-26,74,precentral,7766833,93,93.0
5817,,rh__precentral__218,Right,82,92,140,8,-34,68,precentral,14327163,42,42.0
5818,,rh__precentral__219,Right,81,94,141,9,-32,69,precentral,12027168,60,60.0
5819,,rh__precentral__220,Right,72,100,136,18,-26,64,precentral,12279209,66,66.0
5820,,rh__precentral__221,Right,73,99,134,17,-27,62,precentral,14141906,49,49.0
5821,,rh__precentral__222,Right,42,119,106,48,-7,34,precentral,14195511,55,55.0
5822,,rh__precentral__223,Right,40,120,105,50,-6,33,precentral,5481184,61,61.0
5823,,rh__precentral__224,Right,85,99,145,5,-27,73,precentral,7054294,96,96.0
5824,,rh__precentral__225,Right,84,96,145,6,-30,73,precentral,4545867,77,77.0
5825,,rh__precentral__226,Right,69,103,140,21,-23,68,precentral,7100174,74,74.0
5826,,rh__precentral__227,Right,70,102,139,20,-24,67,precentral,5928116,72,72.0
5827,,rh__precuneus__1,Right,86,64,102,4,-62,30,precuneus,10498126,140,140.0
5828,,rh__precuneus__2,Right,85,54,122,5,-72,50,precuneus,7303051,122,122.0
5829,,rh__precuneus__3,Right,81,72,83,9,-54,11,precuneus,5004586,129,129.0
5830,,rh__precuneus__4,Right,78,81,130,12,-45,58,precuneus,14565581,96,96.0
5831,,rh__precuneus__5,Right,61,69,78,29,-57,6,precuneus,16026820,100,100.0
5832,,rh__precuneus__6,Right,85,81,114,5,-45,42,precuneus,15447182,179,179.0
5833,,rh__precuneus__7,Right,68,58,95,22,-68,23,precuneus,929150,147,147.0
5834,,rh__precuneus__8,Right,76,84,107,14,-42,35,precuneus,2933951,63,63.0
5835,,rh__precuneus__9,Right,84,80,131,6,-46,59,precuneus,10257464,201,201.0
5836,,rh__precuneus__10,Right,85,60,124,5,-66,52,precuneus,11032428,128,128.0
5837,,rh__precuneus__11,Right,66,66,79,24,-60,7,precuneus,7484166,83,83.0
5838,,rh__precuneus__12,Right,75,88,115,15,-38,43,precuneus,6020249,73,73.0
5839,,rh__precuneus__13,Right,85,71,121,5,-55,49,precuneus,14487293,179,179.0
5840,,rh__precuneus__14,Right,87,69,86,3,-57,14,precuneus,2810979,153,153.0
5841,,rh__precuneus__15,Right,86,63,106,4,-63,34,precuneus,15024000,147,147.0
5842,,rh__precuneus__16,Right,75,84,139,15,-42,67,precuneus,11447990,95,95.0
5843,,rh__precuneus__17,Right,75,55,113,15,-71,41,precuneus,10722972,211,211.0
5844,,rh__precuneus__18,Right,84,51,115,6,-75,43,precuneus,9661391,151,151.0
5845,,rh__precuneus__19,Right,84,70,83,6,-56,11,precuneus,16188850,100,100.0
5846,,rh__precuneus__20,Right,67,69,86,23,-57,14,precuneus,7386404,82,82.0
5847,,rh__precuneus__21,Right,85,87,115,5,-39,43,precuneus,11660078,96,96.0
5848,,rh__precuneus__22,Right,69,55,98,21,-71,26,precuneus,6690297,134,134.0
5849,,rh__precuneus__23,Right,75,71,84,15,-55,12,precuneus,12823907,113,113.0
5850,,rh__precuneus__24,Right,82,85,121,8,-41,49,precuneus,15546341,159,159.0
5851,,rh__precuneus__25,Right,86,62,96,4,-64,24,precuneus,8653626,105,105.0
5852,,rh__precuneus__26,Right,85,57,124,5,-69,52,precuneus,11064066,158,158.0
5853,,rh__precuneus__27,Right,82,73,123,8,-53,51,precuneus,2147204,79,79.0
5854,,rh__precuneus__28,Right,80,74,100,10,-52,28,precuneus,4424779,70,70.0
5855,,rh__precuneus__29,Right,70,69,94,20,-57,22,precuneus,14104816,123,123.0
5856,,rh__precuneus__30,Right,70,74,79,20,-52,7,precuneus,4231439,100,100.0
5857,,rh__precuneus__31,Right,75,84,128,15,-42,56,precuneus,10856651,50,50.0
5858,,rh__precuneus__32,Right,71,54,110,19,-72,38,precuneus,4148769,152,152.0
5859,,rh__precuneus__33,Right,80,53,114,10,-73,42,precuneus,16070333,184,184.0
5860,,rh__precuneus__34,Right,80,79,114,10,-47,42,precuneus,11318199,103,103.0
5861,,rh__precuneus__35,Right,68,61,94,22,-65,22,precuneus,1763882,141,141.0
5862,,rh__precuneus__36,Right,67,65,82,23,-61,10,precuneus,568283,84,84.0
5863,,rh__precuneus__37,Right,85,78,135,5,-48,63,precuneus,15596824,217,217.0
5864,,rh__precuneus__38,Right,64,72,78,26,-54,6,precuneus,16309787,107,107.0
5865,,rh__precuneus__39,Right,84,66,126,6,-60,54,precuneus,5383283,210,210.0
5866,,rh__precuneus__40,Right,85,75,128,5,-51,56,precuneus,15994676,189,189.0
5867,,rh__precuneus__41,Right,86,67,109,4,-59,37,precuneus,14639487,196,196.0
5868,,rh__precuneus__42,Right,80,89,110,10,-37,38,precuneus,3492445,77,77.0
5869,,rh__precuneus__43,Right,73,85,121,17,-41,49,precuneus,1198405,52,52.0
5870,,rh__precuneus__44,Right,75,73,87,15,-53,15,precuneus,2257815,137,137.0
5871,,rh__precuneus__45,Right,78,76,102,12,-50,30,precuneus,10811970,66,66.0
5872,,rh__precuneus__46,Right,70,55,101,20,-71,29,precuneus,12075586,144,144.0
5873,,rh__precuneus__47,Right,69,67,96,21,-59,24,precuneus,845063,125,125.0
5874,,rh__precuneus__48,Right,76,84,132,14,-42,60,precuneus,1065478,43,43.0
5875,,rh__precuneus__49,Right,86,72,90,4,-54,18,precuneus,5013515,146,146.0
5876,,rh__precuneus__50,Right,79,71,127,11,-55,55,precuneus,7253502,107,107.0
5877,,rh__precuneus__51,Right,86,55,115,4,-71,43,precuneus,1486211,102,102.0
5878,,rh__precuneus__52,Right,70,51,107,20,-75,35,precuneus,8129879,103,103.0
5879,,rh__precuneus__53,Right,79,76,109,11,-50,37,precuneus,4286675,151,151.0
5880,,rh__precuneus__54,Right,72,71,80,18,-55,8,precuneus,14306982,82,82.0
5881,,rh__precuneus__55,Right,74,84,125,16,-42,53,precuneus,3788448,50,50.0
5882,,rh__precuneus__56,Right,74,64,96,16,-62,24,precuneus,16497433,183,183.0
5883,,rh__precuneus__57,Right,86,67,123,4,-59,51,precuneus,9075496,119,119.0
5884,,rh__precuneus__58,Right,83,74,93,7,-52,21,precuneus,12063514,92,92.0
5885,,rh__precuneus__59,Right,84,63,124,6,-63,52,precuneus,10329560,121,121.0
5886,,rh__precuneus__60,Right,77,75,105,13,-51,33,precuneus,14976024,61,61.0
5887,,rh__precuneus__61,Right,67,66,87,23,-60,15,precuneus,6803970,97,97.0
5888,,rh__precuneus__62,Right,78,87,117,12,-39,45,precuneus,6149878,92,92.0
5889,,rh__precuneus__63,Right,83,82,126,7,-44,54,precuneus,1929267,168,168.0
5890,,rh__precuneus__64,Right,82,68,127,8,-58,55,precuneus,6474842,202,202.0
5891,,rh__precuneus__65,Right,85,56,107,5,-70,35,precuneus,12134559,116,116.0
5892,,rh__precuneus__66,Right,67,64,92,23,-62,20,precuneus,12658152,133,133.0
5893,,rh__precuneus__67,Right,80,69,115,10,-57,43,precuneus,13400539,103,103.0
5894,,rh__precuneus__68,Right,73,86,117,17,-40,45,precuneus,10861965,62,62.0
5895,,rh__precuneus__69,Right,80,86,108,10,-40,36,precuneus,14435113,71,71.0
5896,,rh__precuneus__70,Right,76,84,135,14,-42,63,precuneus,7266839,43,43.0
5897,,rh__precuneus__71,Right,70,53,103,20,-73,31,precuneus,13495849,139,139.0
5898,,rh__precuneus__72,Right,84,59,121,6,-67,49,precuneus,5002768,128,128.0
5899,,rh__precuneus__73,Right,82,85,110,8,-41,38,precuneus,13186026,103,103.0
5900,,rh__precuneus__74,Right,78,71,91,12,-55,19,precuneus,4931742,164,164.0
5901,,rh__precuneus__75,Right,80,60,101,10,-66,29,precuneus,7463326,178,178.0
5902,,rh__precuneus__76,Right,77,82,123,13,-44,51,precuneus,5036509,96,96.0
5903,,rh__precuneus__77,Right,82,76,111,8,-50,39,precuneus,4093392,244,244.0
5904,,rh__precuneus__78,Right,87,55,111,3,-71,39,precuneus,3029564,120,120.0
5905,,rh__precuneus__79,Right,81,74,97,9,-52,25,precuneus,9542754,67,67.0
5906,,rh__precuneus__80,Right,71,65,98,19,-61,26,precuneus,8370601,154,154.0
5907,,rh__precuneus__81,Right,83,78,121,7,-48,49,precuneus,14628802,161,161.0
5908,,rh__precuneus__82,Right,66,70,79,24,-56,7,precuneus,14604011,133,133.0
5909,,rh__precuneus__83,Right,76,78,104,14,-48,32,precuneus,11056170,53,53.0
5910,,rh__precuneus__84,Right,80,77,118,10,-49,46,precuneus,7668948,116,116.0
5911,,rh__precuneus__85,Right,86,60,99,4,-66,27,precuneus,4355363,97,97.0
5912,,rh__precuneus__86,Right,66,67,91,24,-59,19,precuneus,9747673,103,103.0
5913,,rh__precuneus__87,Right,81,72,124,9,-54,52,precuneus,16171945,67,67.0
5914,,rh__precuneus__88,Right,74,61,106,16,-65,34,precuneus,321606,164,164.0
5915,,rh__precuneus__89,Right,85,67,89,5,-59,17,precuneus,3552117,188,188.0
5916,,rh__precuneus__90,Right,85,64,112,5,-62,40,precuneus,5976581,145,145.0
5917,,rh__precuneus__91,Right,84,80,128,6,-46,56,precuneus,616681,208,208.0
5918,,rh__precuneus__92,Right,80,73,103,10,-53,31,precuneus,8866289,81,81.0
5919,,rh__precuneus__93,Right,80,82,112,10,-44,40,precuneus,13753859,126,126.0
5920,,rh__precuneus__94,Right,69,71,92,21,-55,20,precuneus,6545878,103,103.0
5921,,rh__precuneus__95,Right,87,66,94,3,-60,22,precuneus,5012656,180,180.0
5922,,rh__precuneus__96,Right,84,57,119,6,-69,47,precuneus,13096048,147,147.0
5923,,rh__precuneus__97,Right,77,81,126,13,-45,54,precuneus,10303085,68,68.0
5924,,rh__precuneus__98,Right,78,59,108,12,-67,36,precuneus,4445920,139,139.0
5925,,rh__precuneus__99,Right,78,73,106,12,-53,34,precuneus,2719299,74,74.0
5926,,rh__precuneus__100,Right,76,64,100,14,-62,28,precuneus,10267907,161,161.0
5927,,rh__precuneus__101,Right,85,78,123,5,-48,51,precuneus,14205810,149,149.0
5928,,rh__precuneus__102,Right,83,53,112,7,-73,40,precuneus,7758760,154,154.0
5929,,rh__precuneus__103,Right,81,65,118,9,-61,46,precuneus,9053135,121,121.0
5930,,rh__precuneus__104,Right,71,71,83,19,-55,11,precuneus,3886214,132,132.0
5931,,rh__precuneus__105,Right,81,64,95,9,-62,23,precuneus,8063845,138,138.0
5932,,rh__precuneus__106,Right,72,57,107,18,-69,35,precuneus,3368533,180,180.0
5933,,rh__precuneus__107,Right,80,69,111,10,-57,39,precuneus,15158386,102,102.0
5934,,rh__precuneus__108,Right,85,76,125,5,-50,53,precuneus,11599115,173,173.0
5935,,rh__precuneus__109,Right,82,85,118,8,-41,46,precuneus,8523988,190,190.0
5936,,rh__precuneus__110,Right,79,59,105,11,-67,33,precuneus,2630295,192,192.0
5937,,rh__precuneus__111,Right,80,72,112,10,-54,40,precuneus,16220720,113,113.0
5938,,rh__precuneus__112,Right,82,66,93,8,-60,21,precuneus,4643458,146,146.0
5939,,rh__precuneus__113,Right,79,80,137,11,-46,65,precuneus,8246333,148,148.0
5940,,rh__precuneus__114,Right,82,70,124,8,-56,52,precuneus,11406329,162,162.0
5941,,rh__precuneus__115,Right,82,71,100,8,-55,28,precuneus,3928177,56,56.0
5942,,rh__precuneus__116,Right,86,69,105,4,-57,33,precuneus,6520270,189,189.0
5943,,rh__precuneus__117,Right,84,69,117,6,-57,45,precuneus,4460746,191,191.0
5944,,rh__precuneus__118,Right,86,57,104,4,-69,32,precuneus,14369160,108,108.0
5945,,rh__precuneus__119,Right,85,63,121,5,-63,49,precuneus,2674830,93,93.0
5946,,rh__precuneus__120,Right,83,71,108,7,-55,36,precuneus,15110201,139,139.0
5947,,rh__precuneus__121,Right,86,61,108,4,-65,36,precuneus,11772800,144,144.0
5948,,rh__precuneus__122,Right,85,59,115,5,-67,43,precuneus,13534810,143,143.0
5949,,rh__precuneus__123,Right,75,67,94,15,-59,22,precuneus,7035165,194,194.0
5950,,rh__precuneus__124,Right,82,66,114,8,-60,42,precuneus,14122622,118,118.0
5951,,rh__precuneus__125,Right,86,71,94,4,-55,22,precuneus,8859844,163,163.0
5952,,rh__precuneus__126,Right,81,56,109,9,-70,37,precuneus,1520657,187,187.0
5953,,rh__precuneus__127,Right,86,59,111,4,-67,39,precuneus,12585925,110,110.0
5954,,rh__precuneus__128,Right,85,73,113,5,-53,41,precuneus,15677012,193,193.0
5955,,rh__precuneus__129,Right,85,85,114,5,-41,42,precuneus,15479024,141,141.0
5956,,rh__precuneus__130,Right,76,76,107,14,-50,35,precuneus,4097718,86,86.0
5957,,rh__precuneus__131,Right,81,70,87,9,-56,15,precuneus,5015616,172,172.0
5958,,rh__precuneus__132,Right,80,61,97,10,-65,25,precuneus,6460030,140,140.0
5959,,rh__precuneus__133,Right,86,69,99,4,-57,27,precuneus,2475673,110,110.0
5960,,rh__precuneus__134,Right,83,74,120,7,-52,48,precuneus,5038694,104,104.0
5961,,rh__precuneus__135,Right,70,72,89,20,-54,17,precuneus,7976792,111,111.0
5962,,rh__precuneus__136,Right,76,63,104,14,-63,32,precuneus,3431135,145,145.0
5963,,rh__precuneus__137,Right,86,74,132,4,-52,60,precuneus,3526296,174,174.0
5964,,rh__precuneus__138,Right,82,76,115,8,-50,43,precuneus,15283909,162,162.0
5965,,rh__precuneus__139,Right,72,61,102,18,-65,30,precuneus,13880099,199,199.0
5966,,rh__precuneus__140,Right,75,80,106,15,-46,34,precuneus,13764386,59,59.0
5967,,rh__precuneus__141,Right,83,62,119,7,-64,47,precuneus,3752835,122,122.0
5968,,rh__precuneus__142,Right,78,72,109,12,-54,37,precuneus,14996282,68,68.0
5969,,rh__precuneus__143,Right,84,71,97,6,-55,25,precuneus,13360444,95,95.0
5970,,rh__precuneus__144,Right,85,83,123,5,-43,51,precuneus,14739695,181,181.0
5971,,rh__precuneus__145,Right,71,64,100,19,-62,28,precuneus,1193816,166,166.0
5972,,rh__precuneus__146,Right,77,84,119,13,-42,47,precuneus,5267926,104,104.0
5973,,rh__precuneus__147,Right,83,73,105,7,-53,33,precuneus,8348156,138,138.0
5974,,rh__precuneus__148,Right,76,80,109,14,-46,37,precuneus,12734974,96,96.0
5975,,rh__precuneus__149,Right,86,66,100,4,-60,28,precuneus,9730355,118,118.0
5976,,rh__precuneus__150,Right,86,58,102,4,-68,30,precuneus,8706167,118,118.0
5977,,rh__precuneus__151,Right,85,66,119,5,-60,47,precuneus,2199997,148,148.0
5978,,rh__precuneus__152,Right,86,81,118,4,-45,46,precuneus,7007362,231,231.0
5979,,rh__precuneus__153,Right,83,63,115,7,-63,43,precuneus,1190877,128,128.0
5980,,rh__precuneus__154,Right,76,58,111,14,-68,39,precuneus,11853608,162,162.0
5981,,rh__precuneus__155,Right,79,79,111,11,-47,39,precuneus,8584428,104,104.0
5982,,rh__precuneus__156,Right,84,73,117,6,-53,45,precuneus,15626329,187,187.0
5983,,rh__precuneus__157,Right,67,68,82,23,-58,10,precuneus,3239893,87,87.0
5984,,rh__precuneus__158,Right,82,73,129,8,-53,57,precuneus,15248321,140,140.0
5985,,rh__precuneus__159,Right,85,52,118,5,-74,46,precuneus,5598924,132,132.0
5986,,rh__precuneus__160,Right,76,70,93,14,-56,21,precuneus,11270165,153,153.0
5987,,rh__precuneus__161,Right,78,83,110,12,-43,38,precuneus,5197797,105,105.0
5988,,rh__precuneus__162,Right,85,71,102,5,-55,30,precuneus,4936812,129,129.0
5989,,rh__precuneus__163,Right,78,80,132,12,-46,60,precuneus,8041030,55,55.0
5990,,rh__precuneus__164,Right,78,81,134,12,-45,62,precuneus,392739,56,56.0
5991,,rh__rostralanteriorcingulate__1,Right,86,165,72,4,39,0,rostralanteriorcingulate,14210451,382,382.0
5992,,rh__rostralanteriorcingulate__2,Right,76,169,75,14,43,3,rostralanteriorcingulate,14845761,90,90.0
5993,,rh__rostralanteriorcingulate__3,Right,87,163,88,3,37,16,rostralanteriorcingulate,6437242,245,245.0
5994,,rh__rostralanteriorcingulate__4,Right,85,154,62,5,28,-10,rostralanteriorcingulate,552264,67,67.0
5995,,rh__rostralanteriorcingulate__5,Right,88,151,64,2,25,-8,rostralanteriorcingulate,3121449,54,54.0
5996,,rh__rostralanteriorcingulate__6,Right,84,157,63,6,31,-9,rostralanteriorcingulate,15155070,79,79.0
5997,,rh__rostralanteriorcingulate__7,Right,85,165,77,5,39,5,rostralanteriorcingulate,6062130,233,233.0
5998,,rh__rostralanteriorcingulate__8,Right,79,171,80,11,45,8,rostralanteriorcingulate,12095777,209,209.0
5999,,rh__rostralanteriorcingulate__9,Right,76,169,71,14,43,-1,rostralanteriorcingulate,6412619,64,64.0
6000,,rh__rostralanteriorcingulate__10,Right,87,161,68,3,35,-4,rostralanteriorcingulate,11200933,214,214.0
6001,,rh__rostralanteriorcingulate__11,Right,77,167,68,13,41,-4,rostralanteriorcingulate,9136970,62,62.0
6002,,rh__rostralanteriorcingulate__12,Right,85,161,84,5,35,12,rostralanteriorcingulate,628548,194,194.0
6003,,rh__rostralanteriorcingulate__13,Right,87,147,63,3,21,-9,rostralanteriorcingulate,11432856,72,72.0
6004,,rh__rostralanteriorcingulate__14,Right,81,168,83,9,42,11,rostralanteriorcingulate,5676422,202,202.0
6005,,rh__rostralanteriorcingulate__15,Right,86,166,82,4,40,10,rostralanteriorcingulate,2077649,270,270.0
6006,,rh__rostralanteriorcingulate__16,Right,79,165,66,11,39,-6,rostralanteriorcingulate,10554496,64,64.0
6007,,rh__rostralanteriorcingulate__17,Right,88,153,65,2,27,-7,rostralanteriorcingulate,12092118,92,92.0
6008,,rh__rostralanteriorcingulate__18,Right,87,157,65,3,31,-7,rostralanteriorcingulate,13786833,147,147.0
6009,,rh__rostralanteriorcingulate__19,Right,81,162,65,9,36,-7,rostralanteriorcingulate,1378694,65,65.0
6010,,rh__rostralanteriorcingulate__20,Right,81,169,72,9,43,0,rostralanteriorcingulate,8790477,251,251.0
6011,,rh__rostralanteriorcingulate__21,Right,82,165,91,8,39,19,rostralanteriorcingulate,15733023,205,205.0
6012,,rh__rostralanteriorcingulate__22,Right,86,150,62,4,24,-10,rostralanteriorcingulate,16691636,89,89.0
6013,,rh__rostralanteriorcingulate__23,Right,84,170,78,6,44,6,rostralanteriorcingulate,7823691,490,490.0
6014,,rh__rostralanteriorcingulate__24,Right,83,165,68,7,39,-4,rostralanteriorcingulate,9246748,178,178.0
6015,,rh__rostralanteriorcingulate__25,Right,84,160,64,6,34,-8,rostralanteriorcingulate,10871284,103,103.0
6016,,rh__rostralanteriorcingulate__26,Right,83,167,87,7,41,15,rostralanteriorcingulate,13651225,324,324.0
6017,,rh__rostralmiddlefrontal__1,Right,60,173,94,30,47,22,rostralmiddlefrontal,12289412,203,203.0
6018,,rh__rostralmiddlefrontal__2,Right,44,167,93,46,41,21,rostralmiddlefrontal,16620124,248,248.0
6019,,rh__rostralmiddlefrontal__3,Right,60,171,104,30,45,32,rostralmiddlefrontal,10341159,164,164.0
6020,,rh__rostralmiddlefrontal__4,Right,65,186,74,25,60,2,rostralmiddlefrontal,6292433,300,300.0
6021,,rh__rostralmiddlefrontal__5,Right,66,153,112,24,27,40,rostralmiddlefrontal,9513604,55,55.0
6022,,rh__rostralmiddlefrontal__6,Right,63,188,59,27,62,-13,rostralmiddlefrontal,875351,166,166.0
6023,,rh__rostralmiddlefrontal__7,Right,57,181,82,33,55,10,rostralmiddlefrontal,8870921,181,181.0
6024,,rh__rostralmiddlefrontal__8,Right,46,147,110,44,21,38,rostralmiddlefrontal,8699788,137,137.0
6025,,rh__rostralmiddlefrontal__9,Right,39,150,107,51,24,35,rostralmiddlefrontal,1338217,277,277.0
6026,,rh__rostralmiddlefrontal__10,Right,76,189,57,14,63,-15,rostralmiddlefrontal,5550182,218,218.0
6027,,rh__rostralmiddlefrontal__11,Right,48,175,67,42,49,-5,rostralmiddlefrontal,6150300,143,143.0
6028,,rh__rostralmiddlefrontal__12,Right,63,159,105,27,33,33,rostralmiddlefrontal,6002698,165,165.0
6029,,rh__rostralmiddlefrontal__13,Right,50,154,91,40,28,19,rostralmiddlefrontal,9150266,60,60.0
6030,,rh__rostralmiddlefrontal__14,Right,70,182,101,20,56,29,rostralmiddlefrontal,12751069,301,301.0
6031,,rh__rostralmiddlefrontal__15,Right,40,144,108,50,18,36,rostralmiddlefrontal,4102743,84,84.0
6032,,rh__rostralmiddlefrontal__16,Right,51,170,75,39,44,3,rostralmiddlefrontal,4779719,104,104.0
6033,,rh__rostralmiddlefrontal__17,Right,61,156,116,29,30,44,rostralmiddlefrontal,16233597,154,154.0
6034,,rh__rostralmiddlefrontal__18,Right,65,153,109,25,27,37,rostralmiddlefrontal,2054342,45,45.0
6035,,rh__rostralmiddlefrontal__19,Right,64,187,79,26,61,7,rostralmiddlefrontal,4803987,233,233.0
6036,,rh__rostralmiddlefrontal__20,Right,47,172,69,43,46,-3,rostralmiddlefrontal,12443988,135,135.0
6037,,rh__rostralmiddlefrontal__21,Right,49,160,86,41,34,14,rostralmiddlefrontal,8658448,70,70.0
6038,,rh__rostralmiddlefrontal__22,Right,52,146,101,38,20,29,rostralmiddlefrontal,11932724,72,72.0
6039,,rh__rostralmiddlefrontal__23,Right,66,158,103,24,32,31,rostralmiddlefrontal,7603441,73,73.0
6040,,rh__rostralmiddlefrontal__24,Right,69,183,97,21,57,25,rostralmiddlefrontal,12974372,264,264.0
6041,,rh__rostralmiddlefrontal__25,Right,54,186,65,36,60,-7,rostralmiddlefrontal,3941159,133,133.0
6042,,rh__rostralmiddlefrontal__26,Right,47,154,95,43,28,23,rostralmiddlefrontal,2347245,181,181.0
6043,,rh__rostralmiddlefrontal__27,Right,63,184,95,27,58,23,rostralmiddlefrontal,6271946,239,239.0
6044,,rh__rostralmiddlefrontal__28,Right,51,157,89,39,31,17,rostralmiddlefrontal,9914428,57,57.0
6045,,rh__rostralmiddlefrontal__29,Right,56,158,118,34,32,46,rostralmiddlefrontal,5100075,159,159.0
6046,,rh__rostralmiddlefrontal__30,Right,48,168,77,42,42,5,rostralmiddlefrontal,5050644,124,124.0
6047,,rh__rostralmiddlefrontal__31,Right,72,188,56,18,62,-16,rostralmiddlefrontal,8136524,172,172.0
6048,,rh__rostralmiddlefrontal__32,Right,53,148,96,37,22,24,rostralmiddlefrontal,9579442,142,142.0
6049,,rh__rostralmiddlefrontal__33,Right,65,173,98,25,47,26,rostralmiddlefrontal,11420307,210,210.0
6050,,rh__rostralmiddlefrontal__34,Right,42,158,97,48,32,25,rostralmiddlefrontal,11126734,260,260.0
6051,,rh__rostralmiddlefrontal__35,Right,56,168,96,34,42,24,rostralmiddlefrontal,6251443,161,161.0
6052,,rh__rostralmiddlefrontal__36,Right,64,187,84,26,61,12,rostralmiddlefrontal,8080629,213,213.0
6053,,rh__rostralmiddlefrontal__37,Right,46,144,103,44,18,31,rostralmiddlefrontal,13318418,97,97.0
6054,,rh__rostralmiddlefrontal__38,Right,70,187,71,20,61,-1,rostralmiddlefrontal,9804293,155,155.0
6055,,rh__rostralmiddlefrontal__39,Right,70,167,105,20,41,33,rostralmiddlefrontal,442401,90,90.0
6056,,rh__rostralmiddlefrontal__40,Right,52,158,107,38,32,35,rostralmiddlefrontal,12990194,138,138.0
6057,,rh__rostralmiddlefrontal__41,Right,61,182,67,29,56,-5,rostralmiddlefrontal,1577590,173,173.0
6058,,rh__rostralmiddlefrontal__42,Right,51,164,83,39,38,11,rostralmiddlefrontal,4805159,98,98.0
6059,,rh__rostralmiddlefrontal__43,Right,62,156,105,28,30,33,rostralmiddlefrontal,2243680,97,97.0
6060,,rh__rostralmiddlefrontal__44,Right,55,179,91,35,53,19,rostralmiddlefrontal,592161,260,260.0
6061,,rh__rostralmiddlefrontal__45,Right,58,158,110,32,32,38,rostralmiddlefrontal,14261891,123,123.0
6062,,rh__rostralmiddlefrontal__46,Right,49,167,74,41,41,2,rostralmiddlefrontal,4770630,68,68.0
6063,,rh__rostralmiddlefrontal__47,Right,52,152,93,38,26,21,rostralmiddlefrontal,12982355,44,44.0
6064,,rh__rostralmiddlefrontal__48,Right,70,188,91,20,62,19,rostralmiddlefrontal,6525018,248,248.0
6065,,rh__rostralmiddlefrontal__49,Right,63,182,58,27,56,-14,rostralmiddlefrontal,1823631,154,154.0
6066,,rh__rostralmiddlefrontal__50,Right,43,159,102,47,33,30,rostralmiddlefrontal,2954161,199,199.0
6067,,rh__rostralmiddlefrontal__51,Right,69,191,88,21,65,16,rostralmiddlefrontal,15380708,202,202.0
6068,,rh__rostralmiddlefrontal__52,Right,72,174,106,18,48,34,rostralmiddlefrontal,10023920,129,129.0
6069,,rh__rostralmiddlefrontal__53,Right,49,179,67,41,53,-5,rostralmiddlefrontal,7637405,170,170.0
6070,,rh__rostralmiddlefrontal__54,Right,45,166,98,45,40,26,rostralmiddlefrontal,16535149,190,190.0
6071,,rh__rostralmiddlefrontal__55,Right,54,159,112,36,33,40,rostralmiddlefrontal,2499906,152,152.0
6072,,rh__rostralmiddlefrontal__56,Right,64,173,87,26,47,15,rostralmiddlefrontal,3044056,111,111.0
6073,,rh__rostralmiddlefrontal__57,Right,66,191,81,24,65,9,rostralmiddlefrontal,4238895,309,309.0
6074,,rh__rostralmiddlefrontal__58,Right,59,159,108,31,33,36,rostralmiddlefrontal,3525317,159,159.0
6075,,rh__rostralmiddlefrontal__59,Right,47,174,85,43,48,13,rostralmiddlefrontal,1933725,295,295.0
6076,,rh__rostralmiddlefrontal__60,Right,69,182,68,21,56,-4,rostralmiddlefrontal,4172434,112,112.0
6077,,rh__rostralmiddlefrontal__61,Right,46,148,109,44,22,37,rostralmiddlefrontal,8726391,125,125.0
6078,,rh__rostralmiddlefrontal__62,Right,64,172,90,26,46,18,rostralmiddlefrontal,12326617,106,106.0
6079,,rh__rostralmiddlefrontal__63,Right,55,184,60,35,58,-12,rostralmiddlefrontal,9641901,228,228.0
6080,,rh__rostralmiddlefrontal__64,Right,48,164,89,42,38,17,rostralmiddlefrontal,3579387,200,200.0
6081,,rh__rostralmiddlefrontal__65,Right,72,170,105,18,44,33,rostralmiddlefrontal,7228257,65,65.0
6082,,rh__rostralmiddlefrontal__66,Right,60,169,108,30,43,36,rostralmiddlefrontal,5037137,206,206.0
6083,,rh__rostralmiddlefrontal__67,Right,72,192,68,18,66,-4,rostralmiddlefrontal,1639840,258,258.0
6084,,rh__rostralmiddlefrontal__68,Right,52,160,88,38,34,16,rostralmiddlefrontal,3050460,53,53.0
6085,,rh__rostralmiddlefrontal__69,Right,53,167,99,37,41,27,rostralmiddlefrontal,5659308,125,125.0
6086,,rh__rostralmiddlefrontal__70,Right,48,151,97,42,25,25,rostralmiddlefrontal,11989963,115,115.0
6087,,rh__rostralmiddlefrontal__71,Right,65,156,107,25,30,35,rostralmiddlefrontal,11874481,114,114.0
6088,,rh__rostralmiddlefrontal__72,Right,53,184,80,37,58,8,rostralmiddlefrontal,11892640,273,273.0
6089,,rh__rostralmiddlefrontal__73,Right,51,163,104,39,37,32,rostralmiddlefrontal,8737868,164,164.0
6090,,rh__rostralmiddlefrontal__74,Right,53,155,92,37,29,20,rostralmiddlefrontal,162881,42,42.0
6091,,rh__rostralmiddlefrontal__75,Right,66,192,76,24,66,4,rostralmiddlefrontal,1802986,313,313.0
6092,,rh__rostralmiddlefrontal__76,Right,53,157,114,37,31,42,rostralmiddlefrontal,15515997,190,190.0
6093,,rh__rostralmiddlefrontal__77,Right,46,170,72,44,44,0,rostralmiddlefrontal,3949559,130,130.0
6094,,rh__rostralmiddlefrontal__78,Right,62,169,98,28,43,26,rostralmiddlefrontal,8486856,232,232.0
6095,,rh__rostralmiddlefrontal__79,Right,66,186,87,24,60,15,rostralmiddlefrontal,7436677,210,210.0
6096,,rh__rostralmiddlefrontal__80,Right,58,158,114,32,32,42,rostralmiddlefrontal,8294000,162,162.0
6097,,rh__rostralmiddlefrontal__81,Right,72,179,101,18,53,29,rostralmiddlefrontal,7512247,186,186.0
6098,,rh__rostralmiddlefrontal__82,Right,59,182,60,31,56,-12,rostralmiddlefrontal,6250817,167,167.0
6099,,rh__rostralmiddlefrontal__83,Right,46,158,106,44,32,34,rostralmiddlefrontal,13395440,197,197.0
6100,,rh__rostralmiddlefrontal__84,Right,68,191,84,22,65,12,rostralmiddlefrontal,11533960,255,255.0
6101,,rh__rostralmiddlefrontal__85,Right,50,174,95,40,48,23,rostralmiddlefrontal,16203379,243,243.0
6102,,rh__rostralmiddlefrontal__86,Right,68,174,107,22,48,35,rostralmiddlefrontal,1833330,289,289.0
6103,,rh__rostralmiddlefrontal__87,Right,50,148,101,40,22,29,rostralmiddlefrontal,10261250,88,88.0
6104,,rh__rostralmiddlefrontal__88,Right,68,192,72,22,66,0,rostralmiddlefrontal,10899366,283,283.0
6105,,rh__rostralmiddlefrontal__89,Right,46,175,71,44,49,-1,rostralmiddlefrontal,15552345,236,236.0
6106,,rh__rostralmiddlefrontal__90,Right,52,161,85,38,35,13,rostralmiddlefrontal,13586126,72,72.0
6107,,rh__rostralmiddlefrontal__91,Right,51,182,76,39,56,4,rostralmiddlefrontal,10956832,399,399.0
6108,,rh__rostralmiddlefrontal__92,Right,57,164,97,33,38,25,rostralmiddlefrontal,5348344,145,145.0
6109,,rh__rostralmiddlefrontal__93,Right,61,154,107,29,28,35,rostralmiddlefrontal,6777869,145,145.0
6110,,rh__rostralmiddlefrontal__94,Right,53,174,80,37,48,8,rostralmiddlefrontal,6113289,137,137.0
6111,,rh__rostralmiddlefrontal__95,Right,63,177,70,27,51,-2,rostralmiddlefrontal,1416366,145,145.0
6112,,rh__rostralmiddlefrontal__96,Right,52,157,109,38,31,37,rostralmiddlefrontal,2682538,166,166.0
6113,,rh__rostralmiddlefrontal__97,Right,59,180,72,31,54,0,rostralmiddlefrontal,11537352,185,185.0
6114,,rh__rostralmiddlefrontal__98,Right,49,149,99,41,23,27,rostralmiddlefrontal,16444027,73,73.0
6115,,rh__rostralmiddlefrontal__99,Right,72,177,104,18,51,32,rostralmiddlefrontal,14756124,128,128.0
6116,,rh__rostralmiddlefrontal__100,Right,46,173,75,44,47,3,rostralmiddlefrontal,4815889,181,181.0
6117,,rh__rostralmiddlefrontal__101,Right,49,168,79,41,42,7,rostralmiddlefrontal,12828572,115,115.0
6118,,rh__rostralmiddlefrontal__102,Right,50,159,91,40,33,19,rostralmiddlefrontal,1044513,69,69.0
6119,,rh__rostralmiddlefrontal__103,Right,66,173,93,24,47,21,rostralmiddlefrontal,10444491,94,94.0
6120,,rh__rostralmiddlefrontal__104,Right,68,180,72,22,54,0,rostralmiddlefrontal,13544104,140,140.0
6121,,rh__rostralmiddlefrontal__105,Right,42,154,99,48,28,27,rostralmiddlefrontal,14359034,344,344.0
6122,,rh__rostralmiddlefrontal__106,Right,68,169,103,22,43,31,rostralmiddlefrontal,16613552,105,105.0
6123,,rh__rostralmiddlefrontal__107,Right,52,182,87,38,56,15,rostralmiddlefrontal,8953218,314,314.0
6124,,rh__rostralmiddlefrontal__108,Right,54,164,105,36,38,33,rostralmiddlefrontal,10990150,186,186.0
6125,,rh__rostralmiddlefrontal__109,Right,52,181,61,38,55,-11,rostralmiddlefrontal,4621486,208,208.0
6126,,rh__rostralmiddlefrontal__110,Right,47,152,109,43,26,37,rostralmiddlefrontal,7547612,343,343.0
6127,,rh__rostralmiddlefrontal__111,Right,68,180,85,22,54,13,rostralmiddlefrontal,3368349,97,97.0
6128,,rh__rostralmiddlefrontal__112,Right,62,165,108,28,39,36,rostralmiddlefrontal,8518580,376,376.0
6129,,rh__rostralmiddlefrontal__113,Right,58,174,91,32,48,19,rostralmiddlefrontal,16232553,228,228.0
6130,,rh__rostralmiddlefrontal__114,Right,51,179,70,39,53,-2,rostralmiddlefrontal,2679350,197,197.0
6131,,rh__rostralmiddlefrontal__115,Right,65,168,93,25,42,21,rostralmiddlefrontal,13296481,80,80.0
6132,,rh__rostralmiddlefrontal__116,Right,52,173,76,38,47,4,rostralmiddlefrontal,473258,161,161.0
6133,,rh__rostralmiddlefrontal__117,Right,60,175,87,30,49,15,rostralmiddlefrontal,7188380,157,157.0
6134,,rh__rostralmiddlefrontal__118,Right,48,169,98,42,43,26,rostralmiddlefrontal,9691961,244,244.0
6135,,rh__rostralmiddlefrontal__119,Right,51,181,83,39,55,11,rostralmiddlefrontal,16618647,187,187.0
6136,,rh__rostralmiddlefrontal__120,Right,45,159,94,45,33,22,rostralmiddlefrontal,206982,296,296.0
6137,,rh__rostralmiddlefrontal__121,Right,57,165,106,33,39,34,rostralmiddlefrontal,14050374,240,240.0
6138,,rh__rostralmiddlefrontal__122,Right,46,156,109,44,30,37,rostralmiddlefrontal,3508197,297,297.0
6139,,rh__rostralmiddlefrontal__123,Right,61,169,93,29,43,21,rostralmiddlefrontal,2353980,147,147.0
6140,,rh__rostralmiddlefrontal__124,Right,40,146,106,50,20,34,rostralmiddlefrontal,13129494,128,128.0
6141,,rh__rostralmiddlefrontal__125,Right,48,168,85,42,42,13,rostralmiddlefrontal,15299341,255,255.0
6142,,rh__rostralmiddlefrontal__126,Right,64,186,91,26,60,19,rostralmiddlefrontal,8439971,259,259.0
6143,,rh__rostralmiddlefrontal__127,Right,64,177,85,26,51,13,rostralmiddlefrontal,9342651,114,114.0
6144,,rh__rostralmiddlefrontal__128,Right,64,178,80,26,52,8,rostralmiddlefrontal,582693,165,165.0
6145,,rh__rostralmiddlefrontal__129,Right,66,178,106,24,52,34,rostralmiddlefrontal,4003292,303,303.0
6146,,rh__rostralmiddlefrontal__130,Right,72,186,67,18,60,-5,rostralmiddlefrontal,15264766,98,98.0
6147,,rh__rostralmiddlefrontal__131,Right,50,177,91,40,51,19,rostralmiddlefrontal,10906472,329,329.0
6148,,rh__rostralmiddlefrontal__132,Right,64,182,83,26,56,11,rostralmiddlefrontal,3158597,186,186.0
6149,,rh__rostralmiddlefrontal__133,Right,53,166,102,37,40,30,rostralmiddlefrontal,130440,128,128.0
6150,,rh__rostralmiddlefrontal__134,Right,61,165,93,29,39,21,rostralmiddlefrontal,11818908,91,91.0
6151,,rh__rostralmiddlefrontal__135,Right,53,186,69,37,60,-3,rostralmiddlefrontal,15707753,223,223.0
6152,,rh__rostralmiddlefrontal__136,Right,44,163,92,46,37,20,rostralmiddlefrontal,558834,292,292.0
6153,,rh__rostralmiddlefrontal__137,Right,52,175,84,38,49,12,rostralmiddlefrontal,3708188,167,167.0
6154,,rh__rostralmiddlefrontal__138,Right,65,177,75,25,51,3,rostralmiddlefrontal,3050074,129,129.0
6155,,rh__rostralmiddlefrontal__139,Right,50,165,86,40,39,14,rostralmiddlefrontal,2457950,148,148.0
6156,,rh__rostralmiddlefrontal__140,Right,59,188,60,31,62,-12,rostralmiddlefrontal,14231745,168,168.0
6157,,rh__rostralmiddlefrontal__141,Right,61,154,111,29,28,39,rostralmiddlefrontal,9714665,131,131.0
6158,,rh__rostralmiddlefrontal__142,Right,47,163,102,43,37,30,rostralmiddlefrontal,12060609,214,214.0
6159,,rh__rostralmiddlefrontal__143,Right,60,165,100,30,39,28,rostralmiddlefrontal,7761205,253,253.0
6160,,rh__rostralmiddlefrontal__144,Right,49,159,103,41,33,31,rostralmiddlefrontal,4248629,122,122.0
6161,,rh__rostralmiddlefrontal__145,Right,65,179,89,25,53,17,rostralmiddlefrontal,2663254,223,223.0
6162,,rh__rostralmiddlefrontal__146,Right,53,150,109,37,24,37,rostralmiddlefrontal,12174987,166,166.0
6163,,rh__rostralmiddlefrontal__147,Right,49,167,89,41,41,17,rostralmiddlefrontal,8242620,162,162.0
6164,,rh__rostralmiddlefrontal__148,Right,48,178,79,42,52,7,rostralmiddlefrontal,10945331,280,280.0
6165,,rh__rostralmiddlefrontal__149,Right,65,168,106,25,42,34,rostralmiddlefrontal,9894990,179,179.0
6166,,rh__rostralmiddlefrontal__150,Right,61,177,77,29,51,5,rostralmiddlefrontal,7008229,184,184.0
6167,,rh__rostralmiddlefrontal__151,Right,58,181,87,32,55,15,rostralmiddlefrontal,5068934,308,308.0
6168,,rh__rostralmiddlefrontal__152,Right,56,178,58,34,52,-14,rostralmiddlefrontal,3623286,167,167.0
6169,,rh__rostralmiddlefrontal__153,Right,54,176,96,36,50,24,rostralmiddlefrontal,10124820,237,237.0
6170,,rh__rostralmiddlefrontal__154,Right,64,180,101,26,54,29,rostralmiddlefrontal,4347467,312,312.0
6171,,rh__rostralmiddlefrontal__155,Right,44,147,103,46,21,31,rostralmiddlefrontal,4266864,189,189.0
6172,,rh__rostralmiddlefrontal__156,Right,50,171,82,40,45,10,rostralmiddlefrontal,13709301,226,226.0
6173,,rh__rostralmiddlefrontal__157,Right,60,177,83,30,51,11,rostralmiddlefrontal,8749424,210,210.0
6174,,rh__rostralmiddlefrontal__158,Right,58,183,78,32,57,6,rostralmiddlefrontal,926736,279,279.0
6175,,rh__rostralmiddlefrontal__159,Right,57,186,74,33,60,2,rostralmiddlefrontal,9792847,180,180.0
6176,,rh__rostralmiddlefrontal__160,Right,64,180,97,26,54,25,rostralmiddlefrontal,13615339,207,207.0
6177,,rh__rostralmiddlefrontal__161,Right,42,162,98,48,36,26,rostralmiddlefrontal,10146444,235,235.0
6178,,rh__rostralmiddlefrontal__162,Right,56,172,97,34,46,25,rostralmiddlefrontal,7937437,274,274.0
6179,,rh__rostralmiddlefrontal__163,Right,52,161,106,38,35,34,rostralmiddlefrontal,11299286,129,129.0
6180,,rh__rostralmiddlefrontal__164,Right,66,182,78,24,56,6,rostralmiddlefrontal,4376823,160,160.0
6181,,rh__rostralmiddlefrontal__165,Right,50,165,100,40,39,28,rostralmiddlefrontal,9607334,145,145.0
6182,,rh__rostralmiddlefrontal__166,Right,47,172,89,43,46,17,rostralmiddlefrontal,2635767,209,209.0
6183,,rh__rostralmiddlefrontal__167,Right,48,177,74,42,51,2,rostralmiddlefrontal,2915498,284,284.0
6184,,rh__rostralmiddlefrontal__168,Right,57,166,102,33,40,30,rostralmiddlefrontal,12440391,237,237.0
6185,,rh__rostralmiddlefrontal__169,Right,53,169,79,37,43,7,rostralmiddlefrontal,1689625,101,101.0
6186,,rh__rostralmiddlefrontal__170,Right,68,189,58,22,63,-14,rostralmiddlefrontal,6423233,152,152.0
6187,,rh__rostralmiddlefrontal__171,Right,58,163,108,32,37,36,rostralmiddlefrontal,11473319,222,222.0
6188,,rh__rostralmiddlefrontal__172,Right,55,161,107,35,35,35,rostralmiddlefrontal,8703089,159,159.0
6189,,rh__rostralmiddlefrontal__173,Right,55,159,109,35,33,37,rostralmiddlefrontal,5211551,133,133.0
6190,,rh__rostralmiddlefrontal__174,Right,58,184,69,32,58,-3,rostralmiddlefrontal,14639813,164,164.0
6191,,rh__rostralmiddlefrontal__175,Right,67,163,103,23,37,31,rostralmiddlefrontal,16055586,107,107.0
6192,,rh__rostralmiddlefrontal__176,Right,63,178,94,27,52,22,rostralmiddlefrontal,7414032,284,284.0
6193,,rh__rostralmiddlefrontal__177,Right,47,170,92,43,44,20,rostralmiddlefrontal,5426202,136,136.0
6194,,rh__rostralmiddlefrontal__178,Right,50,166,82,40,40,10,rostralmiddlefrontal,14410274,114,114.0
6195,,rh__rostralmiddlefrontal__179,Right,42,150,102,48,24,30,rostralmiddlefrontal,5622751,241,241.0
6196,,rh__rostralmiddlefrontal__180,Right,68,185,94,22,59,22,rostralmiddlefrontal,11960405,227,227.0
6197,,rh__rostralmiddlefrontal__181,Right,53,182,72,37,56,0,rostralmiddlefrontal,15868940,221,221.0
6198,,rh__rostralmiddlefrontal__182,Right,51,171,98,39,45,26,rostralmiddlefrontal,9520441,190,190.0
6199,,rh__rostralmiddlefrontal__183,Right,49,183,66,41,57,-6,rostralmiddlefrontal,11000613,191,191.0
6200,,rh__rostralmiddlefrontal__184,Right,40,155,105,50,29,33,rostralmiddlefrontal,4373441,253,253.0
6201,,rh__rostralmiddlefrontal__185,Right,52,154,110,38,28,38,rostralmiddlefrontal,1694221,175,175.0
6202,,rh__rostralmiddlefrontal__186,Right,70,187,62,20,61,-10,rostralmiddlefrontal,6240959,130,130.0
6203,,rh__rostralmiddlefrontal__187,Right,71,190,60,19,64,-12,rostralmiddlefrontal,11008127,114,114.0
6204,,rh__rostralmiddlefrontal__188,Right,65,184,67,25,58,-5,rostralmiddlefrontal,13902118,137,137.0
6205,,rh__rostralmiddlefrontal__189,Right,64,181,68,26,55,-4,rostralmiddlefrontal,183959,94,94.0
6206,,rh__rostralmiddlefrontal__190,Right,67,185,66,23,59,-6,rostralmiddlefrontal,16167409,94,94.0
6207,,rh__rostralmiddlefrontal__191,Right,70,185,64,20,59,-8,rostralmiddlefrontal,5288332,76,76.0
6208,,rh__rostralmiddlefrontal__192,Right,75,189,66,15,63,-6,rostralmiddlefrontal,13015144,56,56.0
6209,,rh__rostralmiddlefrontal__193,Right,74,191,66,16,65,-6,rostralmiddlefrontal,6327944,99,99.0
6210,,rh__rostralmiddlefrontal__194,Right,77,188,64,13,62,-8,rostralmiddlefrontal,2487871,44,44.0
6211,,rh__rostralmiddlefrontal__195,Right,75,188,60,15,62,-12,rostralmiddlefrontal,901597,127,127.0
6212,,rh__rostralmiddlefrontal__196,Right,76,186,63,14,60,-9,rostralmiddlefrontal,11232518,109,109.0
6213,,rh__rostralmiddlefrontal__197,Right,57,188,65,33,62,-7,rostralmiddlefrontal,10783065,117,117.0
6214,,rh__rostralmiddlefrontal__198,Right,58,186,67,32,60,-5,rostralmiddlefrontal,4405854,84,84.0
6215,,rh__rostralmiddlefrontal__199,Right,67,188,63,23,62,-9,rostralmiddlefrontal,3621484,132,132.0
6216,,rh__rostralmiddlefrontal__200,Right,65,187,64,25,61,-8,rostralmiddlefrontal,11213452,108,108.0
6217,,rh__rostralmiddlefrontal__201,Right,62,188,65,28,62,-7,rostralmiddlefrontal,10435152,102,102.0
6218,,rh__rostralmiddlefrontal__202,Right,62,186,67,28,60,-5,rostralmiddlefrontal,5600199,78,78.0
6219,,rh__rostralmiddlefrontal__203,Right,65,171,106,25,45,34,rostralmiddlefrontal,5119275,101,101.0
6220,,rh__rostralmiddlefrontal__204,Right,63,173,108,27,47,36,rostralmiddlefrontal,2174324,114,114.0
6221,,rh__rostralmiddlefrontal__205,Right,61,174,105,29,48,33,rostralmiddlefrontal,4355331,130,130.0
6222,,rh__rostralmiddlefrontal__206,Right,62,174,102,28,48,30,rostralmiddlefrontal,1352303,177,177.0
6223,,rh__rostralmiddlefrontal__207,Right,68,184,57,22,58,-15,rostralmiddlefrontal,15233049,105,105.0
6224,,rh__rostralmiddlefrontal__208,Right,67,181,57,23,55,-15,rostralmiddlefrontal,15163495,57,57.0
6225,,rh__superiorfrontal__1,Right,86,123,135,4,-3,63,superiorfrontal,15303106,153,153.0
6226,,rh__superiorfrontal__2,Right,81,183,108,9,57,36,superiorfrontal,7103571,157,157.0
6227,,rh__superiorfrontal__3,Right,83,137,140,7,11,68,superiorfrontal,5818860,137,137.0
6228,,rh__superiorfrontal__4,Right,79,157,96,11,31,24,superiorfrontal,10663476,55,55.0
6229,,rh__superiorfrontal__5,Right,83,115,131,7,-11,59,superiorfrontal,11568230,51,51.0
6230,,rh__superiorfrontal__6,Right,67,127,121,23,1,49,superiorfrontal,511645,39,39.0
6231,,rh__superiorfrontal__7,Right,65,147,121,25,21,49,superiorfrontal,7158698,250,250.0
6232,,rh__superiorfrontal__8,Right,74,190,79,16,64,7,superiorfrontal,3046965,100,100.0
6233,,rh__superiorfrontal__9,Right,77,194,71,13,68,-1,superiorfrontal,2815330,153,153.0
6234,,rh__superiorfrontal__10,Right,86,122,123,4,-4,51,superiorfrontal,2023155,141,141.0
6235,,rh__superiorfrontal__11,Right,68,132,125,22,6,53,superiorfrontal,15947436,90,90.0
6236,,rh__superiorfrontal__12,Right,74,192,83,16,66,11,superiorfrontal,15953446,198,198.0
6237,,rh__superiorfrontal__13,Right,68,162,107,22,36,35,superiorfrontal,4379314,161,161.0
6238,,rh__superiorfrontal__14,Right,85,115,133,5,-11,61,superiorfrontal,9388232,77,77.0
6239,,rh__superiorfrontal__15,Right,77,175,74,13,49,2,superiorfrontal,8514278,78,78.0
6240,,rh__superiorfrontal__16,Right,85,187,97,5,61,25,superiorfrontal,13653108,230,230.0
6241,,rh__superiorfrontal__17,Right,76,167,83,14,41,11,superiorfrontal,5843984,31,31.0
6242,,rh__superiorfrontal__18,Right,77,164,88,13,38,16,superiorfrontal,2464362,54,54.0
6243,,rh__superiorfrontal__19,Right,69,151,111,21,25,39,superiorfrontal,7756002,48,48.0
6244,,rh__superiorfrontal__20,Right,79,128,113,11,2,41,superiorfrontal,15753719,52,52.0
6245,,rh__superiorfrontal__21,Right,79,175,117,11,49,45,superiorfrontal,15469751,113,113.0
6246,,rh__superiorfrontal__22,Right,73,195,74,17,69,2,superiorfrontal,10904223,184,184.0
6247,,rh__superiorfrontal__23,Right,83,115,144,7,-11,72,superiorfrontal,12893584,71,71.0
6248,,rh__superiorfrontal__24,Right,79,124,117,11,-2,45,superiorfrontal,718746,43,43.0
6249,,rh__superiorfrontal__25,Right,65,123,123,25,-3,51,superiorfrontal,10100334,112,112.0
6250,,rh__superiorfrontal__26,Right,84,163,110,6,37,38,superiorfrontal,16376865,155,155.0
6251,,rh__superiorfrontal__27,Right,84,136,118,6,10,46,superiorfrontal,8090085,221,221.0
6252,,rh__superiorfrontal__28,Right,76,135,136,14,9,64,superiorfrontal,9441638,78,78.0
6253,,rh__superiorfrontal__29,Right,76,193,89,14,67,17,superiorfrontal,13709207,163,163.0
6254,,rh__superiorfrontal__30,Right,68,167,112,22,41,40,superiorfrontal,4485591,211,211.0
6255,,rh__superiorfrontal__31,Right,66,144,118,24,18,46,superiorfrontal,6837810,121,121.0
6256,,rh__superiorfrontal__32,Right,78,131,111,12,5,39,superiorfrontal,460040,58,58.0
6257,,rh__superiorfrontal__33,Right,79,116,139,11,-10,67,superiorfrontal,13367627,55,55.0
6258,,rh__superiorfrontal__34,Right,79,161,100,11,35,28,superiorfrontal,6110303,100,100.0
6259,,rh__superiorfrontal__35,Right,85,179,108,5,53,36,superiorfrontal,6482600,245,245.0
6260,,rh__superiorfrontal__36,Right,86,147,128,4,21,56,superiorfrontal,6763421,191,191.0
6261,,rh__superiorfrontal__37,Right,82,114,121,8,-12,49,superiorfrontal,6655087,90,90.0
6262,,rh__superiorfrontal__38,Right,76,166,86,14,40,14,superiorfrontal,8906769,49,49.0
6263,,rh__superiorfrontal__39,Right,75,184,91,15,58,19,superiorfrontal,6328841,83,83.0
6264,,rh__superiorfrontal__40,Right,84,182,81,6,56,9,superiorfrontal,10793536,272,272.0
6265,,rh__superiorfrontal__41,Right,69,140,125,21,14,53,superiorfrontal,8221446,91,91.0
6266,,rh__superiorfrontal__42,Right,78,182,105,12,56,33,superiorfrontal,3629754,151,151.0
6267,,rh__superiorfrontal__43,Right,79,154,97,11,28,25,superiorfrontal,12454822,51,51.0
6268,,rh__superiorfrontal__44,Right,69,155,114,21,29,42,superiorfrontal,9460420,105,105.0
6269,,rh__superiorfrontal__45,Right,82,132,120,8,6,48,superiorfrontal,4156830,132,132.0
6270,,rh__superiorfrontal__46,Right,75,170,82,15,44,10,superiorfrontal,13403955,44,44.0
6271,,rh__superiorfrontal__47,Right,77,116,136,13,-10,64,superiorfrontal,8721171,68,68.0
6272,,rh__superiorfrontal__48,Right,81,182,72,9,56,0,superiorfrontal,12195705,116,116.0
6273,,rh__superiorfrontal__49,Right,68,143,120,22,17,48,superiorfrontal,3484561,106,106.0
6274,,rh__superiorfrontal__50,Right,86,149,115,4,23,43,superiorfrontal,3817280,308,308.0
6275,,rh__superiorfrontal__51,Right,84,114,127,6,-12,55,superiorfrontal,8167706,85,85.0
6276,,rh__superiorfrontal__52,Right,73,173,113,17,47,41,superiorfrontal,15730127,142,142.0
6277,,rh__superiorfrontal__53,Right,78,192,91,12,66,19,superiorfrontal,3381182,170,170.0
6278,,rh__superiorfrontal__54,Right,86,140,132,4,14,60,superiorfrontal,969861,211,211.0
6279,,rh__superiorfrontal__55,Right,65,128,132,25,2,60,superiorfrontal,16019394,233,233.0
6280,,rh__superiorfrontal__56,Right,84,186,100,6,60,28,superiorfrontal,12916996,170,170.0
6281,,rh__superiorfrontal__57,Right,70,150,115,20,24,43,superiorfrontal,8732944,102,102.0
6282,,rh__superiorfrontal__58,Right,69,116,130,21,-10,58,superiorfrontal,2890858,58,58.0
6283,,rh__superiorfrontal__59,Right,85,189,83,5,63,11,superiorfrontal,14294600,259,259.0
6284,,rh__superiorfrontal__60,Right,78,161,91,12,35,19,superiorfrontal,9693378,61,61.0
6285,,rh__superiorfrontal__61,Right,79,123,114,11,-3,42,superiorfrontal,15855869,40,40.0
6286,,rh__superiorfrontal__62,Right,79,151,99,11,25,27,superiorfrontal,1841936,44,44.0
6287,,rh__superiorfrontal__63,Right,78,185,102,12,59,30,superiorfrontal,4707665,133,133.0
6288,,rh__superiorfrontal__64,Right,86,165,107,4,39,35,superiorfrontal,5624560,232,232.0
6289,,rh__superiorfrontal__65,Right,84,118,139,6,-8,67,superiorfrontal,8598852,102,102.0
6290,,rh__superiorfrontal__66,Right,69,138,120,21,12,48,superiorfrontal,8710350,64,64.0
6291,,rh__superiorfrontal__67,Right,84,158,117,6,32,45,superiorfrontal,9398672,139,139.0
6292,,rh__superiorfrontal__68,Right,78,112,121,12,-14,49,superiorfrontal,13793274,53,53.0
6293,,rh__superiorfrontal__69,Right,83,132,141,7,6,69,superiorfrontal,3381664,126,126.0
6294,,rh__superiorfrontal__70,Right,79,195,79,11,69,7,superiorfrontal,90751,151,151.0
6295,,rh__superiorfrontal__71,Right,76,180,108,14,54,36,superiorfrontal,12794016,143,143.0
6296,,rh__superiorfrontal__72,Right,79,120,114,11,-6,42,superiorfrontal,15741033,38,38.0
6297,,rh__superiorfrontal__73,Right,72,120,135,18,-6,63,superiorfrontal,335471,124,124.0
6298,,rh__superiorfrontal__74,Right,67,129,128,23,3,56,superiorfrontal,6437576,93,93.0
6299,,rh__superiorfrontal__75,Right,67,162,120,23,36,48,superiorfrontal,14579332,201,201.0
6300,,rh__superiorfrontal__76,Right,79,125,114,11,-1,42,superiorfrontal,5967333,39,39.0
6301,,rh__superiorfrontal__77,Right,85,179,88,5,53,16,superiorfrontal,3688473,215,215.0
6302,,rh__superiorfrontal__78,Right,79,116,142,11,-10,70,superiorfrontal,10525886,65,65.0
6303,,rh__superiorfrontal__79,Right,82,131,135,8,5,63,superiorfrontal,14005816,150,150.0
6304,,rh__superiorfrontal__80,Right,68,146,133,22,20,61,superiorfrontal,13088738,131,131.0
6305,,rh__superiorfrontal__81,Right,83,148,110,7,22,38,superiorfrontal,12059731,158,158.0
6306,,rh__superiorfrontal__82,Right,82,190,76,8,64,4,superiorfrontal,6172171,150,150.0
6307,,rh__superiorfrontal__83,Right,69,120,132,21,-6,60,superiorfrontal,9865901,101,101.0
6308,,rh__superiorfrontal__84,Right,86,180,104,4,54,32,superiorfrontal,7558381,233,233.0
6309,,rh__superiorfrontal__85,Right,84,175,96,6,49,24,superiorfrontal,10346443,152,152.0
6310,,rh__superiorfrontal__86,Right,78,148,102,12,22,30,superiorfrontal,14425803,56,56.0
6311,,rh__superiorfrontal__87,Right,83,129,131,7,3,59,superiorfrontal,8256137,162,162.0
6312,,rh__superiorfrontal__88,Right,82,177,71,8,51,-1,superiorfrontal,14070900,138,138.0
6313,,rh__superiorfrontal__89,Right,67,156,112,23,30,40,superiorfrontal,10911550,86,86.0
6314,,rh__superiorfrontal__90,Right,82,176,85,8,50,13,superiorfrontal,16509944,184,184.0
6315,,rh__superiorfrontal__91,Right,81,132,130,9,6,58,superiorfrontal,2078433,107,107.0
6316,,rh__superiorfrontal__92,Right,65,160,111,25,34,39,superiorfrontal,7028657,239,239.0
6317,,rh__superiorfrontal__93,Right,74,185,98,16,59,26,superiorfrontal,4512629,134,134.0
6318,,rh__superiorfrontal__94,Right,85,119,125,5,-7,53,superiorfrontal,13361571,185,185.0
6319,,rh__superiorfrontal__95,Right,69,136,121,21,10,49,superiorfrontal,9947593,71,71.0
6320,,rh__superiorfrontal__96,Right,81,163,127,9,37,55,superiorfrontal,12223603,155,155.0
6321,,rh__superiorfrontal__97,Right,84,167,101,6,41,29,superiorfrontal,12946102,132,132.0
6322,,rh__superiorfrontal__98,Right,68,147,115,22,21,43,superiorfrontal,1898027,95,95.0
6323,,rh__superiorfrontal__99,Right,65,120,126,25,-6,54,superiorfrontal,8622397,219,219.0
6324,,rh__superiorfrontal__100,Right,83,113,123,7,-13,51,superiorfrontal,6933229,82,82.0
6325,,rh__superiorfrontal__101,Right,86,166,119,4,40,47,superiorfrontal,6842073,187,187.0
6326,,rh__superiorfrontal__102,Right,75,168,89,15,42,17,superiorfrontal,7934908,61,61.0
6327,,rh__superiorfrontal__103,Right,82,150,133,8,24,61,superiorfrontal,8245005,174,174.0
6328,,rh__superiorfrontal__104,Right,80,131,120,10,5,48,superiorfrontal,3809784,141,141.0
6329,,rh__superiorfrontal__105,Right,74,172,76,16,46,4,superiorfrontal,1074455,47,47.0
6330,,rh__superiorfrontal__106,Right,74,121,140,16,-5,68,superiorfrontal,14159852,222,222.0
6331,,rh__superiorfrontal__107,Right,79,189,93,11,63,21,superiorfrontal,5694672,147,147.0
6332,,rh__superiorfrontal__108,Right,85,165,124,5,39,52,superiorfrontal,14774377,165,165.0
6333,,rh__superiorfrontal__109,Right,80,194,85,10,68,13,superiorfrontal,1083265,179,179.0
6334,,rh__superiorfrontal__110,Right,69,141,120,21,15,48,superiorfrontal,8165251,83,83.0
6335,,rh__superiorfrontal__111,Right,85,141,119,5,15,47,superiorfrontal,5953135,190,190.0
6336,,rh__superiorfrontal__112,Right,78,124,142,12,-2,70,superiorfrontal,7865316,187,187.0
6337,,rh__superiorfrontal__113,Right,75,172,72,15,46,0,superiorfrontal,7140756,42,42.0
6338,,rh__superiorfrontal__114,Right,81,123,119,9,-3,47,superiorfrontal,2444169,91,91.0
6339,,rh__superiorfrontal__115,Right,84,168,99,6,42,27,superiorfrontal,10410677,231,231.0
6340,,rh__superiorfrontal__116,Right,65,121,133,25,-5,61,superiorfrontal,8016030,282,282.0
6341,,rh__superiorfrontal__117,Right,82,188,72,8,62,0,superiorfrontal,1272109,140,140.0
6342,,rh__superiorfrontal__118,Right,69,162,122,21,36,50,superiorfrontal,9161288,82,82.0
6343,,rh__superiorfrontal__119,Right,79,142,111,11,16,39,superiorfrontal,1740833,81,81.0
6344,,rh__superiorfrontal__120,Right,79,129,143,11,3,71,superiorfrontal,6512589,119,119.0
6345,,rh__superiorfrontal__121,Right,79,156,104,11,30,32,superiorfrontal,2782913,100,100.0
6346,,rh__superiorfrontal__122,Right,85,134,134,5,8,62,superiorfrontal,9667921,195,195.0
6347,,rh__superiorfrontal__123,Right,73,138,132,17,12,60,superiorfrontal,15548825,131,131.0
6348,,rh__superiorfrontal__124,Right,78,127,116,12,1,44,superiorfrontal,15209795,48,48.0
6349,,rh__superiorfrontal__125,Right,68,164,119,22,38,47,superiorfrontal,8873722,213,213.0
6350,,rh__superiorfrontal__126,Right,68,135,126,22,9,54,superiorfrontal,9669922,94,94.0
6351,,rh__superiorfrontal__127,Right,72,116,132,18,-10,60,superiorfrontal,11142649,67,67.0
6352,,rh__superiorfrontal__128,Right,79,178,81,11,52,9,superiorfrontal,5446826,126,126.0
6353,,rh__superiorfrontal__129,Right,78,128,119,12,2,47,superiorfrontal,10849617,62,62.0
6354,,rh__superiorfrontal__130,Right,81,117,142,9,-9,70,superiorfrontal,11730549,57,57.0
6355,,rh__superiorfrontal__131,Right,84,156,120,6,30,48,superiorfrontal,10456152,127,127.0
6356,,rh__superiorfrontal__132,Right,84,179,77,6,53,5,superiorfrontal,7370635,225,225.0
6357,,rh__superiorfrontal__133,Right,77,154,100,13,28,28,superiorfrontal,3864346,63,63.0
6358,,rh__superiorfrontal__134,Right,74,172,116,16,46,44,superiorfrontal,5567556,187,187.0
6359,,rh__superiorfrontal__135,Right,82,117,134,8,-9,62,superiorfrontal,5688918,45,45.0
6360,,rh__superiorfrontal__136,Right,81,183,87,9,57,15,superiorfrontal,10070625,133,133.0
6361,,rh__superiorfrontal__137,Right,84,120,131,6,-6,59,superiorfrontal,10247691,168,168.0
6362,,rh__superiorfrontal__138,Right,75,183,100,15,57,28,superiorfrontal,2425895,114,114.0
6363,,rh__superiorfrontal__139,Right,77,156,97,13,30,25,superiorfrontal,5238010,55,55.0
6364,,rh__superiorfrontal__140,Right,74,172,108,16,46,36,superiorfrontal,91229,75,75.0
6365,,rh__superiorfrontal__141,Right,68,158,127,22,32,55,superiorfrontal,16673212,150,150.0
6366,,rh__superiorfrontal__142,Right,66,133,136,24,7,64,superiorfrontal,12091651,257,257.0
6367,,rh__superiorfrontal__143,Right,67,118,128,23,-8,56,superiorfrontal,12519543,111,111.0
6368,,rh__superiorfrontal__144,Right,85,126,128,5,0,56,superiorfrontal,15824375,191,191.0
6369,,rh__superiorfrontal__145,Right,79,160,94,11,34,22,superiorfrontal,15266010,78,78.0
6370,,rh__superiorfrontal__146,Right,84,134,139,6,8,67,superiorfrontal,14563453,111,111.0
6371,,rh__superiorfrontal__147,Right,74,171,80,16,45,8,superiorfrontal,10986988,47,47.0
6372,,rh__superiorfrontal__148,Right,68,133,121,22,7,49,superiorfrontal,6709947,75,75.0
6373,,rh__superiorfrontal__149,Right,80,177,76,10,51,4,superiorfrontal,13616102,127,127.0
6374,,rh__superiorfrontal__150,Right,86,145,132,4,19,60,superiorfrontal,2121122,213,213.0
6375,,rh__superiorfrontal__151,Right,81,118,118,9,-8,46,superiorfrontal,9162456,60,60.0
6376,,rh__superiorfrontal__152,Right,74,185,94,16,59,22,superiorfrontal,8043723,137,137.0
6377,,rh__superiorfrontal__153,Right,65,159,115,25,33,43,superiorfrontal,4390555,213,213.0
6378,,rh__superiorfrontal__154,Right,83,133,125,7,7,53,superiorfrontal,467494,128,128.0
6379,,rh__superiorfrontal__155,Right,78,166,95,12,40,23,superiorfrontal,15338600,93,93.0
6380,,rh__superiorfrontal__156,Right,85,117,136,5,-9,64,superiorfrontal,16215064,49,49.0
6381,,rh__superiorfrontal__157,Right,82,141,114,8,15,42,superiorfrontal,6692050,131,131.0
6382,,rh__superiorfrontal__158,Right,76,165,92,14,39,20,superiorfrontal,3858119,78,78.0
6383,,rh__superiorfrontal__159,Right,84,174,89,6,48,17,superiorfrontal,15387566,249,249.0
6384,,rh__superiorfrontal__160,Right,79,121,116,11,-5,44,superiorfrontal,16158763,51,51.0
6385,,rh__superiorfrontal__161,Right,80,126,143,10,0,71,superiorfrontal,13611706,175,175.0
6386,,rh__superiorfrontal__162,Right,80,134,116,10,8,44,superiorfrontal,14806303,85,85.0
6387,,rh__superiorfrontal__163,Right,85,191,79,5,65,7,superiorfrontal,5555510,254,254.0
6388,,rh__superiorfrontal__164,Right,68,158,122,22,32,50,superiorfrontal,431679,141,141.0
6389,,rh__superiorfrontal__165,Right,82,145,123,8,19,51,superiorfrontal,1892098,131,131.0
6390,,rh__superiorfrontal__166,Right,85,158,108,5,32,36,superiorfrontal,3392935,211,211.0
6391,,rh__superiorfrontal__167,Right,77,119,140,13,-7,68,superiorfrontal,15684582,99,99.0
6392,,rh__superiorfrontal__168,Right,83,152,109,7,26,37,superiorfrontal,7357782,182,182.0
6393,,rh__superiorfrontal__169,Right,78,116,114,12,-10,42,superiorfrontal,8455630,31,31.0
6394,,rh__superiorfrontal__170,Right,71,167,118,19,41,46,superiorfrontal,10753053,211,211.0
6395,,rh__superiorfrontal__171,Right,78,188,100,12,62,28,superiorfrontal,8823185,180,180.0
6396,,rh__superiorfrontal__172,Right,81,183,75,9,57,3,superiorfrontal,9247429,124,124.0
6397,,rh__superiorfrontal__173,Right,77,140,108,13,14,36,superiorfrontal,7861377,79,79.0
6398,,rh__superiorfrontal__174,Right,85,167,104,5,41,32,superiorfrontal,6572003,186,186.0
6399,,rh__superiorfrontal__175,Right,79,158,101,11,32,29,superiorfrontal,11128363,101,101.0
6400,,rh__superiorfrontal__176,Right,81,119,142,9,-7,70,superiorfrontal,10151046,67,67.0
6401,,rh__superiorfrontal__177,Right,84,119,120,6,-7,48,superiorfrontal,15475203,130,130.0
6402,,rh__superiorfrontal__178,Right,80,167,123,10,41,51,superiorfrontal,3151461,123,123.0
6403,,rh__superiorfrontal__179,Right,85,148,120,5,22,48,superiorfrontal,4941959,173,173.0
6404,,rh__superiorfrontal__180,Right,67,142,133,23,16,61,superiorfrontal,1730887,261,261.0
6405,,rh__superiorfrontal__181,Right,80,180,84,10,54,12,superiorfrontal,7299154,85,85.0
6406,,rh__superiorfrontal__182,Right,71,154,117,19,28,45,superiorfrontal,4796404,122,122.0
6407,,rh__superiorfrontal__183,Right,78,139,113,12,13,41,superiorfrontal,4930614,77,77.0
6408,,rh__superiorfrontal__184,Right,63,123,129,27,-3,57,superiorfrontal,2708337,185,185.0
6409,,rh__superiorfrontal__185,Right,83,145,136,7,19,64,superiorfrontal,15879457,181,181.0
6410,,rh__superiorfrontal__186,Right,70,170,111,20,44,39,superiorfrontal,8057619,178,178.0
6411,,rh__superiorfrontal__187,Right,83,119,134,7,-7,62,superiorfrontal,948330,47,47.0
6412,,rh__superiorfrontal__188,Right,67,129,122,23,3,50,superiorfrontal,5128303,86,86.0
6413,,rh__superiorfrontal__189,Right,76,169,86,14,43,14,superiorfrontal,16171072,64,64.0
6414,,rh__superiorfrontal__190,Right,85,159,105,5,33,33,superiorfrontal,6794845,211,211.0
6415,,rh__superiorfrontal__191,Right,69,129,140,21,3,68,superiorfrontal,7431827,175,175.0
6416,,rh__superiorfrontal__192,Right,84,153,119,6,27,47,superiorfrontal,11777440,199,199.0
6417,,rh__superiorfrontal__193,Right,84,191,90,6,65,18,superiorfrontal,5431999,208,208.0
6418,,rh__superiorfrontal__194,Right,78,144,105,12,18,33,superiorfrontal,9505305,46,46.0
6419,,rh__superiorfrontal__195,Right,84,116,127,6,-10,55,superiorfrontal,10189467,125,125.0
6420,,rh__superiorfrontal__196,Right,85,185,77,5,59,5,superiorfrontal,16400694,239,239.0
6421,,rh__superiorfrontal__197,Right,74,118,135,16,-8,63,superiorfrontal,1693024,93,93.0
6422,,rh__superiorfrontal__198,Right,65,147,127,25,21,55,superiorfrontal,15680226,211,211.0
6423,,rh__superiorfrontal__199,Right,85,184,90,5,58,18,superiorfrontal,10498264,182,182.0
6424,,rh__superiorfrontal__200,Right,73,133,135,17,7,63,superiorfrontal,4578981,130,130.0
6425,,rh__superiorfrontal__201,Right,81,130,126,9,4,54,superiorfrontal,4519651,95,95.0
6426,,rh__superiorfrontal__202,Right,71,161,125,19,35,53,superiorfrontal,2168265,138,138.0
6427,,rh__superiorfrontal__203,Right,77,148,105,13,22,33,superiorfrontal,11133630,66,66.0
6428,,rh__superiorfrontal__204,Right,85,176,111,5,50,39,superiorfrontal,11260031,186,186.0
6429,,rh__superiorfrontal__205,Right,68,140,135,22,14,63,superiorfrontal,8249102,233,233.0
6430,,rh__superiorfrontal__206,Right,82,194,73,8,68,1,superiorfrontal,11786940,202,202.0
6431,,rh__superiorfrontal__207,Right,75,168,118,15,42,46,superiorfrontal,11348181,119,119.0
6432,,rh__superiorfrontal__208,Right,78,132,114,12,6,42,superiorfrontal,8441314,47,47.0
6433,,rh__superiorfrontal__209,Right,82,130,142,8,4,70,superiorfrontal,9950532,100,100.0
6434,,rh__superiorfrontal__210,Right,78,164,98,12,38,26,superiorfrontal,10689170,82,82.0
6435,,rh__superiorfrontal__211,Right,77,151,103,13,25,31,superiorfrontal,5974748,84,84.0
6436,,rh__superiorfrontal__212,Right,69,122,137,21,-4,65,superiorfrontal,9152901,293,293.0
6437,,rh__superiorfrontal__213,Right,86,169,117,4,43,45,superiorfrontal,7166270,163,163.0
6438,,rh__superiorfrontal__214,Right,76,162,94,14,36,22,superiorfrontal,6715730,68,68.0
6439,,rh__superiorfrontal__215,Right,83,128,126,7,2,54,superiorfrontal,6930583,143,143.0
6440,,rh__superiorfrontal__216,Right,82,128,122,8,2,50,superiorfrontal,3632616,109,109.0
6441,,rh__superiorfrontal__217,Right,85,159,126,5,33,54,superiorfrontal,7372312,145,145.0
6442,,rh__superiorfrontal__218,Right,78,121,142,12,-5,70,superiorfrontal,2896044,106,106.0
6443,,rh__superiorfrontal__219,Right,79,172,88,11,46,16,superiorfrontal,5996776,123,123.0
6444,,rh__superiorfrontal__220,Right,78,137,137,12,11,65,superiorfrontal,5163733,88,88.0
6445,,rh__superiorfrontal__221,Right,83,185,104,7,59,32,superiorfrontal,8934993,184,184.0
6446,,rh__superiorfrontal__222,Right,82,138,115,8,12,43,superiorfrontal,7619122,125,125.0
6447,,rh__superiorfrontal__223,Right,80,194,82,10,68,10,superiorfrontal,2684342,180,180.0
6448,,rh__superiorfrontal__224,Right,78,135,111,12,9,39,superiorfrontal,11273829,139,139.0
6449,,rh__superiorfrontal__225,Right,68,154,122,22,28,50,superiorfrontal,4224781,180,180.0
6450,,rh__superiorfrontal__226,Right,66,165,115,24,39,43,superiorfrontal,1587983,310,310.0
6451,,rh__superiorfrontal__227,Right,80,116,119,10,-10,47,superiorfrontal,2562295,66,66.0
6452,,rh__superiorfrontal__228,Right,67,133,130,23,7,58,superiorfrontal,6722508,154,154.0
6453,,rh__superiorfrontal__229,Right,67,143,128,23,17,56,superiorfrontal,12965652,125,125.0
6454,,rh__superiorfrontal__230,Right,82,117,131,8,-9,59,superiorfrontal,1844378,72,72.0
6455,,rh__superiorfrontal__231,Right,82,185,84,8,59,12,superiorfrontal,6378189,111,111.0
6456,,rh__superiorfrontal__232,Right,85,126,139,5,0,67,superiorfrontal,9033961,118,118.0
6457,,rh__superiorfrontal__233,Right,83,173,119,7,47,47,superiorfrontal,4920775,156,156.0
6458,,rh__superiorfrontal__234,Right,77,130,115,13,4,43,superiorfrontal,10913992,47,47.0
6459,,rh__superiorfrontal__235,Right,78,170,93,12,44,21,superiorfrontal,9520724,88,88.0
6460,,rh__superiorfrontal__236,Right,80,126,120,10,0,48,superiorfrontal,128350,77,77.0
6461,,rh__superiorfrontal__237,Right,73,144,132,17,18,60,superiorfrontal,15596917,161,161.0
6462,,rh__superiorfrontal__238,Right,86,152,125,4,26,53,superiorfrontal,15259137,200,200.0
6463,,rh__superiorfrontal__239,Right,69,158,117,21,32,45,superiorfrontal,5949800,146,146.0
6464,,rh__superiorfrontal__240,Right,73,192,77,17,66,5,superiorfrontal,2522277,204,204.0
6465,,rh__superiorfrontal__241,Right,86,173,114,4,47,42,superiorfrontal,10935784,223,223.0
6466,,rh__superiorfrontal__242,Right,80,153,107,10,27,35,superiorfrontal,13418707,105,105.0
6467,,rh__superiorfrontal__243,Right,76,159,96,14,33,24,superiorfrontal,8602052,58,58.0
6468,,rh__superiorfrontal__244,Right,78,177,84,12,51,12,superiorfrontal,3445500,76,76.0
6469,,rh__superiorfrontal__245,Right,68,138,128,22,12,56,superiorfrontal,7317435,134,134.0
6470,,rh__superiorfrontal__246,Right,77,163,120,13,37,48,superiorfrontal,9045345,67,67.0
6471,,rh__superiorfrontal__247,Right,85,135,129,5,9,57,superiorfrontal,10035313,207,207.0
6472,,rh__superiorfrontal__248,Right,78,188,96,12,62,24,superiorfrontal,13905832,150,150.0
6473,,rh__superiorfrontal__249,Right,85,144,117,5,18,45,superiorfrontal,6752674,238,238.0
6474,,rh__superiorfrontal__250,Right,77,179,101,13,53,29,superiorfrontal,2827979,71,71.0
6475,,rh__superiorfrontal__251,Right,66,130,138,24,4,66,superiorfrontal,4054544,241,241.0
6476,,rh__superiorfrontal__252,Right,74,147,129,16,21,57,superiorfrontal,7997132,106,106.0
6477,,rh__superiorfrontal__253,Right,69,126,139,21,0,67,superiorfrontal,9180971,262,262.0
6478,,rh__superiorfrontal__254,Right,70,170,116,20,44,44,superiorfrontal,8617159,223,223.0
6479,,rh__superiorfrontal__255,Right,78,135,140,12,9,68,superiorfrontal,743556,91,91.0
6480,,rh__superiorfrontal__256,Right,77,175,113,13,49,41,superiorfrontal,16488359,142,142.0
6481,,rh__superiorfrontal__257,Right,84,140,122,6,14,50,superiorfrontal,4527843,224,224.0
6482,,rh__superiorfrontal__258,Right,79,117,113,11,-9,41,superiorfrontal,3719807,35,35.0
6483,,rh__superiorfrontal__259,Right,84,121,139,6,-5,67,superiorfrontal,8758124,189,189.0
6484,,rh__superiorfrontal__260,Right,80,176,73,10,50,1,superiorfrontal,7587800,213,213.0
6485,,rh__superiorfrontal__261,Right,79,148,108,11,22,36,superiorfrontal,11501628,94,94.0
6486,,rh__superiorfrontal__262,Right,81,178,115,9,52,43,superiorfrontal,6102285,192,192.0
6487,,rh__superiorfrontal__263,Right,85,139,135,5,13,63,superiorfrontal,4382108,179,179.0
6488,,rh__superiorfrontal__264,Right,73,142,133,17,16,61,superiorfrontal,7119308,161,161.0
6489,,rh__superiorfrontal__265,Right,78,144,109,12,18,37,superiorfrontal,4631208,75,75.0
6490,,rh__superiorfrontal__266,Right,76,175,79,14,49,7,superiorfrontal,15228986,78,78.0
6491,,rh__superiorfrontal__267,Right,75,178,104,15,52,32,superiorfrontal,956201,99,99.0
6492,,rh__superiorfrontal__268,Right,78,117,116,12,-9,44,superiorfrontal,311832,55,55.0
6493,,rh__superiorfrontal__269,Right,73,162,121,17,36,49,superiorfrontal,14180780,90,90.0
6494,,rh__superiorfrontal__270,Right,73,126,142,17,0,70,superiorfrontal,4216368,199,199.0
6495,,rh__superiorfrontal__271,Right,85,135,123,5,9,51,superiorfrontal,3117175,211,211.0
6496,,rh__superiorfrontal__272,Right,85,116,122,5,-10,50,superiorfrontal,15262641,154,154.0
6497,,rh__superiorfrontal__273,Right,78,168,120,12,42,48,superiorfrontal,6155354,93,93.0
6498,,rh__superiorfrontal__274,Right,85,180,92,5,54,20,superiorfrontal,15686340,240,240.0
6499,,rh__superiorfrontal__275,Right,85,139,127,5,13,55,superiorfrontal,10737323,175,175.0
6500,,rh__superiorfrontal__276,Right,74,192,86,16,66,14,superiorfrontal,13208919,128,128.0
6501,,rh__superiorfrontal__277,Right,86,122,129,4,-4,57,superiorfrontal,14238591,168,168.0
6502,,rh__superiorfrontal__278,Right,67,137,135,23,11,63,superiorfrontal,5252893,265,265.0
6503,,rh__superiorfrontal__279,Right,83,189,86,7,63,14,superiorfrontal,7914272,187,187.0
6504,,rh__superiorfrontal__280,Right,84,112,128,6,-14,56,superiorfrontal,6404951,77,77.0
6505,,rh__superiorfrontal__281,Right,77,132,140,13,6,68,superiorfrontal,4132167,92,92.0
6506,,rh__superiorfrontal__282,Right,67,151,123,23,25,51,superiorfrontal,10703765,193,193.0
6507,,rh__superiorfrontal__283,Right,85,128,135,5,2,63,superiorfrontal,6031211,225,225.0
6508,,rh__superiorfrontal__284,Right,85,153,114,5,27,42,superiorfrontal,15598449,214,214.0
6509,,rh__superiorfrontal__285,Right,84,174,92,6,48,20,superiorfrontal,2073809,209,209.0
6510,,rh__superiorfrontal__286,Right,86,148,124,4,22,52,superiorfrontal,15904425,163,163.0
6511,,rh__superiorfrontal__287,Right,85,152,130,5,26,58,superiorfrontal,13414275,144,144.0
6512,,rh__superiorfrontal__288,Right,84,162,102,6,36,30,superiorfrontal,265761,194,194.0
6513,,rh__superiorfrontal__289,Right,75,176,111,15,50,39,superiorfrontal,15366198,118,118.0
6514,,rh__superiorfrontal__290,Right,66,126,126,24,0,54,superiorfrontal,8267964,98,98.0
6515,,rh__superiorfrontal__291,Right,84,125,122,6,-1,50,superiorfrontal,742848,181,181.0
6516,,rh__superiorfrontal__292,Right,82,170,95,8,44,23,superiorfrontal,6090280,157,157.0
6517,,rh__superiorfrontal__293,Right,77,145,131,13,19,59,superiorfrontal,7786250,81,81.0
6518,,rh__superiorfrontal__294,Right,76,174,82,14,48,10,superiorfrontal,4087927,70,70.0
6519,,rh__superiorfrontal__295,Right,82,170,122,8,44,50,superiorfrontal,8458845,174,174.0
6520,,rh__superiorfrontal__296,Right,86,156,126,4,30,54,superiorfrontal,5538282,170,170.0
6521,,rh__superiorfrontal__297,Right,86,173,99,4,47,27,superiorfrontal,5512012,268,268.0
6522,,rh__superiorfrontal__298,Right,78,114,119,12,-12,47,superiorfrontal,10444976,67,67.0
6523,,rh__superiorfrontal__299,Right,85,124,140,5,-2,68,superiorfrontal,8537988,122,122.0
6524,,rh__superiorfrontal__300,Right,74,187,89,16,61,17,superiorfrontal,1237548,94,94.0
6525,,rh__superiorfrontal__301,Right,76,113,116,14,-13,44,superiorfrontal,12175061,75,75.0
6526,,rh__superiorfrontal__302,Right,65,120,122,25,-6,50,superiorfrontal,3945358,95,95.0
6527,,rh__superiorfrontal__303,Right,86,160,123,4,34,51,superiorfrontal,11984714,188,188.0
6528,,rh__superiorfrontal__304,Right,67,145,127,23,19,55,superiorfrontal,16039583,157,157.0
6529,,rh__superiorfrontal__305,Right,74,175,107,16,49,35,superiorfrontal,16469655,83,83.0
6530,,rh__superiorfrontal__306,Right,74,131,137,16,5,65,superiorfrontal,7705805,124,124.0
6531,,rh__superiorfrontal__307,Right,80,142,137,10,16,65,superiorfrontal,625656,152,152.0
6532,,rh__superiorfrontal__308,Right,80,196,75,10,70,3,superiorfrontal,15828492,195,195.0
6533,,rh__superiorfrontal__309,Right,85,189,94,5,63,22,superiorfrontal,10681917,204,204.0
6534,,rh__superiorfrontal__310,Right,83,143,127,7,17,55,superiorfrontal,958592,140,140.0
6535,,rh__superiorfrontal__311,Right,82,145,113,8,19,41,superiorfrontal,9272584,136,136.0
6536,,rh__superiorfrontal__312,Right,78,173,85,12,47,13,superiorfrontal,9458311,87,87.0
6537,,rh__superiorfrontal__313,Right,74,129,141,16,3,69,superiorfrontal,5352712,126,126.0
6538,,rh__superiorfrontal__314,Right,78,171,119,12,45,47,superiorfrontal,3809515,138,138.0
6539,,rh__superiorfrontal__315,Right,83,121,120,7,-5,48,superiorfrontal,9142603,104,104.0
6540,,rh__superiorfrontal__316,Right,77,157,127,13,31,55,superiorfrontal,16647987,52,52.0
6541,,rh__superiorfrontal__317,Right,78,156,128,12,30,56,superiorfrontal,16471780,58,58.0
6542,,rh__superiorfrontal__318,Right,76,152,129,14,26,57,superiorfrontal,11515537,66,66.0
6543,,rh__superiorfrontal__319,Right,77,153,128,13,27,56,superiorfrontal,8985448,57,57.0
6544,,rh__superiorfrontal__320,Right,73,155,127,17,29,55,superiorfrontal,5448305,40,40.0
6545,,rh__superiorfrontal__321,Right,75,154,126,15,28,54,superiorfrontal,8694898,41,41.0
6546,,rh__superiorfrontal__322,Right,74,157,125,16,31,53,superiorfrontal,8470738,60,60.0
6547,,rh__superiorfrontal__323,Right,73,159,127,17,33,55,superiorfrontal,1688348,62,62.0
6548,,rh__superiorfrontal__324,Right,85,161,115,5,35,43,superiorfrontal,11515612,100,100.0
6549,,rh__superiorfrontal__325,Right,86,162,118,4,36,46,superiorfrontal,13442421,109,109.0
6550,,rh__superiorfrontal__326,Right,84,164,114,6,38,42,superiorfrontal,8700191,63,63.0
6551,,rh__superiorfrontal__327,Right,84,161,113,6,35,41,superiorfrontal,13405127,66,66.0
6552,,rh__superiorfrontal__328,Right,63,126,137,27,0,65,superiorfrontal,2845936,147,147.0
6553,,rh__superiorfrontal__329,Right,64,124,136,26,-2,64,superiorfrontal,10273061,184,184.0
6554,,rh__superiorfrontal__330,Right,77,159,127,13,33,55,superiorfrontal,16289348,43,43.0
6555,,rh__superiorfrontal__331,Right,76,161,127,14,35,55,superiorfrontal,3113032,58,58.0
6556,,rh__superiorfrontal__332,Right,86,170,110,4,44,38,superiorfrontal,15890589,118,118.0
6557,,rh__superiorfrontal__333,Right,83,171,108,7,45,36,superiorfrontal,340993,66,66.0
6558,,rh__superiorfrontal__334,Right,78,144,134,12,18,62,superiorfrontal,4192980,82,82.0
6559,,rh__superiorfrontal__335,Right,77,143,132,13,17,60,superiorfrontal,8644767,37,37.0
6560,,rh__superiorfrontal__336,Right,77,141,134,13,15,62,superiorfrontal,6581304,56,56.0
6561,,rh__superiorfrontal__337,Right,76,141,132,14,15,60,superiorfrontal,3189914,38,38.0
6562,,rh__superiorfrontal__338,Right,74,164,118,16,38,46,superiorfrontal,14151615,88,88.0
6563,,rh__superiorfrontal__339,Right,84,173,107,6,47,35,superiorfrontal,10435510,102,102.0
6564,,rh__superiorfrontal__340,Right,82,171,105,8,45,33,superiorfrontal,10184309,57,57.0
6565,,rh__superiorfrontal__341,Right,77,137,133,13,11,61,superiorfrontal,10879419,30,30.0
6566,,rh__superiorfrontal__342,Right,80,181,111,10,55,39,superiorfrontal,5196476,75,75.0
6567,,rh__superiorfrontal__343,Right,77,180,111,13,54,39,superiorfrontal,1530727,94,94.0
6568,,rh__superiorfrontal__344,Right,84,172,103,6,46,31,superiorfrontal,13772704,90,90.0
6569,,rh__superiorfrontal__345,Right,85,175,104,5,49,32,superiorfrontal,13076747,132,132.0
6570,,rh__superiorfrontal__346,Right,74,150,128,16,24,56,superiorfrontal,12033405,67,67.0
6571,,rh__superiorfrontal__347,Right,86,168,112,4,42,40,superiorfrontal,14433481,114,114.0
6572,,rh__superiorfrontal__348,Right,85,166,113,5,40,41,superiorfrontal,11358461,67,67.0
6573,,rh__superiorfrontal__349,Right,76,149,129,14,23,57,superiorfrontal,9885100,78,78.0
6574,,rh__superiorfrontal__350,Right,78,148,131,12,22,59,superiorfrontal,9287759,55,55.0
6575,,rh__superiorfrontal__351,Right,83,156,131,7,30,59,superiorfrontal,7701541,93,93.0
6576,,rh__superiorfrontal__352,Right,79,155,130,11,29,58,superiorfrontal,4089853,68,68.0
6577,,rh__superiorfrontal__353,Right,84,178,99,6,52,27,superiorfrontal,9812930,88,88.0
6578,,rh__superiorfrontal__354,Right,84,181,100,6,55,28,superiorfrontal,2787722,107,107.0
6579,,rh__superiorfrontal__355,Right,66,151,128,24,25,56,superiorfrontal,11301691,118,118.0
6580,,rh__superiorfrontal__356,Right,68,151,130,22,25,58,superiorfrontal,10687845,83,83.0
6581,,rh__superiorfrontal__357,Right,74,161,125,16,35,53,superiorfrontal,9268865,60,60.0
6582,,rh__superiorfrontal__358,Right,83,182,96,7,56,24,superiorfrontal,14724376,107,107.0
6583,,rh__superiorfrontal__359,Right,83,179,95,7,53,23,superiorfrontal,8116022,78,78.0
6584,,rh__superiorfrontal__360,Right,79,153,131,11,27,59,superiorfrontal,1409151,84,84.0
6585,,rh__superiorfrontal__361,Right,79,152,132,11,26,60,superiorfrontal,2128100,68,68.0
6586,,rh__superiorfrontal__362,Right,72,154,127,18,28,55,superiorfrontal,14261958,132,132.0
6587,,rh__superiorfrontal__363,Right,67,154,128,23,28,56,superiorfrontal,16112500,99,99.0
6588,,rh__superiorfrontal__364,Right,71,151,128,19,25,56,superiorfrontal,7582646,82,82.0
6589,,rh__superiorfrontal__365,Right,86,156,110,4,30,38,superiorfrontal,7233502,114,114.0
6590,,rh__superiorfrontal__366,Right,85,158,113,5,32,41,superiorfrontal,10522314,171,171.0
6591,,rh__superiorfrontal__367,Right,74,135,133,16,9,61,superiorfrontal,2937517,48,48.0
6592,,rh__superiorfrontal__368,Right,72,134,134,18,8,62,superiorfrontal,4029054,76,76.0
6593,,rh__superiorfrontal__369,Right,79,160,129,11,34,57,superiorfrontal,7367586,81,81.0
6594,,rh__superiorfrontal__370,Right,81,158,130,9,32,58,superiorfrontal,3726065,59,59.0
6595,,rh__superiorfrontal__371,Right,76,162,123,14,36,51,superiorfrontal,12019468,81,81.0
6596,,rh__superiorfrontal__372,Right,79,164,123,11,38,51,superiorfrontal,5647648,67,67.0
6597,,rh__superiorfrontal__373,Right,80,147,135,10,21,63,superiorfrontal,109648,66,66.0
6598,,rh__superiorfrontal__374,Right,78,147,133,12,21,61,superiorfrontal,6472538,62,62.0
6599,,rh__superiorfrontal__375,Right,70,149,130,20,23,58,superiorfrontal,15627449,93,93.0
6600,,rh__superiorfrontal__376,Right,68,148,131,22,22,59,superiorfrontal,13299264,75,75.0
6601,,rh__superiorfrontal__377,Right,78,139,135,12,13,63,superiorfrontal,1581626,90,90.0
6602,,rh__superiorfrontal__378,Right,80,139,138,10,13,66,superiorfrontal,3907273,55,55.0
6603,,rh__superiorparietal__1,Right,55,76,135,35,-50,63,superiorparietal,12589542,323,323.0
6604,,rh__superiorparietal__2,Right,81,35,97,9,-91,25,superiorparietal,5781437,133,133.0
6605,,rh__superiorparietal__3,Right,71,79,134,19,-47,62,superiorparietal,16148484,97,97.0
6606,,rh__superiorparietal__4,Right,64,65,130,26,-61,58,superiorparietal,7210801,224,224.0
6607,,rh__superiorparietal__5,Right,70,47,117,20,-79,45,superiorparietal,1223859,184,184.0
6608,,rh__superiorparietal__6,Right,61,91,121,29,-35,49,superiorparietal,14041580,37,37.0
6609,,rh__superiorparietal__7,Right,56,69,126,34,-57,54,superiorparietal,6635573,504,504.0
6610,,rh__superiorparietal__8,Right,83,64,131,7,-62,59,superiorparietal,10130504,198,198.0
6611,,rh__superiorparietal__9,Right,78,69,132,12,-57,60,superiorparietal,3860405,125,125.0
6612,,rh__superiorparietal__10,Right,65,59,110,25,-67,38,superiorparietal,4735786,122,122.0
6613,,rh__superiorparietal__11,Right,55,85,116,35,-41,44,superiorparietal,2977162,150,150.0
6614,,rh__superiorparietal__12,Right,81,49,120,9,-77,48,superiorparietal,2643221,217,217.0
6615,,rh__superiorparietal__13,Right,56,95,118,34,-31,46,superiorparietal,3354185,31,31.0
6616,,rh__superiorparietal__14,Right,72,37,99,18,-89,27,superiorparietal,9849364,156,156.0
6617,,rh__superiorparietal__15,Right,67,86,133,23,-40,61,superiorparietal,4460526,82,82.0
6618,,rh__superiorparietal__16,Right,59,92,122,31,-34,50,superiorparietal,1260680,34,34.0
6619,,rh__superiorparietal__17,Right,59,78,113,31,-48,41,superiorparietal,16542819,152,152.0
6620,,rh__superiorparietal__18,Right,65,66,123,25,-60,51,superiorparietal,8788914,143,143.0
6621,,rh__superiorparietal__19,Right,80,67,131,10,-59,59,superiorparietal,700627,250,250.0
6622,,rh__superiorparietal__20,Right,54,92,119,36,-34,47,superiorparietal,15617698,160,160.0
6623,,rh__superiorparietal__21,Right,67,87,141,23,-39,69,superiorparietal,7176926,156,156.0
6624,,rh__superiorparietal__22,Right,67,60,120,23,-66,48,superiorparietal,2157510,212,212.0
6625,,rh__superiorparietal__23,Right,58,76,118,32,-50,46,superiorparietal,10939366,262,262.0
6626,,rh__superiorparietal__24,Right,81,45,111,9,-81,39,superiorparietal,10790715,230,230.0
6627,,rh__superiorparietal__25,Right,55,94,115,35,-32,43,superiorparietal,849738,48,48.0
6628,,rh__superiorparietal__26,Right,66,90,127,24,-36,55,superiorparietal,5742796,36,36.0
6629,,rh__superiorparietal__27,Right,53,79,133,37,-47,61,superiorparietal,15464409,314,314.0
6630,,rh__superiorparietal__28,Right,67,77,137,23,-49,65,superiorparietal,5262656,191,191.0
6631,,rh__superiorparietal__29,Right,55,80,125,35,-46,53,superiorparietal,1528955,222,222.0
6632,,rh__superiorparietal__30,Right,81,62,127,9,-64,55,superiorparietal,7064642,203,203.0
6633,,rh__superiorparietal__31,Right,57,54,100,33,-72,28,superiorparietal,13034746,167,167.0
6634,,rh__superiorparietal__32,Right,58,63,123,32,-63,51,superiorparietal,4544423,90,90.0
6635,,rh__superiorparietal__33,Right,76,38,102,14,-88,30,superiorparietal,238349,251,251.0
6636,,rh__superiorparietal__34,Right,84,77,140,6,-49,68,superiorparietal,4346850,217,217.0
6637,,rh__superiorparietal__35,Right,69,47,109,21,-79,37,superiorparietal,341212,187,187.0
6638,,rh__superiorparietal__36,Right,57,93,120,33,-33,48,superiorparietal,4478035,28,28.0
6639,,rh__superiorparietal__37,Right,73,38,97,17,-88,25,superiorparietal,11325459,91,91.0
6640,,rh__superiorparietal__38,Right,66,68,139,24,-58,67,superiorparietal,697793,202,202.0
6641,,rh__superiorparietal__39,Right,68,71,130,22,-55,58,superiorparietal,10267464,71,71.0
6642,,rh__superiorparietal__40,Right,82,59,129,8,-67,57,superiorparietal,1298626,195,195.0
6643,,rh__superiorparietal__41,Right,76,84,145,14,-42,73,superiorparietal,14511450,151,151.0
6644,,rh__superiorparietal__42,Right,67,62,114,23,-64,42,superiorparietal,734223,132,132.0
6645,,rh__superiorparietal__43,Right,51,89,116,39,-37,44,superiorparietal,13910988,124,124.0
6646,,rh__superiorparietal__44,Right,82,55,129,8,-71,57,superiorparietal,10037758,185,185.0
6647,,rh__superiorparietal__45,Right,63,62,116,27,-64,44,superiorparietal,3586084,198,198.0
6648,,rh__superiorparietal__46,Right,63,88,126,27,-38,54,superiorparietal,3177380,82,82.0
6649,,rh__superiorparietal__47,Right,62,75,131,28,-51,59,superiorparietal,11846181,144,144.0
6650,,rh__superiorparietal__48,Right,50,87,121,40,-39,49,superiorparietal,568059,246,246.0
6651,,rh__superiorparietal__49,Right,82,72,134,8,-54,62,superiorparietal,11985255,155,155.0
6652,,rh__superiorparietal__50,Right,77,54,125,13,-72,53,superiorparietal,1058586,187,187.0
6653,,rh__superiorparietal__51,Right,55,87,113,35,-39,41,superiorparietal,792951,129,129.0
6654,,rh__superiorparietal__52,Right,63,91,124,27,-35,52,superiorparietal,12638588,68,68.0
6655,,rh__superiorparietal__53,Right,59,59,106,31,-67,34,superiorparietal,3965025,179,179.0
6656,,rh__superiorparietal__54,Right,69,84,144,21,-42,72,superiorparietal,10028040,165,165.0
6657,,rh__superiorparietal__55,Right,71,74,135,19,-52,63,superiorparietal,16124846,163,163.0
6658,,rh__superiorparietal__56,Right,64,81,137,26,-45,65,superiorparietal,7164423,263,263.0
6659,,rh__superiorparietal__57,Right,68,39,98,22,-87,26,superiorparietal,3026752,159,159.0
6660,,rh__superiorparietal__58,Right,57,82,121,33,-44,49,superiorparietal,13186269,209,209.0
6661,,rh__superiorparietal__59,Right,84,73,138,6,-53,66,superiorparietal,1543558,155,155.0
6662,,rh__superiorparietal__60,Right,76,52,123,14,-74,51,superiorparietal,4237899,207,207.0
6663,,rh__superiorparietal__61,Right,62,63,120,28,-63,48,superiorparietal,7483715,238,238.0
6664,,rh__superiorparietal__62,Right,75,44,112,15,-82,40,superiorparietal,2145606,364,364.0
6665,,rh__superiorparietal__63,Right,79,72,135,11,-54,63,superiorparietal,16367869,79,79.0
6666,,rh__superiorparietal__64,Right,55,92,115,35,-34,43,superiorparietal,15715189,159,159.0
6667,,rh__superiorparietal__65,Right,60,72,129,30,-54,57,superiorparietal,10243171,121,121.0
6668,,rh__superiorparietal__66,Right,64,42,104,26,-84,32,superiorparietal,15596717,201,201.0
6669,,rh__superiorparietal__67,Right,79,80,143,11,-46,71,superiorparietal,3936895,380,380.0
6670,,rh__superiorparietal__68,Right,58,85,111,32,-41,39,superiorparietal,14615115,76,76.0
6671,,rh__superiorparietal__69,Right,67,87,130,23,-39,58,superiorparietal,11514546,113,113.0
6672,,rh__superiorparietal__70,Right,75,60,136,15,-66,64,superiorparietal,9724821,186,186.0
6673,,rh__superiorparietal__71,Right,83,42,104,7,-84,32,superiorparietal,3461988,169,169.0
6674,,rh__superiorparietal__72,Right,58,83,110,32,-43,38,superiorparietal,6875891,76,76.0
6675,,rh__superiorparietal__73,Right,79,61,132,11,-65,60,superiorparietal,9074657,267,267.0
6676,,rh__superiorparietal__74,Right,58,57,103,32,-69,31,superiorparietal,5299252,146,146.0
6677,,rh__superiorparietal__75,Right,67,65,116,23,-61,44,superiorparietal,14873973,93,93.0
6678,,rh__superiorparietal__76,Right,84,40,101,6,-86,29,superiorparietal,3646191,114,114.0
6679,,rh__superiorparietal__77,Right,59,89,123,31,-37,51,superiorparietal,13950511,178,178.0
6680,,rh__superiorparietal__78,Right,81,50,123,9,-76,51,superiorparietal,5948976,150,150.0
6681,,rh__superiorparietal__79,Right,64,77,123,26,-49,51,superiorparietal,4731748,43,43.0
6682,,rh__superiorparietal__80,Right,64,84,134,26,-42,62,superiorparietal,3065716,139,139.0
6683,,rh__superiorparietal__81,Right,71,49,120,19,-77,48,superiorparietal,9002362,213,213.0
6684,,rh__superiorparietal__82,Right,56,73,120,34,-53,48,superiorparietal,14415118,493,493.0
6685,,rh__superiorparietal__83,Right,81,41,107,9,-85,35,superiorparietal,10176246,297,297.0
6686,,rh__superiorparietal__84,Right,66,73,128,24,-53,56,superiorparietal,5639156,64,64.0
6687,,rh__superiorparietal__85,Right,51,80,131,39,-46,59,superiorparietal,16509790,319,319.0
6688,,rh__superiorparietal__86,Right,79,72,131,11,-54,59,superiorparietal,16474442,117,117.0
6689,,rh__superiorparietal__87,Right,63,78,120,27,-48,48,superiorparietal,15855810,69,69.0
6690,,rh__superiorparietal__88,Right,57,49,97,33,-77,25,superiorparietal,15986749,153,153.0
6691,,rh__superiorparietal__89,Right,61,56,109,29,-70,37,superiorparietal,8462930,305,305.0
6692,,rh__superiorparietal__90,Right,69,50,112,21,-76,40,superiorparietal,8542500,186,186.0
6693,,rh__superiorparietal__91,Right,67,73,140,23,-53,68,superiorparietal,10812265,253,253.0
6694,,rh__superiorparietal__92,Right,79,40,100,11,-86,28,superiorparietal,2028576,193,193.0
6695,,rh__superiorparietal__93,Right,71,77,131,19,-49,59,superiorparietal,1480009,57,57.0
6696,,rh__superiorparietal__94,Right,63,64,111,27,-62,39,superiorparietal,3143913,136,136.0
6697,,rh__superiorparietal__95,Right,62,71,139,28,-55,67,superiorparietal,16263108,224,224.0
6698,,rh__superiorparietal__96,Right,74,55,129,16,-71,57,superiorparietal,16127518,300,300.0
6699,,rh__superiorparietal__97,Right,61,46,96,29,-80,24,superiorparietal,1777846,199,199.0
6700,,rh__superiorparietal__98,Right,53,85,136,37,-41,64,superiorparietal,13053875,215,215.0
6701,,rh__superiorparietal__99,Right,65,68,131,25,-58,59,superiorparietal,9552402,150,150.0
6702,,rh__superiorparietal__100,Right,62,64,108,28,-62,36,superiorparietal,10340476,111,111.0
6703,,rh__superiorparietal__101,Right,58,91,120,32,-35,48,superiorparietal,748175,60,60.0
6704,,rh__superiorparietal__102,Right,63,67,120,27,-59,48,superiorparietal,9418481,97,97.0
6705,,rh__superiorparietal__103,Right,79,37,99,11,-89,27,superiorparietal,4904930,186,186.0
6706,,rh__superiorparietal__104,Right,80,52,127,10,-74,55,superiorparietal,13995968,197,197.0
6707,,rh__superiorparietal__105,Right,62,43,101,28,-83,29,superiorparietal,14553142,201,201.0
6708,,rh__superiorparietal__106,Right,72,64,134,18,-62,62,superiorparietal,15498279,112,112.0
6709,,rh__superiorparietal__107,Right,67,84,138,23,-42,66,superiorparietal,312025,324,324.0
6710,,rh__superiorparietal__108,Right,74,73,134,16,-53,62,superiorparietal,14597031,87,87.0
6711,,rh__superiorparietal__109,Right,66,70,134,24,-56,62,superiorparietal,4341088,117,117.0
6712,,rh__superiorparietal__110,Right,50,88,127,40,-38,55,superiorparietal,14023769,267,267.0
6713,,rh__superiorparietal__111,Right,64,42,113,26,-84,41,superiorparietal,12031599,215,215.0
6714,,rh__superiorparietal__112,Right,62,69,129,28,-57,57,superiorparietal,2954988,193,193.0
6715,,rh__superiorparietal__113,Right,60,62,106,30,-64,34,superiorparietal,295239,151,151.0
6716,,rh__superiorparietal__114,Right,63,61,128,27,-65,56,superiorparietal,2983569,191,191.0
6717,,rh__superiorparietal__115,Right,74,64,139,16,-62,67,superiorparietal,13524050,206,206.0
6718,,rh__superiorparietal__116,Right,60,65,125,30,-61,53,superiorparietal,1821712,146,146.0
6719,,rh__superiorparietal__117,Right,65,85,130,25,-41,58,superiorparietal,15451119,58,58.0
6720,,rh__superiorparietal__118,Right,70,64,120,20,-62,48,superiorparietal,5422456,77,77.0
6721,,rh__superiorparietal__119,Right,61,83,114,29,-43,42,superiorparietal,13639410,81,81.0
6722,,rh__superiorparietal__120,Right,66,53,122,24,-73,50,superiorparietal,2918979,250,250.0
6723,,rh__superiorparietal__121,Right,58,87,131,32,-39,59,superiorparietal,5953371,211,211.0
6724,,rh__superiorparietal__122,Right,58,66,128,32,-60,56,superiorparietal,6571130,218,218.0
6725,,rh__superiorparietal__123,Right,71,79,142,19,-47,70,superiorparietal,765852,290,290.0
6726,,rh__superiorparietal__124,Right,74,61,122,16,-65,50,superiorparietal,11877055,88,88.0
6727,,rh__superiorparietal__125,Right,52,90,122,38,-36,50,superiorparietal,13857759,272,272.0
6728,,rh__superiorparietal__126,Right,71,38,104,19,-88,32,superiorparietal,2350894,188,188.0
6729,,rh__superiorparietal__127,Right,77,49,117,13,-77,45,superiorparietal,3588019,251,251.0
6730,,rh__superiorparietal__128,Right,59,80,140,31,-46,68,superiorparietal,7996568,277,277.0
6731,,rh__superiorparietal__129,Right,59,71,127,31,-55,55,superiorparietal,376081,209,209.0
6732,,rh__superiorparietal__130,Right,68,58,128,22,-68,56,superiorparietal,4822943,283,283.0
6733,,rh__superiorparietal__131,Right,73,60,125,17,-66,53,superiorparietal,7527251,127,127.0
6734,,rh__superiorparietal__132,Right,73,52,115,17,-74,43,superiorparietal,16160908,206,206.0
6735,,rh__superiorparietal__133,Right,77,69,137,13,-57,65,superiorparietal,2742523,224,224.0
6736,,rh__superiorparietal__134,Right,61,64,129,29,-62,57,superiorparietal,11987505,140,140.0
6737,,rh__superiorparietal__135,Right,63,87,130,27,-39,58,superiorparietal,7517149,94,94.0
6738,,rh__superiorparietal__136,Right,65,76,126,25,-50,54,superiorparietal,10628545,50,50.0
6739,,rh__superiorparietal__137,Right,55,69,120,35,-57,48,superiorparietal,5727428,330,330.0
6740,,rh__superiorparietal__138,Right,70,66,136,20,-60,64,superiorparietal,13065642,167,167.0
6741,,rh__superiorparietal__139,Right,54,82,139,36,-44,67,superiorparietal,15367617,216,216.0
6742,,rh__superiorparietal__140,Right,66,68,118,24,-58,46,superiorparietal,12382503,128,128.0
6743,,rh__superiorparietal__141,Right,66,45,118,24,-81,46,superiorparietal,1207581,243,243.0
6744,,rh__superiorparietal__142,Right,65,43,94,25,-83,22,superiorparietal,16032924,171,171.0
6745,,rh__superiorparietal__143,Right,68,80,130,22,-46,58,superiorparietal,9435662,40,40.0
6746,,rh__superiorparietal__144,Right,69,63,124,21,-63,52,superiorparietal,3517346,127,127.0
6747,,rh__superiorparietal__145,Right,73,67,141,17,-59,69,superiorparietal,9114767,191,191.0
6748,,rh__superiorparietal__146,Right,58,75,125,32,-51,53,superiorparietal,5027911,222,222.0
6749,,rh__superiorparietal__147,Right,66,49,120,24,-77,48,superiorparietal,13015068,147,147.0
6750,,rh__superiorparietal__148,Right,50,86,133,40,-40,61,superiorparietal,10771795,195,195.0
6751,,rh__superiorparietal__149,Right,50,83,128,40,-43,56,superiorparietal,16236971,253,253.0
6752,,rh__superiorparietal__150,Right,70,61,133,20,-65,61,superiorparietal,2731983,216,216.0
6753,,rh__superiorparietal__151,Right,79,74,137,11,-52,65,superiorparietal,2587578,226,226.0
6754,,rh__superiorparietal__152,Right,66,42,96,24,-84,24,superiorparietal,5074717,136,136.0
6755,,rh__superiorparietal__153,Right,66,55,115,24,-71,43,superiorparietal,14957119,165,165.0
6756,,rh__superiorparietal__154,Right,56,65,122,34,-61,50,superiorparietal,13991730,220,220.0
6757,,rh__superiorparietal__155,Right,70,57,132,20,-69,60,superiorparietal,12832887,235,235.0
6758,,rh__superiorparietal__156,Right,56,87,128,34,-39,56,superiorparietal,9704636,199,199.0
6759,,rh__superiorparietal__157,Right,80,34,94,10,-92,22,superiorparietal,7730896,125,125.0
6760,,rh__superiorparietal__158,Right,83,39,97,7,-87,25,superiorparietal,3411560,162,162.0
6761,,rh__superiorparietal__159,Right,70,68,131,20,-58,59,superiorparietal,7259593,58,58.0
6762,,rh__superiorparietal__160,Right,74,76,135,16,-50,63,superiorparietal,2839983,155,155.0
6763,,rh__superiorparietal__161,Right,68,83,133,22,-43,61,superiorparietal,11411198,50,50.0
6764,,rh__superiorparietal__162,Right,60,81,112,30,-45,40,superiorparietal,14958719,87,87.0
6765,,rh__superiorparietal__163,Right,71,43,115,19,-83,43,superiorparietal,7406183,305,305.0
6766,,rh__superiorparietal__164,Right,56,78,127,34,-48,55,superiorparietal,14518188,177,177.0
6767,,rh__superiorparietal__165,Right,61,48,92,29,-78,20,superiorparietal,8257009,109,109.0
6768,,rh__superiorparietal__166,Right,59,77,129,31,-49,57,superiorparietal,14528391,151,151.0
6769,,rh__superiorparietal__167,Right,71,52,123,19,-74,51,superiorparietal,15859113,428,428.0
6770,,rh__superiorparietal__168,Right,67,64,133,23,-62,61,superiorparietal,2232147,187,187.0
6771,,rh__superiorparietal__169,Right,63,72,133,27,-54,61,superiorparietal,11894113,181,181.0
6772,,rh__superiorparietal__170,Right,79,64,136,11,-62,64,superiorparietal,8390282,258,258.0
6773,,rh__superiorparietal__171,Right,76,56,133,14,-70,61,superiorparietal,15590894,249,249.0
6774,,rh__superiorparietal__172,Right,62,80,122,28,-46,50,superiorparietal,2480711,69,69.0
6775,,rh__superiorparietal__173,Right,70,58,122,20,-68,50,superiorparietal,8531062,226,226.0
6776,,rh__superiorparietal__174,Right,60,84,138,30,-42,66,superiorparietal,8581016,244,244.0
6777,,rh__superiorparietal__175,Right,58,74,138,32,-52,66,superiorparietal,16559882,265,265.0
6778,,rh__superiorparietal__176,Right,72,70,139,18,-56,67,superiorparietal,3471348,248,248.0
6779,,rh__superiorparietal__177,Right,51,84,123,39,-42,51,superiorparietal,10675573,300,300.0
6780,,rh__superiorparietal__178,Right,63,77,140,27,-49,68,superiorparietal,15614341,265,265.0
6781,,rh__superiorparietal__179,Right,68,40,100,22,-86,28,superiorparietal,5170966,177,177.0
6782,,rh__superiorparietal__180,Right,62,80,116,28,-46,44,superiorparietal,13139055,89,89.0
6783,,rh__superiorparietal__181,Right,65,60,132,25,-66,60,superiorparietal,7464557,197,197.0
6784,,rh__superiorparietal__182,Right,76,74,142,14,-52,70,superiorparietal,4950646,239,239.0
6785,,rh__superiorparietal__183,Right,76,76,145,14,-50,73,superiorparietal,530927,174,174.0
6786,,rh__superiorparietal__184,Right,62,48,112,28,-78,40,superiorparietal,7607441,107,107.0
6787,,rh__superiorparietal__185,Right,60,48,110,30,-78,38,superiorparietal,10714698,204,204.0
6788,,rh__superiorparietal__186,Right,73,81,148,17,-45,76,superiorparietal,12212487,96,96.0
6789,,rh__superiorparietal__187,Right,74,79,147,16,-47,75,superiorparietal,11510928,135,135.0
6790,,rh__superiorparietal__188,Right,61,45,109,29,-81,37,superiorparietal,14612425,140,140.0
6791,,rh__superiorparietal__189,Right,60,45,105,30,-81,33,superiorparietal,2823151,177,177.0
6792,,rh__superiorparietal__190,Right,63,52,113,27,-74,41,superiorparietal,10561353,151,151.0
6793,,rh__superiorparietal__191,Right,64,50,116,26,-76,44,superiorparietal,335347,149,149.0
6794,,rh__superiorparietal__192,Right,71,39,110,19,-87,38,superiorparietal,1185289,167,167.0
6795,,rh__superiorparietal__193,Right,71,40,113,19,-86,41,superiorparietal,12802779,168,168.0
6796,,rh__superiorparietal__194,Right,59,51,104,31,-75,32,superiorparietal,15186347,128,128.0
6797,,rh__superiorparietal__195,Right,60,53,106,30,-73,34,superiorparietal,1226391,167,167.0
6798,,rh__superiorparietal__196,Right,58,48,102,32,-78,30,superiorparietal,9143989,207,207.0
6799,,rh__superiorparietal__197,Right,59,48,99,31,-78,27,superiorparietal,16212288,178,178.0
6800,,rh__superiorparietal__198,Right,58,87,136,32,-39,64,superiorparietal,9290744,140,140.0
6801,,rh__superiorparietal__199,Right,62,87,135,28,-39,63,superiorparietal,8617953,96,96.0
6802,,rh__superiorparietal__200,Right,76,37,106,14,-89,34,superiorparietal,14063230,163,163.0
6803,,rh__superiorparietal__201,Right,76,39,110,14,-87,38,superiorparietal,5740741,231,231.0
6804,,rh__superiorparietal__202,Right,64,41,107,26,-85,35,superiorparietal,5817836,112,112.0
6805,,rh__superiorparietal__203,Right,68,40,106,22,-86,34,superiorparietal,16574471,104,104.0
6806,,rh__superiortemporal__1,Right,38,116,63,52,-10,-9,superiortemporal,4577774,89,89.0
6807,,rh__superiortemporal__2,Right,51,132,51,39,6,-21,superiortemporal,6984232,77,77.0
6808,,rh__superiortemporal__3,Right,24,94,92,66,-32,20,superiortemporal,9343520,113,113.0
6809,,rh__superiortemporal__4,Right,37,100,73,53,-26,1,superiortemporal,12454806,93,93.0
6810,,rh__superiortemporal__5,Right,47,121,57,43,-5,-15,superiortemporal,11137137,67,67.0
6811,,rh__superiortemporal__6,Right,48,110,67,42,-16,-5,superiortemporal,6486122,45,45.0
6812,,rh__superiortemporal__7,Right,45,93,89,45,-33,17,superiortemporal,9908666,61,61.0
6813,,rh__superiortemporal__8,Right,43,130,49,47,4,-23,superiortemporal,13366399,95,95.0
6814,,rh__superiortemporal__9,Right,23,99,83,67,-27,11,superiortemporal,4411634,162,162.0
6815,,rh__superiortemporal__10,Right,49,105,72,41,-21,0,superiortemporal,16016971,85,85.0
6816,,rh__superiortemporal__11,Right,44,99,82,46,-27,10,superiortemporal,13166963,54,54.0
6817,,rh__superiortemporal__12,Right,24,110,80,66,-16,8,superiortemporal,13209590,197,197.0
6818,,rh__superiortemporal__13,Right,44,133,48,46,7,-24,superiortemporal,10312675,52,52.0
6819,,rh__superiortemporal__14,Right,40,93,92,50,-33,20,superiortemporal,3024108,78,78.0
6820,,rh__superiortemporal__15,Right,26,86,85,64,-40,13,superiortemporal,10296420,89,89.0
6821,,rh__superiortemporal__16,Right,47,117,60,43,-9,-12,superiortemporal,362668,62,62.0
6822,,rh__superiortemporal__17,Right,43,113,61,47,-13,-11,superiortemporal,6029601,103,103.0
6823,,rh__superiortemporal__18,Right,30,115,75,60,-11,3,superiortemporal,14690089,125,125.0
6824,,rh__superiortemporal__19,Right,36,138,63,54,12,-9,superiortemporal,6008412,268,268.0
6825,,rh__superiortemporal__20,Right,47,136,51,43,10,-21,superiortemporal,11871732,110,110.0
6826,,rh__superiortemporal__21,Right,49,146,39,41,20,-33,superiortemporal,2377060,177,177.0
6827,,rh__superiortemporal__22,Right,51,94,86,39,-32,14,superiortemporal,10010189,34,34.0
6828,,rh__superiortemporal__23,Right,33,111,78,57,-15,6,superiortemporal,1392060,92,92.0
6829,,rh__superiortemporal__24,Right,24,92,88,66,-34,16,superiortemporal,10331791,188,188.0
6830,,rh__superiortemporal__25,Right,48,112,65,42,-14,-7,superiortemporal,14034962,53,53.0
6831,,rh__superiortemporal__26,Right,44,99,72,46,-27,0,superiortemporal,1447636,88,88.0
6832,,rh__superiortemporal__27,Right,28,86,93,62,-40,21,superiortemporal,764996,69,69.0
6833,,rh__superiortemporal__28,Right,38,121,59,52,-5,-13,superiortemporal,5330319,113,113.0
6834,,rh__superiortemporal__29,Right,32,95,90,58,-31,18,superiortemporal,11972544,111,111.0
6835,,rh__superiortemporal__30,Right,43,144,46,47,18,-26,superiortemporal,5073229,162,162.0
6836,,rh__superiortemporal__31,Right,49,107,70,41,-19,-2,superiortemporal,14614990,44,44.0
6837,,rh__superiortemporal__32,Right,28,86,87,62,-40,15,superiortemporal,3782574,89,89.0
6838,,rh__superiortemporal__33,Right,49,131,51,41,5,-21,superiortemporal,10424929,81,81.0
6839,,rh__superiortemporal__34,Right,45,96,84,45,-30,12,superiortemporal,10982077,66,66.0
6840,,rh__superiortemporal__35,Right,36,114,67,54,-12,-5,superiortemporal,13164272,94,94.0
6841,,rh__superiortemporal__36,Right,24,90,82,66,-36,10,superiortemporal,12383458,110,110.0
6842,,rh__superiortemporal__37,Right,33,100,73,57,-26,1,superiortemporal,11398394,117,117.0
6843,,rh__superiortemporal__38,Right,24,101,83,66,-25,11,superiortemporal,11047634,161,161.0
6844,,rh__superiortemporal__39,Right,45,130,55,45,4,-17,superiortemporal,7888753,113,113.0
6845,,rh__superiortemporal__40,Right,43,109,63,47,-17,-9,superiortemporal,3727102,109,109.0
6846,,rh__superiortemporal__41,Right,47,120,59,43,-6,-13,superiortemporal,15060806,65,65.0
6847,,rh__superiortemporal__42,Right,27,97,92,63,-29,20,superiortemporal,5462631,61,61.0
6848,,rh__superiortemporal__43,Right,40,100,83,50,-26,11,superiortemporal,16006843,80,80.0
6849,,rh__superiortemporal__44,Right,24,102,82,66,-24,10,superiortemporal,16383396,170,170.0
6850,,rh__superiortemporal__45,Right,42,113,70,48,-13,-2,superiortemporal,9584517,73,73.0
6851,,rh__superiortemporal__46,Right,44,105,65,46,-21,-7,superiortemporal,3907275,59,59.0
6852,,rh__superiortemporal__47,Right,52,135,49,38,9,-23,superiortemporal,14751711,119,119.0
6853,,rh__superiortemporal__48,Right,48,97,84,42,-29,12,superiortemporal,12477541,61,61.0
6854,,rh__superiortemporal__49,Right,25,88,83,65,-38,11,superiortemporal,14287459,110,110.0
6855,,rh__superiortemporal__50,Right,42,93,91,48,-33,19,superiortemporal,11140169,65,65.0
6856,,rh__superiortemporal__51,Right,47,110,68,43,-16,-4,superiortemporal,6393791,74,74.0
6857,,rh__superiortemporal__52,Right,48,128,53,42,2,-19,superiortemporal,10068589,78,78.0
6858,,rh__superiortemporal__53,Right,22,102,78,68,-24,6,superiortemporal,10203112,189,189.0
6859,,rh__superiortemporal__54,Right,32,120,75,58,-6,3,superiortemporal,9867384,134,134.0
6860,,rh__superiortemporal__55,Right,50,145,48,40,19,-24,superiortemporal,5216428,256,256.0
6861,,rh__superiortemporal__56,Right,44,104,67,46,-22,-5,superiortemporal,6103479,51,51.0
6862,,rh__superiortemporal__57,Right,48,115,62,42,-11,-10,superiortemporal,11847470,49,49.0
6863,,rh__superiortemporal__58,Right,28,86,89,62,-40,17,superiortemporal,12395882,83,83.0
6864,,rh__superiortemporal__59,Right,46,132,54,44,6,-18,superiortemporal,15817403,101,101.0
6865,,rh__superiortemporal__60,Right,30,118,75,60,-8,3,superiortemporal,12879712,116,116.0
6866,,rh__superiortemporal__61,Right,32,93,93,58,-33,21,superiortemporal,9372313,95,95.0
6867,,rh__superiortemporal__62,Right,49,94,87,41,-32,15,superiortemporal,6576243,53,53.0
6868,,rh__superiortemporal__63,Right,36,107,69,54,-19,-3,superiortemporal,9914019,84,84.0
6869,,rh__superiortemporal__64,Right,35,127,71,55,1,-1,superiortemporal,8991940,169,169.0
6870,,rh__superiortemporal__65,Right,42,127,51,48,1,-21,superiortemporal,1142925,58,58.0
6871,,rh__superiortemporal__66,Right,48,93,88,42,-33,16,superiortemporal,12243933,58,58.0
6872,,rh__superiortemporal__67,Right,31,110,80,59,-16,8,superiortemporal,14268414,135,135.0
6873,,rh__superiortemporal__68,Right,48,123,56,42,-3,-16,superiortemporal,6700833,67,67.0
6874,,rh__superiortemporal__69,Right,44,135,46,46,9,-26,superiortemporal,2292007,57,57.0
6875,,rh__superiortemporal__70,Right,34,126,61,56,0,-11,superiortemporal,8306091,177,177.0
6876,,rh__superiortemporal__71,Right,23,95,76,67,-31,4,superiortemporal,6919571,122,122.0
6877,,rh__superiortemporal__72,Right,54,137,44,36,11,-28,superiortemporal,11935174,92,92.0
6878,,rh__superiortemporal__73,Right,28,98,89,62,-28,17,superiortemporal,646326,72,72.0
6879,,rh__superiortemporal__74,Right,45,109,70,45,-17,-2,superiortemporal,8868328,65,65.0
6880,,rh__superiortemporal__75,Right,44,102,69,46,-24,-3,superiortemporal,3926547,56,56.0
6881,,rh__superiortemporal__76,Right,42,124,54,48,-2,-18,superiortemporal,15225917,114,114.0
6882,,rh__superiortemporal__77,Right,23,93,78,67,-33,6,superiortemporal,7647007,122,122.0
6883,,rh__superiortemporal__78,Right,44,115,66,46,-11,-6,superiortemporal,166890,78,78.0
6884,,rh__superiortemporal__79,Right,27,112,79,63,-14,7,superiortemporal,13476633,116,116.0
6885,,rh__superiortemporal__80,Right,48,125,54,42,-1,-18,superiortemporal,4793732,68,68.0
6886,,rh__superiortemporal__81,Right,29,109,71,61,-17,-1,superiortemporal,13117870,125,125.0
6887,,rh__superiortemporal__82,Right,24,87,91,66,-39,19,superiortemporal,5255736,112,112.0
6888,,rh__superiortemporal__83,Right,36,100,83,54,-26,11,superiortemporal,531719,101,101.0
6889,,rh__superiortemporal__84,Right,48,142,41,42,16,-31,superiortemporal,6545335,124,124.0
6890,,rh__superiortemporal__85,Right,39,119,71,51,-7,-1,superiortemporal,13756218,123,123.0
6891,,rh__superiortemporal__86,Right,24,94,87,66,-32,15,superiortemporal,4366389,181,181.0
6892,,rh__superiortemporal__87,Right,41,102,81,49,-24,9,superiortemporal,10480650,51,51.0
6893,,rh__superiortemporal__88,Right,30,128,66,60,2,-6,superiortemporal,13896763,227,227.0
6894,,rh__superiortemporal__89,Right,27,99,74,63,-27,2,superiortemporal,2340197,159,159.0
6895,,rh__superiortemporal__90,Right,45,146,44,45,20,-28,superiortemporal,1839716,204,204.0
6896,,rh__superiortemporal__91,Right,39,97,73,51,-29,1,superiortemporal,9820913,87,87.0
6897,,rh__superiortemporal__92,Right,32,109,68,58,-17,-4,superiortemporal,16281654,135,135.0
6898,,rh__superiortemporal__93,Right,53,141,46,37,15,-26,superiortemporal,11095526,201,201.0
6899,,rh__superiortemporal__94,Right,34,97,86,56,-29,14,superiortemporal,8370990,68,68.0
6900,,rh__superiortemporal__95,Right,27,122,71,63,-4,-1,superiortemporal,2396777,183,183.0
6901,,rh__superiortemporal__96,Right,23,106,74,67,-20,2,superiortemporal,15393880,192,192.0
6902,,rh__superiortemporal__97,Right,24,88,89,66,-38,17,superiortemporal,1747845,110,110.0
6903,,rh__superiortemporal__98,Right,41,121,67,49,-5,-5,superiortemporal,15283306,129,129.0
6904,,rh__superiortemporal__99,Right,42,120,56,48,-6,-16,superiortemporal,6393107,55,55.0
6905,,rh__superiortemporal__100,Right,44,114,68,46,-12,-4,superiortemporal,11427159,79,79.0
6906,,rh__superiortemporal__101,Right,23,92,80,67,-34,8,superiortemporal,10045798,117,117.0
6907,,rh__superiortemporal__102,Right,29,99,84,61,-27,12,superiortemporal,7950685,120,120.0
6908,,rh__superiortemporal__103,Right,24,98,75,66,-28,3,superiortemporal,12598739,102,102.0
6909,,rh__superiortemporal__104,Right,37,139,59,53,13,-13,superiortemporal,6355388,304,304.0
6910,,rh__superiortemporal__105,Right,54,143,43,36,17,-29,superiortemporal,10348966,132,132.0
6911,,rh__superiortemporal__106,Right,29,125,66,61,-1,-6,superiortemporal,2121796,242,242.0
6912,,rh__superiortemporal__107,Right,32,113,77,58,-13,5,superiortemporal,2917234,101,101.0
6913,,rh__superiortemporal__108,Right,35,103,73,55,-23,1,superiortemporal,7934046,85,85.0
6914,,rh__superiortemporal__109,Right,22,104,77,68,-22,5,superiortemporal,6858409,188,188.0
6915,,rh__superiortemporal__110,Right,54,136,47,36,10,-25,superiortemporal,5845366,115,115.0
6916,,rh__superiortemporal__111,Right,37,119,61,53,-7,-11,superiortemporal,13315991,110,110.0
6917,,rh__superiortemporal__112,Right,41,98,84,49,-28,12,superiortemporal,3400499,84,84.0
6918,,rh__superiortemporal__113,Right,23,95,85,67,-31,13,superiortemporal,6438067,191,191.0
6919,,rh__superiortemporal__114,Right,44,128,58,46,2,-14,superiortemporal,279814,135,135.0
6920,,rh__superiortemporal__115,Right,25,117,73,65,-9,1,superiortemporal,13151408,180,180.0
6921,,rh__superiortemporal__116,Right,45,137,45,45,11,-27,superiortemporal,3952658,70,70.0
6922,,rh__superiortemporal__117,Right,37,103,82,53,-23,10,superiortemporal,12518549,100,100.0
6923,,rh__superiortemporal__118,Right,40,120,69,50,-6,-3,superiortemporal,2905045,127,127.0
6924,,rh__superiortemporal__119,Right,33,123,74,57,-3,2,superiortemporal,1665283,161,161.0
6925,,rh__superiortemporal__120,Right,37,109,67,53,-17,-5,superiortemporal,6782265,112,112.0
6926,,rh__superiortemporal__121,Right,38,126,59,52,0,-13,superiortemporal,8348418,100,100.0
6927,,rh__superiortemporal__122,Right,43,145,51,47,19,-21,superiortemporal,10250023,289,289.0
6928,,rh__superiortemporal__123,Right,35,98,84,55,-28,12,superiortemporal,15498773,100,100.0
6929,,rh__superiortemporal__124,Right,42,118,57,48,-8,-15,superiortemporal,1990584,53,53.0
6930,,rh__superiortemporal__125,Right,44,120,63,46,-6,-9,superiortemporal,3893739,119,119.0
6931,,rh__superiortemporal__126,Right,38,105,80,52,-21,8,superiortemporal,5079700,57,57.0
6932,,rh__superiortemporal__127,Right,32,103,82,58,-23,10,superiortemporal,3097458,102,102.0
6933,,rh__superiortemporal__128,Right,40,113,64,50,-13,-8,superiortemporal,16104564,82,82.0
6934,,rh__superiortemporal__129,Right,49,148,44,41,22,-28,superiortemporal,3596761,203,203.0
6935,,rh__superiortemporal__130,Right,32,132,66,58,6,-6,superiortemporal,2572707,194,194.0
6936,,rh__superiortemporal__131,Right,39,133,53,51,7,-19,superiortemporal,13383858,119,119.0
6937,,rh__superiortemporal__132,Right,27,97,91,63,-29,19,superiortemporal,10763017,68,68.0
6938,,rh__superiortemporal__133,Right,42,138,59,48,12,-13,superiortemporal,2974055,240,240.0
6939,,rh__superiortemporal__134,Right,31,96,87,59,-30,15,superiortemporal,12564896,90,90.0
6940,,rh__superiortemporal__135,Right,41,104,70,49,-22,-2,superiortemporal,9614332,76,76.0
6941,,rh__superiortemporal__136,Right,53,148,42,37,22,-30,superiortemporal,16644803,212,212.0
6942,,rh__superiortemporal__137,Right,30,101,83,60,-25,11,superiortemporal,3620010,117,117.0
6943,,rh__superiortemporal__138,Right,40,143,52,50,17,-20,superiortemporal,12661490,245,245.0
6944,,rh__superiortemporal__139,Right,26,115,77,64,-11,5,superiortemporal,3732975,128,128.0
6945,,rh__superiortemporal__140,Right,26,108,82,64,-18,10,superiortemporal,226912,182,182.0
6946,,rh__superiortemporal__141,Right,41,107,67,49,-19,-5,superiortemporal,14462333,85,85.0
6947,,rh__superiortemporal__142,Right,30,87,91,60,-39,19,superiortemporal,13804875,70,70.0
6948,,rh__superiortemporal__143,Right,39,123,58,51,-3,-14,superiortemporal,1367000,104,104.0
6949,,rh__superiortemporal__144,Right,48,145,50,42,19,-22,superiortemporal,13322909,288,288.0
6950,,rh__superiortemporal__145,Right,38,128,56,52,2,-16,superiortemporal,8923685,89,89.0
6951,,rh__superiortemporal__146,Right,34,123,62,56,-3,-10,superiortemporal,3271694,158,158.0
6952,,rh__superiortemporal__147,Right,37,95,89,53,-31,17,superiortemporal,11742472,109,109.0
6953,,rh__superiortemporal__148,Right,28,124,69,62,-2,-3,superiortemporal,9187628,208,208.0
6954,,rh__superiortemporal__149,Right,39,129,66,51,3,-6,superiortemporal,10203542,181,181.0
6955,,rh__superiortemporal__150,Right,28,105,82,62,-21,10,superiortemporal,3908959,143,143.0
6956,,rh__superiortemporal__151,Right,39,95,87,51,-31,15,superiortemporal,13546079,76,76.0
6957,,rh__superiortemporal__152,Right,37,140,56,53,14,-16,superiortemporal,10723600,221,221.0
6958,,rh__superiortemporal__153,Right,42,116,59,48,-10,-13,superiortemporal,3038873,56,56.0
6959,,rh__superiortemporal__154,Right,29,102,73,61,-24,1,superiortemporal,4470090,135,135.0
6960,,rh__superiortemporal__155,Right,24,108,72,66,-18,0,superiortemporal,8471060,145,145.0
6961,,rh__superiortemporal__156,Right,34,112,67,56,-14,-5,superiortemporal,8044885,110,110.0
6962,,rh__superiortemporal__157,Right,40,125,66,50,-1,-6,superiortemporal,5208083,136,136.0
6963,,rh__superiortemporal__158,Right,36,93,93,54,-33,21,superiortemporal,2603086,92,92.0
6964,,rh__superiortemporal__159,Right,44,125,60,46,-1,-12,superiortemporal,13528049,127,127.0
6965,,rh__superiortemporal__160,Right,40,110,66,50,-16,-6,superiortemporal,12592530,84,84.0
6966,,rh__superiortemporal__161,Right,46,140,43,44,14,-29,superiortemporal,14451177,99,99.0
6967,,rh__superiortemporal__162,Right,26,119,71,64,-7,-1,superiortemporal,10899678,192,192.0
6968,,rh__superiortemporal__163,Right,23,111,73,67,-15,1,superiortemporal,11472385,167,167.0
6969,,rh__superiortemporal__164,Right,49,137,50,41,11,-22,superiortemporal,266942,94,94.0
6970,,rh__superiortemporal__165,Right,30,119,67,60,-7,-5,superiortemporal,772176,112,112.0
6971,,rh__superiortemporal__166,Right,25,112,70,65,-14,-2,superiortemporal,7227232,178,178.0
6972,,rh__superiortemporal__167,Right,36,128,69,54,2,-3,superiortemporal,1297851,175,175.0
6973,,rh__superiortemporal__168,Right,43,123,62,47,-3,-10,superiortemporal,5692849,129,129.0
6974,,rh__superiortemporal__169,Right,39,135,51,51,9,-21,superiortemporal,15127250,107,107.0
6975,,rh__superiortemporal__170,Right,41,129,52,49,3,-20,superiortemporal,16692587,84,84.0
6976,,rh__superiortemporal__171,Right,31,115,67,59,-11,-5,superiortemporal,14302155,123,123.0
6977,,rh__superiortemporal__172,Right,35,106,72,55,-20,0,superiortemporal,3651392,91,91.0
6978,,rh__superiortemporal__173,Right,25,98,86,65,-28,14,superiortemporal,6997046,152,152.0
6979,,rh__superiortemporal__174,Right,35,117,66,55,-9,-6,superiortemporal,11022522,96,96.0
6980,,rh__superiortemporal__175,Right,32,126,72,58,0,0,superiortemporal,1745789,147,147.0
6981,,rh__superiortemporal__176,Right,34,120,66,56,-6,-6,superiortemporal,13958141,129,129.0
6982,,rh__superiortemporal__177,Right,33,106,81,57,-20,9,superiortemporal,14346012,99,99.0
6983,,rh__superiortemporal__178,Right,40,102,72,50,-24,0,superiortemporal,15704103,69,69.0
6984,,rh__superiortemporal__179,Right,36,108,80,54,-18,8,superiortemporal,11592554,95,95.0
6985,,rh__superiortemporal__180,Right,29,105,72,61,-21,0,superiortemporal,13705267,100,100.0
6986,,rh__superiortemporal__181,Right,45,116,64,45,-10,-8,superiortemporal,7163532,78,78.0
6987,,rh__superiortemporal__182,Right,28,113,68,62,-13,-4,superiortemporal,10464730,148,148.0
6988,,rh__superiortemporal__183,Right,44,95,86,46,-31,14,superiortemporal,11633583,69,69.0
6989,,rh__superiortemporal__184,Right,42,131,62,48,5,-10,superiortemporal,15190643,101,101.0
6990,,rh__superiortemporal__185,Right,42,134,61,48,8,-11,superiortemporal,9579185,110,110.0
6991,,rh__superiortemporal__186,Right,43,138,48,47,12,-24,superiortemporal,16126224,38,38.0
6992,,rh__superiortemporal__187,Right,41,141,47,49,15,-25,superiortemporal,14387720,93,93.0
6993,,rh__superiortemporal__188,Right,39,138,51,51,12,-21,superiortemporal,12352311,74,74.0
6994,,rh__superiortemporal__189,Right,41,136,49,49,10,-23,superiortemporal,1969745,62,62.0
6995,,rh__superiortemporal__190,Right,44,139,56,46,13,-16,superiortemporal,14294730,170,170.0
6996,,rh__superiortemporal__191,Right,40,143,56,50,17,-16,superiortemporal,9195415,126,126.0
6997,,rh__superiortemporal__192,Right,35,130,59,55,4,-13,superiortemporal,3307203,77,77.0
6998,,rh__superiortemporal__193,Right,33,134,60,57,8,-12,superiortemporal,14141690,129,129.0
6999,,rh__superiortemporal__194,Right,40,132,64,50,6,-8,superiortemporal,3040534,142,142.0
7000,,rh__superiortemporal__195,Right,37,135,66,53,9,-6,superiortemporal,11153306,133,133.0
7001,,rh__superiortemporal__196,Right,34,129,61,56,3,-11,superiortemporal,14267248,87,87.0
7002,,rh__superiortemporal__197,Right,32,134,64,58,8,-8,superiortemporal,5602630,139,139.0
7003,,rh__superiortemporal__198,Right,36,131,56,54,5,-16,superiortemporal,14709935,80,80.0
7004,,rh__superiortemporal__199,Right,36,133,56,54,7,-16,superiortemporal,11634397,86,86.0
7005,,rh__superiortemporal__200,Right,45,139,54,45,13,-18,superiortemporal,173506,209,209.0
7006,,rh__supramarginal__1,Right,48,96,111,42,-30,39,supramarginal,8125933,97,97.0
7007,,rh__supramarginal__2,Right,50,96,93,40,-30,21,supramarginal,9679874,58,58.0
7008,,rh__supramarginal__3,Right,26,97,108,64,-29,36,supramarginal,9035303,158,158.0
7009,,rh__supramarginal__4,Right,34,100,96,56,-26,24,supramarginal,13020743,132,132.0
7010,,rh__supramarginal__5,Right,31,82,94,59,-44,22,supramarginal,12542916,92,92.0
7011,,rh__supramarginal__6,Right,32,103,92,58,-23,20,supramarginal,15016875,138,138.0
7012,,rh__supramarginal__7,Right,50,80,117,40,-46,45,supramarginal,3044207,112,112.0
7013,,rh__supramarginal__8,Right,47,92,94,43,-34,22,supramarginal,16272753,55,55.0
7014,,rh__supramarginal__9,Right,34,82,101,56,-44,29,supramarginal,2353485,124,124.0
7015,,rh__supramarginal__10,Right,45,91,115,45,-35,43,supramarginal,7155312,123,123.0
7016,,rh__supramarginal__11,Right,32,89,111,58,-37,39,supramarginal,1811469,281,281.0
7017,,rh__supramarginal__12,Right,48,91,111,42,-35,39,supramarginal,15335734,98,98.0
7018,,rh__supramarginal__13,Right,32,105,117,58,-21,45,supramarginal,9657431,186,186.0
7019,,rh__supramarginal__14,Right,33,84,91,57,-42,19,supramarginal,14451369,65,65.0
7020,,rh__supramarginal__15,Right,24,89,94,66,-37,22,supramarginal,1156804,172,172.0
7021,,rh__supramarginal__16,Right,36,82,97,54,-44,25,supramarginal,9372154,84,84.0
7022,,rh__supramarginal__17,Right,37,108,105,53,-18,33,supramarginal,9085745,52,52.0
7023,,rh__supramarginal__18,Right,46,80,120,44,-46,48,supramarginal,12150124,177,177.0
7024,,rh__supramarginal__19,Right,29,108,96,61,-18,24,supramarginal,5527162,113,113.0
7025,,rh__supramarginal__20,Right,44,106,91,46,-20,19,supramarginal,12927949,103,103.0
7026,,rh__supramarginal__21,Right,40,107,90,50,-19,18,supramarginal,7057542,133,133.0
7027,,rh__supramarginal__22,Right,53,89,109,37,-37,37,supramarginal,13727352,74,74.0
7028,,rh__supramarginal__23,Right,30,86,95,60,-40,23,supramarginal,8761520,123,123.0
7029,,rh__supramarginal__24,Right,34,101,119,56,-25,47,supramarginal,1419926,204,204.0
7030,,rh__supramarginal__25,Right,48,105,92,42,-21,20,supramarginal,13924556,94,94.0
7031,,rh__supramarginal__26,Right,32,95,109,58,-31,37,supramarginal,1599483,73,73.0
7032,,rh__supramarginal__27,Right,33,84,92,57,-42,20,supramarginal,5542120,80,80.0
7033,,rh__supramarginal__28,Right,32,110,101,58,-16,29,supramarginal,9496275,101,101.0
7034,,rh__supramarginal__29,Right,50,78,120,40,-48,48,supramarginal,2703454,111,111.0
7035,,rh__supramarginal__30,Right,44,96,112,46,-30,40,supramarginal,421676,102,102.0
7036,,rh__supramarginal__31,Right,40,93,97,50,-33,25,supramarginal,14818694,105,105.0
7037,,rh__supramarginal__32,Right,37,85,123,53,-41,51,supramarginal,14122375,249,249.0
7038,,rh__supramarginal__33,Right,27,108,108,63,-18,36,supramarginal,5511974,185,185.0
7039,,rh__supramarginal__34,Right,37,95,124,53,-31,52,supramarginal,12479308,191,191.0
7040,,rh__supramarginal__35,Right,27,104,93,63,-22,21,supramarginal,8508637,105,105.0
7041,,rh__supramarginal__36,Right,24,105,103,66,-21,31,supramarginal,591681,159,159.0
7042,,rh__supramarginal__37,Right,36,92,97,54,-34,25,supramarginal,7574827,131,131.0
7043,,rh__supramarginal__38,Right,43,81,122,47,-45,50,supramarginal,724493,144,144.0
7044,,rh__supramarginal__39,Right,32,111,98,58,-15,26,supramarginal,6275808,57,57.0
7045,,rh__supramarginal__40,Right,27,95,100,63,-31,28,supramarginal,7420208,156,156.0
7046,,rh__supramarginal__41,Right,53,96,111,37,-30,39,supramarginal,5510665,72,72.0
7047,,rh__supramarginal__42,Right,39,100,113,51,-26,41,supramarginal,3148344,120,120.0
7048,,rh__supramarginal__43,Right,26,91,108,64,-35,36,supramarginal,10209815,197,197.0
7049,,rh__supramarginal__44,Right,53,93,111,37,-33,39,supramarginal,12302233,88,88.0
7050,,rh__supramarginal__45,Right,39,100,96,51,-26,24,supramarginal,8843749,117,117.0
7051,,rh__supramarginal__46,Right,31,94,96,59,-32,24,supramarginal,10259284,145,145.0
7052,,rh__supramarginal__47,Right,52,93,91,38,-33,19,supramarginal,11906221,58,58.0
7053,,rh__supramarginal__48,Right,42,98,111,48,-28,39,supramarginal,3825535,93,93.0
7054,,rh__supramarginal__49,Right,33,82,106,57,-44,34,supramarginal,14744758,237,237.0
7055,,rh__supramarginal__50,Right,51,102,93,39,-24,21,supramarginal,14527361,80,80.0
7056,,rh__supramarginal__51,Right,38,106,107,52,-20,35,supramarginal,642910,63,63.0
7057,,rh__supramarginal__52,Right,24,91,99,66,-35,27,supramarginal,3566326,146,146.0
7058,,rh__supramarginal__53,Right,38,80,122,52,-46,50,supramarginal,8522195,123,123.0
7059,,rh__supramarginal__54,Right,25,86,97,65,-40,25,supramarginal,9674121,171,171.0
7060,,rh__supramarginal__55,Right,37,102,113,53,-24,41,supramarginal,13442308,141,141.0
7061,,rh__supramarginal__56,Right,39,100,93,51,-26,21,supramarginal,5722138,145,145.0
7062,,rh__supramarginal__57,Right,37,82,121,53,-44,49,supramarginal,4417459,120,120.0
7063,,rh__supramarginal__58,Right,32,85,93,58,-41,21,supramarginal,16208740,75,75.0
7064,,rh__supramarginal__59,Right,43,99,92,47,-27,20,supramarginal,13106590,125,125.0
7065,,rh__supramarginal__60,Right,34,97,108,56,-29,36,supramarginal,9996342,71,71.0
7066,,rh__supramarginal__61,Right,38,82,106,52,-44,34,supramarginal,4557024,60,60.0
7067,,rh__supramarginal__62,Right,44,103,109,46,-23,37,supramarginal,8330301,57,57.0
7068,,rh__supramarginal__63,Right,33,87,119,57,-39,47,supramarginal,6254085,247,247.0
7069,,rh__supramarginal__64,Right,31,93,120,59,-33,48,supramarginal,872309,347,347.0
7070,,rh__supramarginal__65,Right,35,111,104,55,-15,32,supramarginal,11798992,97,97.0
7071,,rh__supramarginal__66,Right,35,81,110,55,-45,38,supramarginal,7637814,204,204.0
7072,,rh__supramarginal__67,Right,41,103,109,49,-23,37,supramarginal,12056033,75,75.0
7073,,rh__supramarginal__68,Right,28,102,96,62,-24,24,supramarginal,9365231,96,96.0
7074,,rh__supramarginal__69,Right,45,85,113,45,-41,41,supramarginal,9049646,161,161.0
7075,,rh__supramarginal__70,Right,49,88,109,41,-38,37,supramarginal,10681776,93,93.0
7076,,rh__supramarginal__71,Right,40,105,108,50,-21,36,supramarginal,1943694,57,57.0
7077,,rh__supramarginal__72,Right,31,85,98,59,-41,26,supramarginal,10839293,171,171.0
7078,,rh__supramarginal__73,Right,27,103,94,63,-23,22,supramarginal,15410300,82,82.0
7079,,rh__supramarginal__74,Right,39,88,125,51,-38,53,supramarginal,7908951,338,338.0
7080,,rh__supramarginal__75,Right,44,93,96,46,-33,24,supramarginal,14248172,80,80.0
7081,,rh__supramarginal__76,Right,50,95,112,40,-31,40,supramarginal,10187928,146,146.0
7082,,rh__supramarginal__77,Right,35,90,123,55,-36,51,supramarginal,8926080,259,259.0
7083,,rh__supramarginal__78,Right,23,94,97,67,-32,25,supramarginal,1937364,106,106.0
7084,,rh__supramarginal__79,Right,42,102,89,48,-24,17,supramarginal,5618098,162,162.0
7085,,rh__supramarginal__80,Right,35,83,98,55,-43,26,supramarginal,8318175,93,93.0
7086,,rh__supramarginal__81,Right,49,84,111,41,-42,39,supramarginal,1623672,122,122.0
7087,,rh__supramarginal__82,Right,34,100,99,56,-26,27,supramarginal,7504004,119,119.0
7088,,rh__supramarginal__83,Right,25,103,108,65,-23,36,supramarginal,7590816,173,173.0
7089,,rh__supramarginal__84,Right,34,80,117,56,-46,45,supramarginal,2800207,265,265.0
7090,,rh__supramarginal__85,Right,46,101,109,44,-25,37,supramarginal,16172894,48,48.0
7091,,rh__supramarginal__86,Right,29,94,99,61,-32,27,supramarginal,9279038,200,200.0
7092,,rh__supramarginal__87,Right,41,85,117,49,-41,45,supramarginal,6000144,127,127.0
7093,,rh__supramarginal__88,Right,49,99,91,41,-27,19,supramarginal,582036,144,144.0
7094,,rh__supramarginal__89,Right,28,107,113,62,-19,41,supramarginal,16609430,177,177.0
7095,,rh__supramarginal__90,Right,28,101,118,62,-25,46,supramarginal,12227906,225,225.0
7096,,rh__supramarginal__91,Right,27,87,102,63,-39,30,supramarginal,7965195,224,224.0
7097,,rh__supramarginal__92,Right,29,82,102,61,-44,30,supramarginal,10278029,201,201.0
7098,,rh__supramarginal__93,Right,37,103,90,53,-23,18,supramarginal,10800061,149,149.0
7099,,rh__supramarginal__94,Right,41,95,118,49,-31,46,supramarginal,1511339,181,181.0
7100,,rh__supramarginal__95,Right,34,93,103,56,-33,31,supramarginal,6273820,124,124.0
7101,,rh__supramarginal__96,Right,50,92,92,40,-34,20,supramarginal,3526658,50,50.0
7102,,rh__supramarginal__97,Right,45,88,112,45,-38,40,supramarginal,8905853,122,122.0
7103,,rh__supramarginal__98,Right,54,83,110,36,-43,38,supramarginal,6306594,112,112.0
7104,,rh__supramarginal__99,Right,35,85,96,55,-41,24,supramarginal,12772341,120,120.0
7105,,rh__supramarginal__100,Right,32,106,109,58,-20,37,supramarginal,5519349,172,172.0
7106,,rh__supramarginal__101,Right,46,102,91,44,-24,19,supramarginal,10381498,160,160.0
7107,,rh__supramarginal__102,Right,35,104,111,55,-22,39,supramarginal,16139271,120,120.0
7108,,rh__supramarginal__103,Right,28,107,98,62,-19,26,supramarginal,8332234,121,121.0
7109,,rh__supramarginal__104,Right,28,83,106,62,-43,34,supramarginal,3610585,275,275.0
7110,,rh__supramarginal__105,Right,31,81,112,59,-45,40,supramarginal,423119,284,284.0
7111,,rh__supramarginal__106,Right,38,97,118,52,-29,46,supramarginal,12449619,222,222.0
7112,,rh__supramarginal__107,Right,25,105,99,65,-21,27,supramarginal,908636,187,187.0
7113,,rh__supramarginal__108,Right,26,84,99,64,-42,27,supramarginal,3565353,170,170.0
7114,,rh__supramarginal__109,Right,29,101,99,61,-25,27,supramarginal,9309766,139,139.0
7115,,rh__supramarginal__110,Right,41,92,124,49,-34,52,supramarginal,15920913,228,228.0
7116,,rh__supramarginal__111,Right,28,89,106,62,-37,34,supramarginal,9535288,239,239.0
7117,,rh__supramarginal__112,Right,29,95,104,61,-31,32,supramarginal,1880361,168,168.0
7118,,rh__supramarginal__113,Right,34,95,106,56,-31,34,supramarginal,4263056,55,55.0
7119,,rh__supramarginal__114,Right,27,102,103,63,-24,31,supramarginal,3738229,182,182.0
7120,,rh__supramarginal__115,Right,43,90,120,47,-36,48,supramarginal,15319211,164,164.0
7121,,rh__supramarginal__116,Right,48,99,109,42,-27,37,supramarginal,5192266,48,48.0
7122,,rh__supramarginal__117,Right,48,95,96,42,-31,24,supramarginal,13763324,67,67.0
7123,,rh__supramarginal__118,Right,32,91,114,58,-35,42,supramarginal,14017944,304,304.0
7124,,rh__supramarginal__119,Right,29,98,112,61,-28,40,supramarginal,3253285,142,142.0
7125,,rh__supramarginal__120,Right,28,97,116,62,-29,44,supramarginal,7051529,249,249.0
7126,,rh__supramarginal__121,Right,31,105,89,59,-21,17,supramarginal,12855974,129,129.0
7127,,rh__supramarginal__122,Right,23,93,102,67,-33,30,supramarginal,7767903,115,115.0
7128,,rh__supramarginal__123,Right,29,109,103,61,-17,31,supramarginal,14459586,282,282.0
7129,,rh__supramarginal__124,Right,33,98,123,57,-28,51,supramarginal,14796500,214,214.0
7130,,rh__supramarginal__125,Right,47,97,93,43,-29,21,supramarginal,3827635,88,88.0
7131,,rh__supramarginal__126,Right,53,91,110,37,-35,38,supramarginal,1513829,66,66.0
7132,,rh__supramarginal__127,Right,24,95,105,66,-31,33,supramarginal,1143987,109,109.0
7133,,rh__supramarginal__128,Right,43,99,96,47,-27,24,supramarginal,10835087,96,96.0
7134,,rh__supramarginal__129,Right,42,88,118,48,-38,46,supramarginal,14248563,175,175.0
7135,,rh__supramarginal__130,Right,42,83,121,48,-43,49,supramarginal,1437532,113,113.0
7136,,rh__supramarginal__131,Right,27,93,112,63,-33,40,supramarginal,10845533,219,219.0
7137,,rh__supramarginal__132,Right,30,100,110,60,-26,38,supramarginal,10611417,110,110.0
7138,,rh__supramarginal__133,Right,45,97,98,45,-29,26,supramarginal,7146417,60,60.0
7139,,rh__supramarginal__134,Right,53,86,108,37,-40,36,supramarginal,8298854,91,91.0
7140,,rh__supramarginal__135,Right,36,107,88,54,-19,16,supramarginal,10192637,183,183.0
7141,,rh__supramarginal__136,Right,45,83,117,45,-43,45,supramarginal,11015473,142,142.0
7142,,rh__supramarginal__137,Right,32,83,119,58,-43,47,supramarginal,9679115,269,269.0
7143,,rh__supramarginal__138,Right,46,94,118,44,-32,46,supramarginal,14398282,181,181.0
7144,,rh__supramarginal__139,Right,36,82,103,54,-44,31,supramarginal,792840,96,96.0
7145,,rh__supramarginal__140,Right,30,85,112,60,-41,40,supramarginal,10868648,332,332.0
7146,,rh__supramarginal__141,Right,27,102,113,63,-24,41,supramarginal,3895645,196,196.0
7147,,rh__supramarginal__142,Right,31,109,107,59,-17,35,supramarginal,2591264,137,137.0
7148,,rh__supramarginal__143,Right,34,102,94,56,-24,22,supramarginal,8061682,170,170.0
7149,,rh__supramarginal__144,Right,53,98,93,37,-28,21,supramarginal,9795947,79,79.0
7150,,rh__supramarginal__145,Right,35,98,104,55,-28,32,supramarginal,1972580,45,45.0
7151,,rh__supramarginal__146,Right,37,96,106,53,-30,34,supramarginal,14089423,62,62.0
7152,,rh__supramarginal__147,Right,40,99,99,50,-27,27,supramarginal,12789711,39,39.0
7153,,rh__supramarginal__148,Right,41,99,100,49,-27,28,supramarginal,14420528,34,34.0
7154,,rh__supramarginal__149,Right,40,98,101,50,-28,29,supramarginal,7625965,33,33.0
7155,,rh__supramarginal__150,Right,39,97,103,51,-29,31,supramarginal,498933,33,33.0
7156,,rh__supramarginal__151,Right,39,94,104,51,-32,32,supramarginal,9204127,31,31.0
7157,,rh__supramarginal__152,Right,37,99,101,53,-27,29,supramarginal,4797753,42,42.0
7158,,rh__supramarginal__153,Right,36,99,100,54,-27,28,supramarginal,1854227,48,48.0
7159,,rh__supramarginal__154,Right,43,96,101,47,-30,29,supramarginal,14069182,40,40.0
7160,,rh__supramarginal__155,Right,30,101,106,60,-25,34,supramarginal,5208128,81,81.0
7161,,rh__supramarginal__156,Right,31,99,105,59,-27,33,supramarginal,5883238,57,57.0
7162,,rh__supramarginal__157,Right,32,100,101,58,-26,29,supramarginal,6121399,62,62.0
7163,,rh__supramarginal__158,Right,33,99,103,57,-27,31,supramarginal,10720140,57,57.0
7164,,rh__supramarginal__159,Right,35,92,101,55,-34,29,supramarginal,2199586,69,69.0
7165,,rh__supramarginal__160,Right,37,92,100,53,-34,28,supramarginal,8464534,68,68.0
7166,,rh__supramarginal__161,Right,40,94,102,50,-32,30,supramarginal,11589076,34,34.0
7167,,rh__supramarginal__162,Right,42,93,100,48,-33,28,supramarginal,5170997,82,82.0
7168,,rh__supramarginal__163,Right,26,97,95,64,-29,23,supramarginal,7814857,64,64.0
7169,,rh__supramarginal__164,Right,24,95,94,66,-31,22,supramarginal,10663541,51,51.0
7170,,rh__frontalpole__1,Right,78,194,66,12,68,-6,frontalpole,13766682,166,166.0
7171,,rh__frontalpole__2,Right,81,189,59,9,63,-13,frontalpole,10669384,92,92.0
7172,,rh__frontalpole__3,Right,85,191,69,5,65,-3,frontalpole,5760191,188,188.0
7173,,rh__frontalpole__4,Right,79,192,63,11,66,-9,frontalpole,5641688,150,150.0
7174,,rh__frontalpole__5,Right,86,190,58,4,64,-14,frontalpole,14255581,169,169.0
7175,,rh__frontalpole__6,Right,80,191,61,10,65,-11,frontalpole,12291124,94,94.0
7176,,rh__frontalpole__7,Right,82,194,70,8,68,-2,frontalpole,456735,140,140.0
7177,,rh__frontalpole__8,Right,82,189,56,8,63,-16,frontalpole,12749554,140,140.0
7178,,rh__frontalpole__9,Right,85,192,65,5,66,-7,frontalpole,10490740,154,154.0
7179,,rh__frontalpole__10,Right,85,191,62,5,65,-10,frontalpole,8278995,160,160.0
7180,,rh__temporalpole__1,Right,64,133,42,26,7,-30,temporalpole,14954127,130,130.0
7181,,rh__temporalpole__2,Right,66,133,38,24,7,-34,temporalpole,15471096,160,160.0
7182,,rh__temporalpole__3,Right,55,147,33,35,21,-39,temporalpole,1709979,226,226.0
7183,,rh__temporalpole__4,Right,64,137,29,26,11,-43,temporalpole,746392,189,189.0
7184,,rh__temporalpole__5,Right,64,139,41,26,13,-31,temporalpole,3394656,213,213.0
7185,,rh__temporalpole__6,Right,56,136,43,34,10,-29,temporalpole,3561508,73,73.0
7186,,rh__temporalpole__7,Right,60,136,31,30,10,-41,temporalpole,13070009,83,83.0
7187,,rh__temporalpole__8,Right,53,149,37,37,23,-35,temporalpole,9325832,199,199.0
7188,,rh__temporalpole__9,Right,64,143,36,26,17,-36,temporalpole,10483615,206,206.0
7189,,rh__temporalpole__10,Right,62,133,44,28,7,-28,temporalpole,15523464,118,118.0
7190,,rh__temporalpole__11,Right,60,145,32,30,19,-40,temporalpole,13598693,211,211.0
7191,,rh__temporalpole__12,Right,68,135,31,22,9,-41,temporalpole,13114480,180,180.0
7192,,rh__temporalpole__13,Right,60,145,39,30,19,-33,temporalpole,4468321,227,227.0
7193,,rh__temporalpole__14,Right,61,140,32,29,14,-40,temporalpole,9477057,114,114.0
7194,,rh__temporalpole__15,Right,57,135,42,33,9,-30,temporalpole,14394370,73,73.0
7195,,rh__temporalpole__16,Right,56,142,31,34,16,-41,temporalpole,3405219,198,198.0
7196,,rh__temporalpole__17,Right,56,141,41,34,15,-31,temporalpole,8311801,114,114.0
7197,,rh__temporalpole__18,Right,66,140,32,24,14,-40,temporalpole,16551796,204,204.0
7198,,rh__temporalpole__19,Right,60,140,42,30,14,-30,temporalpole,295290,182,182.0
7199,,rh__temporalpole__20,Right,60,137,36,30,11,-36,temporalpole,9646694,74,74.0
7200,,rh__temporalpole__21,Right,56,147,40,34,21,-32,temporalpole,16583750,168,168.0
7201,,rh__temporalpole__22,Right,59,141,34,31,15,-38,temporalpole,11740079,119,119.0
7202,,rh__temporalpole__23,Right,60,135,43,30,9,-29,temporalpole,6317761,128,128.0
7203,,rh__temporalpole__24,Right,67,137,37,23,11,-35,temporalpole,15705709,198,198.0
7204,,rh__transversetemporal__1,Right,36,113,77,54,-13,5,transversetemporal,10595394,94,94.0
7205,,rh__transversetemporal__2,Right,48,107,79,42,-19,7,transversetemporal,451695,122,122.0
7206,,rh__transversetemporal__3,Right,47,106,74,43,-20,2,transversetemporal,14127604,76,76.0
7207,,rh__transversetemporal__4,Right,52,103,79,38,-23,7,transversetemporal,7617960,76,76.0
7208,,rh__transversetemporal__5,Right,45,102,82,45,-24,10,transversetemporal,15111197,81,81.0
7209,,rh__transversetemporal__6,Right,36,116,77,54,-10,5,transversetemporal,14371043,124,124.0
7210,,rh__transversetemporal__7,Right,50,104,76,40,-22,4,transversetemporal,4670284,61,61.0
7211,,rh__transversetemporal__8,Right,42,105,80,48,-21,8,transversetemporal,1307291,75,75.0
7212,,rh__transversetemporal__9,Right,44,110,73,46,-16,1,transversetemporal,14909545,101,101.0
7213,,rh__transversetemporal__10,Right,48,99,84,42,-27,12,transversetemporal,12513877,71,71.0
7214,,rh__transversetemporal__11,Right,54,101,85,36,-25,13,transversetemporal,3746291,99,99.0
7215,,rh__transversetemporal__12,Right,39,119,73,51,-7,1,transversetemporal,2058765,107,107.0
7216,,rh__transversetemporal__13,Right,48,102,85,42,-24,13,transversetemporal,5092408,153,153.0
7217,,rh__transversetemporal__14,Right,38,118,76,52,-8,4,transversetemporal,13386422,98,98.0
7218,,rh__transversetemporal__15,Right,38,110,77,52,-16,5,transversetemporal,5098245,67,67.0
7219,,rh__transversetemporal__16,Right,48,106,83,42,-20,11,transversetemporal,14871517,197,197.0
7220,,rh__transversetemporal__17,Right,54,102,82,36,-24,10,transversetemporal,16600042,68,68.0
7221,,rh__transversetemporal__18,Right,39,108,78,51,-18,6,transversetemporal,10893991,63,63.0
7222,,rh__transversetemporal__19,Right,45,110,78,45,-16,6,transversetemporal,1213997,133,133.0
7223,,rh__transversetemporal__20,Right,42,114,73,48,-12,1,transversetemporal,12566984,120,120.0
7224,,rh__transversetemporal__21,Right,42,110,82,48,-16,10,transversetemporal,9244264,120,120.0
7225,,rh__transversetemporal__22,Right,40,113,80,50,-13,8,transversetemporal,209222,125,125.0
7226,,rh__transversetemporal__23,Right,52,97,86,38,-29,14,transversetemporal,16190647,76,76.0
7227,,rh__transversetemporal__24,Right,43,106,83,47,-20,11,transversetemporal,7252512,121,121.0
7228,,rh__transversetemporal__25,Right,42,115,77,48,-11,5,transversetemporal,12532629,140,140.0
7229,,rh__transversetemporal__26,Right,53,99,87,37,-27,15,transversetemporal,4164768,91,91.0
7230,,rh__insula__1,Right,56,141,75,34,15,3,insula,12913376,108,108.0
7231,,rh__insula__2,Right,51,115,65,39,-11,-7,insula,11628468,52,52.0
7232,,rh__insula__3,Right,58,103,89,32,-23,17,insula,10485377,60,60.0
7233,,rh__insula__4,Right,54,133,52,36,7,-20,insula,5854271,51,51.0
7234,,rh__insula__5,Right,50,127,59,40,1,-13,insula,4035757,90,90.0
7235,,rh__insula__6,Right,55,129,82,35,3,10,insula,3384988,68,68.0
7236,,rh__insula__7,Right,58,141,78,32,15,6,insula,7746081,94,94.0
7237,,rh__insula__8,Right,52,113,66,38,-13,-6,insula,10012911,46,46.0
7238,,rh__insula__9,Right,53,107,73,37,-19,1,insula,15137745,63,63.0
7239,,rh__insula__10,Right,58,101,87,32,-25,15,insula,16581932,58,58.0
7240,,rh__insula__11,Right,49,123,71,41,-3,-1,insula,8830942,153,153.0
7241,,rh__insula__12,Right,52,111,68,38,-15,-4,insula,14049811,59,59.0
7242,,rh__insula__13,Right,56,103,80,34,-23,8,insula,15491038,52,52.0
7243,,rh__insula__14,Right,60,151,79,30,25,7,insula,13460611,75,75.0
7244,,rh__insula__15,Right,51,115,92,39,-11,20,insula,14150608,48,48.0
7245,,rh__insula__16,Right,51,106,91,39,-20,19,insula,3116154,99,99.0
7246,,rh__insula__17,Right,54,95,90,36,-31,18,insula,1385077,54,54.0
7247,,rh__insula__18,Right,50,143,69,40,17,-3,insula,5485659,304,304.0
7248,,rh__insula__19,Right,63,142,56,27,16,-16,insula,11853165,47,47.0
7249,,rh__insula__20,Right,55,148,70,35,22,-2,insula,5921042,179,179.0
7250,,rh__insula__21,Right,54,106,76,36,-20,4,insula,1155271,65,65.0
7251,,rh__insula__22,Right,51,122,61,39,-4,-11,insula,14622928,89,89.0
7252,,rh__insula__23,Right,51,123,89,39,-3,17,insula,13287985,58,58.0
7253,,rh__insula__24,Right,61,143,58,29,17,-14,insula,5636428,76,76.0
7254,,rh__insula__25,Right,54,130,86,36,4,14,insula,6492869,61,61.0
7255,,rh__insula__26,Right,58,144,61,32,18,-11,insula,9721823,163,163.0
7256,,rh__insula__27,Right,52,111,93,38,-15,21,insula,6408855,60,60.0
7257,,rh__insula__28,Right,49,127,71,41,1,-1,insula,6947772,173,173.0
7258,,rh__insula__29,Right,59,144,82,31,18,10,insula,15929985,72,72.0
7259,,rh__insula__30,Right,53,125,88,37,-1,16,insula,15770141,62,62.0
7260,,rh__insula__31,Right,50,123,75,40,-3,3,insula,6271029,113,113.0
7261,,rh__insula__32,Right,55,97,92,35,-29,20,insula,7677670,53,53.0
7262,,rh__insula__33,Right,52,131,54,38,5,-18,insula,1123441,68,68.0
7263,,rh__insula__34,Right,52,119,88,38,-7,16,insula,8429922,69,69.0
7264,,rh__insula__35,Right,52,108,70,38,-18,-2,insula,5164809,63,63.0
7265,,rh__insula__36,Right,55,104,77,35,-22,5,insula,4627322,57,57.0
7266,,rh__insula__37,Right,56,150,74,34,24,2,insula,11077946,184,184.0
7267,,rh__insula__38,Right,65,138,54,25,12,-18,insula,4813059,95,95.0
7268,,rh__insula__39,Right,51,117,63,39,-9,-9,insula,13280794,55,55.0
7269,,rh__insula__40,Right,53,117,91,37,-9,19,insula,14019479,55,55.0
7270,,rh__insula__41,Right,55,107,91,35,-19,19,insula,9224387,93,93.0
7271,,rh__insula__42,Right,55,145,67,35,19,-5,insula,8748755,155,155.0
7272,,rh__insula__43,Right,50,114,83,40,-12,11,insula,15584699,150,150.0
7273,,rh__insula__44,Right,60,147,81,30,21,9,insula,157558,84,84.0
7274,,rh__insula__45,Right,54,133,56,36,7,-16,insula,7660670,32,32.0
7275,,rh__insula__46,Right,50,125,61,40,-1,-11,insula,2099829,92,92.0
7276,,rh__insula__47,Right,54,126,84,36,0,12,insula,14644727,79,79.0
7277,,rh__insula__48,Right,57,133,49,33,7,-23,insula,11861437,69,69.0
7278,,rh__insula__49,Right,57,137,83,33,11,11,insula,12151256,91,91.0
7279,,rh__insula__50,Right,51,135,62,39,9,-10,insula,5013677,190,190.0
7280,,rh__insula__51,Right,55,132,84,35,6,12,insula,16427451,51,51.0
7281,,rh__insula__52,Right,57,103,84,33,-23,12,insula,8444489,49,49.0
7282,,rh__insula__53,Right,51,120,62,39,-6,-10,insula,14310831,66,66.0
7283,,rh__insula__54,Right,56,134,83,34,8,11,insula,3824985,59,59.0
7284,,rh__insula__55,Right,52,130,77,38,4,5,insula,10701678,108,108.0
7285,,rh__insula__56,Right,52,122,81,38,-4,9,insula,9032150,99,99.0
7286,,rh__insula__57,Right,51,110,83,39,-16,11,insula,2329624,119,119.0
7287,,rh__insula__58,Right,49,115,79,41,-11,7,insula,4278779,155,155.0
7288,,rh__insula__59,Right,53,138,72,37,12,0,insula,9035310,139,139.0
7289,,rh__insula__60,Right,51,129,56,39,3,-16,insula,1522955,73,73.0
7290,,rh__insula__61,Right,55,107,81,35,-19,9,insula,9885645,66,66.0
7291,,rh__insula__62,Right,49,132,65,41,6,-7,insula,12835891,201,201.0
7292,,rh__insula__63,Right,54,109,86,36,-17,14,insula,14927411,128,128.0
7293,,rh__insula__64,Right,49,120,77,41,-6,5,insula,4133311,142,142.0
7294,,rh__insula__65,Right,55,117,88,35,-9,16,insula,11773861,58,58.0
7295,,rh__insula__66,Right,54,127,87,36,1,15,insula,4674146,56,56.0
7296,,rh__insula__67,Right,55,103,92,35,-23,20,insula,10959853,75,75.0
7297,,rh__insula__68,Right,52,132,59,38,6,-13,insula,2448168,92,92.0
7298,,rh__insula__69,Right,47,119,72,43,-7,0,insula,4467339,151,151.0
7299,,rh__insula__70,Right,55,130,79,35,4,7,insula,14096432,80,80.0
7300,,rh__insula__71,Right,53,139,60,37,13,-12,insula,15365866,200,200.0
7301,,rh__insula__72,Right,49,126,79,41,0,7,insula,6351073,123,123.0
7302,,rh__insula__73,Right,50,129,61,40,3,-11,insula,11104730,88,88.0
7303,,rh__insula__74,Right,54,101,93,36,-25,21,insula,6705033,75,75.0
7304,,rh__insula__75,Right,58,140,82,32,14,10,insula,15748804,63,63.0
7305,,rh__insula__76,Right,52,111,74,38,-15,2,insula,5164705,102,102.0
7306,,rh__insula__77,Right,57,143,64,33,17,-8,insula,12346630,143,143.0
7307,,rh__insula__78,Right,51,132,74,39,6,2,insula,14000256,127,127.0
7308,,rh__insula__79,Right,49,116,73,41,-10,1,insula,11270104,128,128.0
7309,,rh__insula__80,Right,54,145,74,36,19,2,insula,15110591,205,205.0
7310,,rh__insula__81,Right,55,118,84,35,-8,12,insula,4925609,65,65.0
7311,,rh__insula__82,Right,50,128,66,40,2,-6,insula,11399481,153,153.0
7312,,rh__insula__83,Right,54,112,91,36,-14,19,insula,2684361,92,92.0
7313,,rh__insula__84,Right,51,125,81,39,-1,9,insula,9248652,118,118.0
7314,,rh__insula__85,Right,50,141,64,40,15,-8,insula,282734,427,427.0
7315,,rh__insula__86,Right,49,124,66,41,-2,-6,insula,7173421,159,159.0
7316,,rh__insula__87,Right,61,132,49,29,6,-23,insula,12224968,76,76.0
7317,,rh__insula__88,Right,54,109,78,36,-17,6,insula,6528164,82,82.0
7318,,rh__insula__89,Right,48,126,75,42,0,3,insula,8774040,150,150.0
7319,,rh__insula__90,Right,57,99,90,33,-27,18,insula,2879075,66,66.0
7320,,rh__insula__91,Right,53,123,85,37,-3,13,insula,4426912,78,78.0
7321,,rh__insula__92,Right,50,120,67,40,-6,-5,insula,4338892,154,154.0
7322,,rh__insula__93,Right,58,133,47,32,7,-25,insula,1256344,78,78.0
7323,,rh__insula__94,Right,53,114,88,37,-12,16,insula,13690450,98,98.0
7324,,rh__insula__95,Right,53,119,81,37,-7,9,insula,6788475,78,78.0
7325,,rh__insula__96,Right,56,107,89,34,-19,17,insula,13727724,64,64.0
7326,,rh__insula__97,Right,51,114,69,39,-12,-3,insula,10836769,94,94.0
7327,,rh__insula__98,Right,51,113,74,39,-13,2,insula,10524424,120,120.0
7328,,rh__insula__99,Right,49,137,68,41,11,-4,insula,9192936,288,288.0
7329,,rh__insula__100,Right,58,147,77,32,21,5,insula,2440695,144,144.0
7330,,rh__insula__101,Right,54,136,76,36,10,4,insula,13421905,138,138.0
7331,,rh__insula__102,Right,54,135,59,36,9,-13,insula,7797355,59,59.0
7332,,rh__insula__103,Right,49,117,78,41,-9,6,insula,10926412,115,115.0
7333,,rh__insula__104,Right,56,136,79,34,10,7,insula,13903455,104,104.0
7334,,rh__insula__105,Right,56,105,85,34,-21,13,insula,11611787,68,68.0
7335,,rh__insula__106,Right,52,114,85,38,-12,13,insula,6109303,109,109.0
7336,,rh__insula__107,Right,51,117,68,39,-9,-4,insula,3624861,109,109.0
7337,,rh__insula__108,Right,55,121,87,35,-5,15,insula,3595709,57,57.0
7338,,rh__insula__109,Right,51,112,79,39,-14,7,insula,1512554,93,93.0
7339,,rh__insula__110,Right,51,109,93,39,-17,21,insula,3260777,70,70.0
7340,,rh__insula__111,Right,49,132,70,41,6,-2,insula,12525100,215,215.0
